"playerID","yearID","stint","teamID","lgID","AB","HR","HRrate"
"aaronha01",1970,1,"ATL","NL",516,38,0.0736434108527132
"aaronha01",1971,1,"ATL","NL",495,47,0.094949494949495
"aaronha01",1972,1,"ATL","NL",449,34,0.0757238307349666
"aaronha01",1973,1,"ATL","NL",392,40,0.102040816326531
"aaronha01",1974,1,"ATL","NL",340,20,0.0588235294117647
"aaronha01",1975,1,"ML4","AL",465,12,0.0258064516129032
"aaronha01",1976,1,"ML4","AL",271,10,0.03690036900369
"abbotje01",1998,1,"CHA","AL",244,12,0.0491803278688525
"abbotje01",2000,1,"CHA","AL",215,3,0.013953488372093
"abbotku01",1994,1,"FLO","NL",345,9,0.0260869565217391
"abbotku01",1995,1,"FLO","NL",420,17,0.0404761904761905
"abbotku01",1996,1,"FLO","NL",320,8,0.025
"abbotku01",1997,1,"FLO","NL",252,6,0.0238095238095238
"abbotku01",1999,1,"COL","NL",286,8,0.027972027972028
"abercre01",2006,1,"FLO","NL",255,5,0.0196078431372549
"abernbr01",2001,1,"TBA","AL",304,5,0.0164473684210526
"abernbr01",2002,1,"TBA","AL",463,2,0.00431965442764579
"abnersh01",1992,1,"CHA","AL",208,1,0.00480769230769231
"abramcj01",2023,1,"WAS","NL",563,18,0.0319715808170515
"abramcj01",2024,1,"WAS","NL",541,20,0.0369685767097967
"abramcj01",2025,1,"WAS","NL",580,19,0.0327586206896552
"abreubo01",1998,1,"PHI","NL",497,17,0.03420523138833
"abreubo01",1999,1,"PHI","NL",546,20,0.0366300366300366
"abreubo01",2000,1,"PHI","NL",576,25,0.0434027777777778
"abreubo01",2001,1,"PHI","NL",588,31,0.0527210884353742
"abreubo01",2002,1,"PHI","NL",572,20,0.034965034965035
"abreubo01",2003,1,"PHI","NL",577,20,0.0346620450606586
"abreubo01",2004,1,"PHI","NL",574,30,0.0522648083623693
"abreubo01",2005,1,"PHI","NL",588,24,0.0408163265306122
"abreubo01",2006,1,"PHI","NL",339,8,0.023598820058997
"abreubo01",2006,2,"NYA","AL",209,7,0.0334928229665072
"abreubo01",2007,1,"NYA","AL",605,16,0.0264462809917355
"abreubo01",2008,1,"NYA","AL",609,20,0.0328407224958949
"abreubo01",2009,1,"LAA","AL",563,15,0.0266429840142096
"abreubo01",2010,1,"LAA","AL",573,20,0.0349040139616056
"abreubo01",2011,1,"LAA","AL",502,8,0.0159362549800797
"abreujo02",2014,1,"CHA","AL",556,36,0.0647482014388489
"abreujo02",2015,1,"CHA","AL",613,30,0.0489396411092985
"abreujo02",2016,1,"CHA","AL",624,25,0.0400641025641026
"abreujo02",2017,1,"CHA","AL",621,33,0.0531400966183575
"abreujo02",2018,1,"CHA","AL",499,22,0.0440881763527054
"abreujo02",2019,1,"CHA","AL",634,33,0.0520504731861199
"abreujo02",2020,1,"CHA","AL",240,19,0.0791666666666667
"abreujo02",2021,1,"CHA","AL",566,30,0.0530035335689046
"abreujo02",2022,1,"CHA","AL",601,15,0.0249584026622296
"abreujo02",2023,1,"HOU","AL",540,18,0.0333333333333333
"abreuwi02",2024,1,"BOS","AL",399,15,0.037593984962406
"abreuwi02",2025,1,"BOS","AL",373,22,0.0589812332439678
"ackledu01",2011,1,"SEA","AL",333,6,0.018018018018018
"ackledu01",2012,1,"SEA","AL",607,12,0.0197693574958814
"ackledu01",2013,1,"SEA","AL",384,4,0.0104166666666667
"ackledu01",2014,1,"SEA","AL",502,14,0.0278884462151394
"acunaro01",2018,1,"ATL","NL",433,26,0.0600461893764434
"acunaro01",2019,1,"ATL","NL",626,41,0.0654952076677316
"acunaro01",2021,1,"ATL","NL",297,24,0.0808080808080808
"acunaro01",2022,1,"ATL","NL",467,15,0.0321199143468951
"acunaro01",2023,1,"ATL","NL",643,41,0.0637636080870918
"acunaro01",2025,1,"ATL","NL",338,21,0.0621301775147929
"adamecr01",2016,1,"COL","NL",225,2,0.00888888888888889
"adamewi01",2018,1,"TBA","AL",288,10,0.0347222222222222
"adamewi01",2019,1,"TBA","AL",531,20,0.0376647834274953
"adamewi01",2021,2,"MIL","NL",365,20,0.0547945205479452
"adamewi01",2022,1,"MIL","NL",563,31,0.0550621669626998
"adamewi01",2023,1,"MIL","NL",553,24,0.0433996383363472
"adamewi01",2024,1,"MIL","NL",610,32,0.0524590163934426
"adamewi01",2025,1,"SFN","NL",591,30,0.050761421319797
"adamsgl01",1977,1,"MIN","AL",269,6,0.0223048327137546
"adamsgl01",1978,1,"MIN","AL",310,7,0.0225806451612903
"adamsgl01",1979,1,"MIN","AL",326,8,0.0245398773006135
"adamsgl01",1980,1,"MIN","AL",262,6,0.0229007633587786
"adamsgl01",1981,1,"MIN","AL",220,2,0.00909090909090909
"adamsma01",2013,1,"SLN","NL",296,17,0.0574324324324324
"adamsma01",2014,1,"SLN","NL",527,15,0.0284629981024668
"adamsma01",2016,1,"SLN","NL",297,16,0.0538720538720539
"adamsma01",2017,2,"ATL","NL",291,19,0.0652920962199313
"adamsma01",2018,1,"WAS","NL",249,18,0.072289156626506
"adamsma01",2019,1,"WAS","NL",310,20,0.0645161290322581
"adamsri03",2025,1,"WAS","NL",263,8,0.0304182509505703
"adamsru01",2005,1,"TOR","AL",481,8,0.0166320166320166
"adamsru01",2006,1,"TOR","AL",251,3,0.0119521912350598
"adelljo01",2022,1,"LAA","AL",268,8,0.0298507462686567
"adelljo01",2024,1,"LAA","AL",405,20,0.0493827160493827
"adelljo01",2025,1,"LAA","AL",526,37,0.0703422053231939
"adriaeh01",2018,1,"MIN","AL",335,6,0.017910447761194
"adriaeh01",2019,1,"MIN","AL",202,5,0.0247524752475248
"agbaybe01",1999,1,"NYN","NL",276,14,0.0507246376811594
"agbaybe01",2000,1,"NYN","NL",350,15,0.0428571428571429
"agbaybe01",2001,1,"NYN","NL",296,6,0.0202702702702703
"ageeto01",1970,1,"NYN","NL",636,24,0.0377358490566038
"ageeto01",1971,1,"NYN","NL",425,14,0.0329411764705882
"ageeto01",1972,1,"NYN","NL",422,13,0.0308056872037915
"ageeto01",1973,1,"HOU","NL",204,8,0.0392156862745098
"aguaylu01",1987,1,"PHI","NL",209,12,0.0574162679425837
"aguilje01",2017,1,"MIL","NL",279,16,0.0573476702508961
"aguilje01",2018,1,"MIL","NL",492,35,0.0711382113821138
"aguilje01",2019,1,"MIL","NL",222,8,0.036036036036036
"aguilje01",2021,1,"MIA","NL",449,22,0.0489977728285078
"aguilje01",2022,1,"MIA","NL",415,15,0.036144578313253
"ahmedni01",2015,1,"ARI","NL",421,9,0.0213776722090261
"ahmedni01",2016,1,"ARI","NL",284,4,0.0140845070422535
"ahmedni01",2018,1,"ARI","NL",516,16,0.0310077519379845
"ahmedni01",2019,1,"ARI","NL",556,19,0.0341726618705036
"ahmedni01",2021,1,"ARI","NL",434,5,0.0115207373271889
"aikenwi01",1979,1,"CAL","AL",379,21,0.0554089709762533
"aikenwi01",1980,1,"KCA","AL",543,20,0.0368324125230203
"aikenwi01",1981,1,"KCA","AL",349,17,0.0487106017191977
"aikenwi01",1982,1,"KCA","AL",466,17,0.036480686695279
"aikenwi01",1983,1,"KCA","AL",410,23,0.0560975609756098
"aikenwi01",1984,1,"TOR","AL",234,11,0.047008547008547
"aingeda01",1979,1,"TOR","AL",308,2,0.00649350649350649
"alberha01",2019,1,"BAL","AL",524,12,0.0229007633587786
"alberha01",2020,1,"BAL","AL",219,3,0.0136986301369863
"alberha01",2021,1,"KCA","AL",241,2,0.00829875518672199
"albieoz01",2017,1,"ATL","NL",217,6,0.0276497695852535
"albieoz01",2018,1,"ATL","NL",639,24,0.0375586854460094
"albieoz01",2019,1,"ATL","NL",640,24,0.0375
"albieoz01",2021,1,"ATL","NL",629,30,0.0476947535771065
"albieoz01",2022,1,"ATL","NL",247,8,0.0323886639676113
"albieoz01",2023,1,"ATL","NL",596,33,0.0553691275167785
"albieoz01",2024,1,"ATL","NL",399,10,0.025062656641604
"albieoz01",2025,1,"ATL","NL",603,16,0.0265339966832504
"alcanar01",2014,1,"CHN","NL",278,10,0.0359712230215827
"alcanse01",2021,1,"CHN","NL",220,5,0.0227272727272727
"aldremi01",1986,1,"SFN","NL",216,2,0.00925925925925926
"aldremi01",1987,1,"SFN","NL",357,9,0.0252100840336134
"aldremi01",1988,1,"SFN","NL",389,3,0.0077120822622108
"aldremi01",1993,1,"OAK","AL",255,10,0.0392156862745098
"alexabl01",2025,1,"ARI","NL",230,7,0.0304347826086957
"alexaga01",1978,2,"CLE","AL",324,17,0.0524691358024691
"alexaga01",1979,1,"CLE","AL",358,15,0.0418994413407821
"alexama02",1995,1,"BAL","AL",242,3,0.012396694214876
"alexama02",1998,1,"CHN","NL",264,5,0.0189393939393939
"alfarjo01",2018,1,"PHI","NL",344,10,0.0290697674418605
"alfarjo01",2019,1,"MIA","NL",431,18,0.0417633410672854
"alfarjo01",2021,1,"MIA","NL",295,4,0.0135593220338983
"alfarjo01",2022,1,"SDN","NL",256,7,0.02734375
"alfoned01",1995,1,"NYN","NL",335,4,0.0119402985074627
"alfoned01",1996,1,"NYN","NL",368,4,0.0108695652173913
"alfoned01",1997,1,"NYN","NL",518,10,0.0193050193050193
"alfoned01",1998,1,"NYN","NL",557,17,0.0305206463195691
"alfoned01",1999,1,"NYN","NL",628,27,0.0429936305732484
"alfoned01",2000,1,"NYN","NL",544,25,0.0459558823529412
"alfoned01",2001,1,"NYN","NL",457,17,0.037199124726477
"alfoned01",2002,1,"NYN","NL",490,16,0.0326530612244898
"alfoned01",2003,1,"SFN","NL",514,13,0.0252918287937743
"alfoned01",2004,1,"SFN","NL",519,11,0.0211946050096339
"alfoned01",2005,1,"SFN","NL",368,2,0.00543478260869565
"alfonel01",2006,1,"SFN","NL",286,12,0.041958041958042
"alicelu01",1988,1,"SLN","NL",297,1,0.00336700336700337
"alicelu01",1992,1,"SLN","NL",265,2,0.00754716981132075
"alicelu01",1993,1,"SLN","NL",362,3,0.00828729281767956
"alicelu01",1994,1,"SLN","NL",205,5,0.024390243902439
"alicelu01",1995,1,"BOS","AL",419,6,0.0143198090692124
"alicelu01",1996,1,"SLN","NL",380,5,0.0131578947368421
"alicelu01",1997,1,"ANA","AL",388,5,0.0128865979381443
"alicelu01",1998,1,"TEX","AL",259,6,0.0231660231660232
"alicelu01",2000,1,"TEX","AL",540,6,0.0111111111111111
"alicelu01",2001,1,"KCA","AL",387,4,0.0103359173126615
"alicelu01",2002,1,"KCA","AL",237,1,0.00421940928270042
"allanan01",1986,1,"CLE","AL",293,1,0.00341296928327645
"allanan01",1988,1,"CLE","AL",434,5,0.0115207373271889
"allanan01",1989,1,"CLE","AL",323,3,0.00928792569659443
"allenbe01",1970,1,"WS2","AL",261,8,0.0306513409961686
"allenbe01",1971,1,"WS2","AL",229,4,0.0174672489082969
"allenbe01",1972,1,"NYA","AL",220,9,0.0409090909090909
"allench01",1999,1,"MIN","AL",481,10,0.0207900207900208
"allendi01",1970,1,"SLN","NL",459,34,0.0740740740740741
"allendi01",1971,1,"LAN","NL",549,23,0.0418943533697632
"allendi01",1972,1,"CHA","AL",506,37,0.0731225296442688
"allendi01",1973,1,"CHA","AL",250,16,0.064
"allendi01",1974,1,"CHA","AL",462,32,0.0692640692640693
"allendi01",1975,1,"PHI","NL",416,12,0.0288461538461539
"allendi01",1976,1,"PHI","NL",298,15,0.0503355704697987
"allenga01",1979,1,"BOS","AL",241,3,0.012448132780083
"allenga01",1982,1,"BOS","AL",264,6,0.0227272727272727
"allenga01",1983,1,"BOS","AL",230,3,0.0130434782608696
"allengr01",2018,1,"CLE","AL",265,2,0.00754716981132075
"allengr01",2019,1,"CLE","AL",231,4,0.0173160173160173
"allenja02",1983,1,"SEA","AL",273,4,0.0146520146520147
"allenje01",1996,1,"PIT","NL",229,4,0.0174672489082969
"allenje01",1997,1,"PIT","NL",369,3,0.00813008130081301
"allenje01",1998,1,"PIT","NL",233,3,0.0128755364806867
"allenni02",2022,1,"OAK","AL",299,4,0.0133779264214047
"allenni02",2023,1,"OAK","AL",303,4,0.0132013201320132
"alleyge01",1970,1,"PIT","NL",426,8,0.0187793427230047
"alleyge01",1971,1,"PIT","NL",348,6,0.0172413793103448
"alleyge01",1972,1,"PIT","NL",347,3,0.00864553314121038
"almonbi01",1977,1,"SDN","NL",613,2,0.0032626427406199
"almonbi01",1981,1,"CHA","AL",349,4,0.0114613180515759
"almonbi01",1982,1,"CHA","AL",308,4,0.012987012987013
"almonbi01",1983,1,"OAK","AL",451,4,0.00886917960088692
"almonbi01",1984,1,"OAK","AL",211,7,0.033175355450237
"almonbi01",1985,1,"PIT","NL",244,6,0.0245901639344262
"almoral01",2017,1,"CHN","NL",299,8,0.0267558528428094
"almoral01",2018,1,"CHN","NL",444,5,0.0112612612612613
"almoral01",2019,1,"CHN","NL",339,12,0.0353982300884956
"almoral01",2022,1,"CIN","NL",215,5,0.0232558139534884
"alomaro01",1988,1,"SDN","NL",545,9,0.0165137614678899
"alomaro01",1989,1,"SDN","NL",623,7,0.0112359550561798
"alomaro01",1990,1,"SDN","NL",586,6,0.0102389078498294
"alomaro01",1991,1,"TOR","AL",637,9,0.0141287284144427
"alomaro01",1992,1,"TOR","AL",571,8,0.0140105078809107
"alomaro01",1993,1,"TOR","AL",589,17,0.0288624787775891
"alomaro01",1994,1,"TOR","AL",392,8,0.0204081632653061
"alomaro01",1995,1,"TOR","AL",517,13,0.0251450676982592
"alomaro01",1996,1,"BAL","AL",588,22,0.0374149659863946
"alomaro01",1997,1,"BAL","AL",412,14,0.0339805825242718
"alomaro01",1998,1,"BAL","AL",588,14,0.0238095238095238
"alomaro01",1999,1,"CLE","AL",563,24,0.0426287744227353
"alomaro01",2000,1,"CLE","AL",610,19,0.0311475409836066
"alomaro01",2001,1,"CLE","AL",575,20,0.0347826086956522
"alomaro01",2002,1,"NYN","NL",590,11,0.0186440677966102
"alomaro01",2003,1,"NYN","NL",263,2,0.00760456273764258
"alomaro01",2003,2,"CHA","AL",253,3,0.0118577075098814
"alomasa01",1970,1,"CAL","AL",672,2,0.00297619047619048
"alomasa01",1971,1,"CAL","AL",689,4,0.0058055152394775
"alomasa01",1972,1,"CAL","AL",610,1,0.00163934426229508
"alomasa01",1974,2,"NYA","AL",279,1,0.003584229390681
"alomasa01",1975,1,"NYA","AL",489,2,0.00408997955010225
"alomasa02",1990,1,"CLE","AL",445,9,0.0202247191011236
"alomasa02",1992,1,"CLE","AL",299,2,0.00668896321070234
"alomasa02",1993,1,"CLE","AL",215,6,0.027906976744186
"alomasa02",1994,1,"CLE","AL",292,14,0.047945205479452
"alomasa02",1995,1,"CLE","AL",203,10,0.0492610837438424
"alomasa02",1996,1,"CLE","AL",418,11,0.0263157894736842
"alomasa02",1997,1,"CLE","AL",451,21,0.0465631929046563
"alomasa02",1998,1,"CLE","AL",409,6,0.0146699266503667
"alomasa02",2000,1,"CLE","AL",356,7,0.0196629213483146
"alomasa02",2001,1,"CHA","AL",220,4,0.0181818181818182
"alonspe01",2019,1,"NYN","NL",597,53,0.0887772194304858
"alonspe01",2020,1,"NYN","NL",208,16,0.0769230769230769
"alonspe01",2021,1,"NYN","NL",561,37,0.0659536541889483
"alonspe01",2022,1,"NYN","NL",597,40,0.067001675041876
"alonspe01",2023,1,"NYN","NL",568,46,0.0809859154929578
"alonspe01",2024,1,"NYN","NL",608,34,0.055921052631579
"alonspe01",2025,1,"NYN","NL",624,38,0.0608974358974359
"alonsyo01",2012,1,"SDN","NL",549,9,0.0163934426229508
"alonsyo01",2013,1,"SDN","NL",334,6,0.0179640718562874
"alonsyo01",2014,1,"SDN","NL",267,7,0.0262172284644195
"alonsyo01",2015,1,"SDN","NL",354,5,0.0141242937853107
"alonsyo01",2016,1,"OAK","AL",482,7,0.0145228215767635
"alonsyo01",2017,1,"OAK","AL",319,22,0.0689655172413793
"alonsyo01",2018,1,"CLE","AL",516,23,0.0445736434108527
"alonsyo01",2019,1,"CHA","AL",219,7,0.0319634703196347
"aloufe01",1970,1,"OAK","AL",575,8,0.0139130434782609
"aloufe01",1971,2,"NYA","AL",461,8,0.017353579175705
"aloufe01",1972,1,"NYA","AL",324,6,0.0185185185185185
"aloufe01",1973,1,"NYA","AL",280,4,0.0142857142857143
"alouje01",1970,1,"HOU","NL",458,1,0.00218340611353712
"alouje01",1971,1,"HOU","NL",433,2,0.0046189376443418
"alouje01",1974,1,"OAK","AL",220,2,0.00909090909090909
"alouma01",1970,1,"PIT","NL",677,1,0.00147710487444609
"alouma01",1971,1,"SLN","NL",609,7,0.0114942528735632
"alouma01",1972,1,"SLN","NL",404,3,0.00742574257425743
"alouma01",1973,1,"NYA","AL",497,2,0.00402414486921529
"aloumo01",1992,1,"MON","NL",341,9,0.0263929618768328
"aloumo01",1993,1,"MON","NL",482,18,0.037344398340249
"aloumo01",1994,1,"MON","NL",422,22,0.0521327014218009
"aloumo01",1995,1,"MON","NL",344,14,0.0406976744186047
"aloumo01",1996,1,"MON","NL",540,21,0.0388888888888889
"aloumo01",1997,1,"FLO","NL",538,23,0.0427509293680297
"aloumo01",1998,1,"HOU","NL",584,38,0.0650684931506849
"aloumo01",2000,1,"HOU","NL",454,30,0.066079295154185
"aloumo01",2001,1,"HOU","NL",513,27,0.0526315789473684
"aloumo01",2002,1,"CHN","NL",484,15,0.0309917355371901
"aloumo01",2003,1,"CHN","NL",565,22,0.0389380530973451
"aloumo01",2004,1,"CHN","NL",601,39,0.064891846921797
"aloumo01",2005,1,"SFN","NL",427,19,0.0444964871194379
"aloumo01",2006,1,"SFN","NL",345,22,0.063768115942029
"aloumo01",2007,1,"NYN","NL",328,13,0.0396341463414634
"altheaa01",2017,1,"PHI","NL",372,19,0.0510752688172043
"altheaa01",2018,1,"PHI","NL",243,8,0.0329218106995885
"altuvjo01",2011,1,"HOU","NL",221,2,0.00904977375565611
"altuvjo01",2012,1,"HOU","NL",576,7,0.0121527777777778
"altuvjo01",2013,1,"HOU","AL",626,5,0.00798722044728434
"altuvjo01",2014,1,"HOU","AL",660,7,0.0106060606060606
"altuvjo01",2015,1,"HOU","AL",638,15,0.0235109717868339
"altuvjo01",2016,1,"HOU","AL",640,24,0.0375
"altuvjo01",2017,1,"HOU","AL",590,24,0.0406779661016949
"altuvjo01",2018,1,"HOU","AL",534,13,0.0243445692883895
"altuvjo01",2019,1,"HOU","AL",500,31,0.062
"altuvjo01",2021,1,"HOU","AL",601,31,0.0515806988352745
"altuvjo01",2022,1,"HOU","AL",527,28,0.0531309297912713
"altuvjo01",2023,1,"HOU","AL",360,17,0.0472222222222222
"altuvjo01",2024,1,"HOU","AL",628,20,0.0318471337579618
"altuvjo01",2025,1,"HOU","AL",588,26,0.0442176870748299
"alvarfr01",2023,1,"NYN","NL",382,25,0.0654450261780105
"alvarfr01",2024,1,"NYN","NL",308,11,0.0357142857142857
"alvarfr01",2025,1,"NYN","NL",246,11,0.0447154471544715
"alvarlu01",1972,1,"CHA","AL",254,4,0.015748031496063
"alvarpe01",2010,1,"PIT","NL",347,16,0.0461095100864553
"alvarpe01",2011,1,"PIT","NL",235,4,0.0170212765957447
"alvarpe01",2012,1,"PIT","NL",525,30,0.0571428571428571
"alvarpe01",2013,1,"PIT","NL",558,36,0.0645161290322581
"alvarpe01",2014,1,"PIT","NL",398,18,0.0452261306532663
"alvarpe01",2015,1,"PIT","NL",437,27,0.0617848970251716
"alvarpe01",2016,1,"BAL","AL",337,22,0.0652818991097923
"alvaryo01",2019,1,"HOU","AL",313,27,0.0862619808306709
"alvaryo01",2021,1,"HOU","AL",537,33,0.0614525139664805
"alvaryo01",2022,1,"HOU","AL",470,37,0.0787234042553191
"alvaryo01",2023,1,"HOU","AL",410,31,0.075609756097561
"alvaryo01",2024,1,"HOU","AL",552,35,0.0634057971014493
"alyeabr01",1970,1,"MIN","AL",258,16,0.062015503875969
"amarari01",1993,1,"SEA","AL",373,1,0.00268096514745308
"amarari01",1994,1,"SEA","AL",228,4,0.0175438596491228
"amarari01",1995,1,"SEA","AL",238,2,0.00840336134453781
"amarari01",1996,1,"SEA","AL",312,1,0.0032051282051282
"amarial01",2012,2,"SDN","NL",275,5,0.0181818181818182
"amarial01",2013,1,"SDN","NL",368,5,0.0135869565217391
"amarial01",2014,1,"SDN","NL",423,5,0.0118203309692671
"amarial01",2015,1,"SDN","NL",324,3,0.00925925925925926
"amaroru02",1992,1,"PHI","NL",374,7,0.018716577540107
"amayami01",2024,1,"CHN","NL",328,8,0.024390243902439
"amezaal01",2006,1,"FLO","NL",334,3,0.00898203592814371
"amezaal01",2007,1,"FLO","NL",400,2,0.005
"amezaal01",2008,1,"FLO","NL",311,3,0.00964630225080386
"anderbr01",1989,1,"BAL","AL",266,4,0.0150375939849624
"anderbr01",1990,1,"BAL","AL",234,3,0.0128205128205128
"anderbr01",1991,1,"BAL","AL",256,2,0.0078125
"anderbr01",1992,1,"BAL","AL",623,21,0.0337078651685393
"anderbr01",1993,1,"BAL","AL",560,13,0.0232142857142857
"anderbr01",1994,1,"BAL","AL",453,12,0.0264900662251656
"anderbr01",1995,1,"BAL","AL",554,16,0.0288808664259928
"anderbr01",1996,1,"BAL","AL",579,50,0.0863557858376511
"anderbr01",1997,1,"BAL","AL",590,18,0.0305084745762712
"anderbr01",1998,1,"BAL","AL",479,18,0.0375782881002088
"anderbr01",1999,1,"BAL","AL",564,24,0.0425531914893617
"anderbr01",2000,1,"BAL","AL",506,19,0.0375494071146245
"anderbr01",2001,1,"BAL","AL",430,8,0.0186046511627907
"anderbr03",2006,1,"CHA","AL",365,8,0.0219178082191781
"anderbr06",2018,1,"MIA","NL",590,11,0.0186440677966102
"anderbr06",2019,1,"MIA","NL",459,20,0.0435729847494553
"anderbr06",2020,1,"MIA","NL",200,11,0.055
"anderbr06",2021,1,"MIA","NL",233,7,0.0300429184549356
"anderbr06",2022,1,"MIA","NL",338,8,0.0236686390532544
"anderbr06",2023,1,"MIL","NL",318,9,0.0283018867924528
"anderda02",1984,1,"LAN","NL",374,3,0.00802139037433155
"anderda02",1985,1,"LAN","NL",221,4,0.0180995475113122
"anderda02",1986,1,"LAN","NL",216,1,0.00462962962962963
"anderda02",1987,1,"LAN","NL",265,1,0.00377358490566038
"anderda02",1988,1,"LAN","NL",285,2,0.00701754385964912
"anderda02",1991,1,"SFN","NL",226,2,0.00884955752212390
"anderga01",1995,1,"CAL","AL",374,16,0.0427807486631016
"anderga01",1996,1,"CAL","AL",607,12,0.0197693574958814
"anderga01",1997,1,"ANA","AL",624,8,0.0128205128205128
"anderga01",1998,1,"ANA","AL",622,15,0.0241157556270096
"anderga01",1999,1,"ANA","AL",620,21,0.0338709677419355
"anderga01",2000,1,"ANA","AL",647,35,0.0540958268933539
"anderga01",2001,1,"ANA","AL",672,28,0.0416666666666667
"anderga01",2002,1,"ANA","AL",638,29,0.0454545454545455
"anderga01",2003,1,"ANA","AL",638,29,0.0454545454545455
"anderga01",2004,1,"ANA","AL",442,14,0.0316742081447964
"anderga01",2005,1,"LAA","AL",575,17,0.0295652173913044
"anderga01",2006,1,"LAA","AL",543,17,0.0313075506445672
"anderga01",2007,1,"LAA","AL",417,16,0.0383693045563549
"anderga01",2008,1,"LAA","AL",557,15,0.0269299820466786
"anderga01",2009,1,"ATL","NL",496,13,0.0262096774193548
"anderji01",1979,1,"CAL","AL",234,3,0.0128205128205128
"anderji01",1980,1,"SEA","AL",317,8,0.0252365930599369
"anderma02",1999,1,"PHI","NL",452,5,0.0110619469026549
"anderma02",2001,1,"PHI","NL",522,11,0.0210727969348659
"anderma02",2002,1,"PHI","NL",539,8,0.0148423005565863
"anderma02",2003,1,"TBA","AL",482,6,0.012448132780083
"anderma02",2004,1,"SLN","NL",253,8,0.0316205533596838
"anderma02",2005,1,"NYN","NL",235,7,0.0297872340425532
"anderma02",2006,1,"WAS","NL",215,5,0.0232558139534884
"andermi01",1974,1,"PHI","NL",395,5,0.0126582278481013
"andermi01",1975,1,"PHI","NL",247,4,0.0161943319838057
"anderti01",2016,1,"CHA","AL",410,9,0.0219512195121951
"anderti01",2017,1,"CHA","AL",587,17,0.0289608177172061
"anderti01",2018,1,"CHA","AL",567,20,0.0352733686067019
"anderti01",2019,1,"CHA","AL",498,18,0.036144578313253
"anderti01",2020,1,"CHA","AL",208,10,0.0480769230769231
"anderti01",2021,1,"CHA","AL",527,17,0.032258064516129
"anderti01",2022,1,"CHA","AL",332,6,0.0180722891566265
"anderti01",2023,1,"CHA","AL",493,1,0.00202839756592292
"andinro01",2011,1,"BAL","AL",457,5,0.0109409190371991
"andinro01",2012,1,"BAL","AL",384,7,0.0182291666666667
"andremi01",1970,1,"BOS","AL",589,17,0.0288624787775891
"andremi01",1971,1,"CHA","AL",330,12,0.0363636363636364
"andremi01",1972,1,"CHA","AL",505,7,0.0138613861386139
"andresh01",1995,1,"MON","NL",220,8,0.0363636363636364
"andresh01",1996,1,"MON","NL",375,19,0.0506666666666667
"andresh01",1998,1,"MON","NL",492,25,0.0508130081300813
"andresh01",1999,1,"MON","NL",281,11,0.0391459074733096
"andruel01",2009,1,"TEX","AL",480,6,0.0125
"andruel01",2011,1,"TEX","AL",587,5,0.00851788756388416
"andruel01",2012,1,"TEX","AL",629,3,0.00476947535771065
"andruel01",2013,1,"TEX","AL",620,4,0.00645161290322581
"andruel01",2014,1,"TEX","AL",619,2,0.00323101777059774
"andruel01",2015,1,"TEX","AL",596,7,0.011744966442953
"andruel01",2016,1,"TEX","AL",506,8,0.0158102766798419
"andruel01",2017,1,"TEX","AL",643,20,0.031104199066874
"andruel01",2018,1,"TEX","AL",395,6,0.0151898734177215
"andruel01",2019,1,"TEX","AL",600,12,0.02
"andruel01",2021,1,"OAK","AL",497,3,0.00603621730382294
"andruel01",2022,1,"OAK","AL",354,8,0.0225988700564972
"andruel01",2023,1,"CHA","AL",374,6,0.0160427807486631
"andujmi01",2018,1,"NYA","AL",573,27,0.0471204188481675
"andujmi01",2024,1,"OAK","AL",302,4,0.0132450331125828
"andujmi01",2025,1,"ATH","AL",218,6,0.0275229357798165
"ankieri01",2008,1,"SLN","NL",413,25,0.0605326876513317
"ankieri01",2009,1,"SLN","NL",372,11,0.0295698924731183
"ankieri01",2011,1,"WAS","NL",380,9,0.0236842105263158
"anthoer01",1990,1,"HOU","NL",239,10,0.0418410041841004
"anthoer01",1992,1,"HOU","NL",440,19,0.0431818181818182
"anthoer01",1993,1,"HOU","NL",486,15,0.0308641975308642
"anthoer01",1994,1,"SEA","AL",262,10,0.0381679389312977
"anthoro01",2025,1,"BOS","AL",257,8,0.0311284046692607
"aokino01",2012,1,"MIL","NL",520,10,0.0192307692307692
"aokino01",2013,1,"MIL","NL",597,8,0.0134003350083752
"aokino01",2014,1,"KCA","AL",491,1,0.00203665987780041
"aokino01",2015,1,"SFN","NL",355,5,0.0140845070422535
"aokino01",2016,1,"SEA","AL",417,4,0.00959232613908873
"aokino01",2017,1,"HOU","AL",202,2,0.0099009900990099
"aparilu01",1970,1,"CHA","AL",552,5,0.00905797101449275
"aparilu01",1971,1,"BOS","AL",491,4,0.00814663951120163
"aparilu01",1972,1,"BOS","AL",436,3,0.00688073394495413
"aquinar01",2019,1,"CIN","NL",205,19,0.0926829268292683
"aquinar01",2022,1,"CIN","NL",259,10,0.0386100386100386
"arandjo01",2025,1,"TBA","AL",370,14,0.0378378378378378
"arciaor01",2016,1,"MIL","NL",201,4,0.0199004975124378
"arciaor01",2017,1,"MIL","NL",506,15,0.0296442687747036
"arciaor01",2018,1,"MIL","NL",348,3,0.00862068965517241
"arciaor01",2019,1,"MIL","NL",494,15,0.0303643724696356
"arciaor01",2022,1,"ATL","NL",209,9,0.0430622009569378
"arciaor01",2023,1,"ATL","NL",488,17,0.0348360655737705
"arciaor01",2024,1,"ATL","NL",551,17,0.0308529945553539
"arciaos01",2013,1,"MIN","AL",351,14,0.0398860398860399
"arciaos01",2014,1,"MIN","AL",372,20,0.0537634408602151
"ardoida01",2005,1,"COL","NL",210,6,0.0285714285714286
"arenano01",2013,1,"COL","NL",486,10,0.0205761316872428
"arenano01",2014,1,"COL","NL",432,18,0.0416666666666667
"arenano01",2015,1,"COL","NL",616,42,0.0681818181818182
"arenano01",2016,1,"COL","NL",618,41,0.0663430420711974
"arenano01",2017,1,"COL","NL",606,37,0.0610561056105611
"arenano01",2018,1,"COL","NL",590,38,0.064406779661017
"arenano01",2019,1,"COL","NL",588,41,0.0697278911564626
"arenano01",2021,1,"SLN","NL",593,34,0.0573355817875211
"arenano01",2022,1,"SLN","NL",557,30,0.0538599640933573
"arenano01",2023,1,"SLN","NL",560,26,0.0464285714285714
"arenano01",2024,1,"SLN","NL",578,16,0.027681660899654
"arenano01",2025,1,"SLN","NL",401,12,0.029925187032419
"arencjp01",2011,1,"TOR","AL",443,23,0.0519187358916478
"arencjp01",2012,1,"TOR","AL",347,18,0.0518731988472623
"arencjp01",2013,1,"TOR","AL",474,21,0.0443037974683544
"arencjp01",2014,1,"TEX","AL",203,10,0.0492610837438424
"ariasal01",1993,1,"FLO","NL",249,2,0.00803212851405623
"ariasal01",1995,1,"FLO","NL",216,3,0.0138888888888889
"ariasal01",1996,1,"FLO","NL",224,3,0.0133928571428571
"ariasal01",1999,1,"PHI","NL",347,4,0.0115273775216138
"ariasga01",2023,1,"CLE","AL",315,10,0.0317460317460317
"ariasga01",2025,1,"CLE","AL",432,11,0.025462962962963
"ariasge01",1996,1,"CAL","AL",252,6,0.0238095238095238
"ariasjo01",2012,1,"SFN","NL",319,5,0.0156739811912226
"ariasjo01",2013,1,"SFN","NL",225,1,0.00444444444444444
"armasto01",1977,1,"OAK","AL",363,13,0.0358126721763085
"armasto01",1978,1,"OAK","AL",239,2,0.00836820083682008
"armasto01",1979,1,"OAK","AL",278,11,0.039568345323741
"armasto01",1980,1,"OAK","AL",628,35,0.0557324840764331
"armasto01",1981,1,"OAK","AL",440,22,0.05
"armasto01",1982,1,"OAK","AL",536,28,0.0522388059701492
"armasto01",1983,1,"BOS","AL",574,36,0.0627177700348432
"armasto01",1984,1,"BOS","AL",639,43,0.0672926447574335
"armasto01",1985,1,"BOS","AL",385,23,0.0597402597402597
"armasto01",1986,1,"BOS","AL",425,11,0.0258823529411765
"armasto01",1988,1,"CAL","AL",368,13,0.0353260869565217
"armasto01",1989,1,"CAL","AL",202,11,0.0544554455445545
"arozara01",2021,1,"TBA","AL",529,20,0.0378071833648393
"arozara01",2022,1,"TBA","AL",586,20,0.0341296928327645
"arozara01",2023,1,"TBA","AL",551,23,0.0417422867513612
"arozara01",2024,1,"TBA","AL",350,15,0.0428571428571429
"arozara01",2025,1,"SEA","AL",613,27,0.0440456769983687
"arraelu01",2019,1,"MIN","AL",326,4,0.0122699386503067
"arraelu01",2021,1,"MIN","AL",428,2,0.00467289719626168
"arraelu01",2022,1,"MIN","AL",547,8,0.0146252285191956
"arraelu01",2023,1,"MIA","NL",574,10,0.0174216027874564
"arraelu01",2024,2,"SDN","NL",500,4,0.008
"arraelu01",2025,1,"SDN","NL",620,8,0.0129032258064516
"arroych01",2022,1,"BOS","AL",280,6,0.0214285714285714
"ascheco01",2014,1,"PHI","NL",397,10,0.0251889168765743
"ascheco01",2015,1,"PHI","NL",425,12,0.0282352941176471
"ashbyal01",1975,1,"CLE","AL",254,5,0.0196850393700787
"ashbyal01",1976,1,"CLE","AL",247,4,0.0161943319838057
"ashbyal01",1977,1,"TOR","AL",396,2,0.00505050505050505
"ashbyal01",1978,1,"TOR","AL",264,9,0.0340909090909091
"ashbyal01",1979,1,"HOU","NL",336,2,0.00595238095238095
"ashbyal01",1980,1,"HOU","NL",352,3,0.00852272727272727
"ashbyal01",1981,1,"HOU","NL",255,4,0.0156862745098039
"ashbyal01",1982,1,"HOU","NL",339,12,0.0353982300884956
"ashbyal01",1983,1,"HOU","NL",275,8,0.0290909090909091
"ashbyal01",1986,1,"HOU","NL",315,7,0.0222222222222222
"ashbyal01",1987,1,"HOU","NL",386,14,0.0362694300518135
"ashbyal01",1988,1,"HOU","NL",227,7,0.0308370044052863
"ashfotu01",1977,1,"SDN","NL",249,3,0.0120481927710843
"ashlebi01",1995,1,"LAN","NL",215,8,0.0372093023255814
"asprobo01",1971,1,"NYN","NL",342,5,0.0146198830409357
"asselbr01",1980,1,"ATL","NL",218,3,0.0137614678899083
"astudwi01",2021,1,"MIN","AL",208,7,0.0336538461538461
"asuajca01",2017,1,"SDN","NL",307,4,0.0130293159609121
"atkinga01",2005,1,"COL","NL",519,13,0.0250481695568401
"atkinga01",2006,1,"COL","NL",602,29,0.0481727574750831
"atkinga01",2007,1,"COL","NL",605,25,0.0413223140495868
"atkinga01",2008,1,"COL","NL",611,21,0.0343698854337152
"atkinga01",2009,1,"COL","NL",354,9,0.0254237288135593
"auerbri01",1971,1,"ML4","AL",236,1,0.00423728813559322
"auerbri01",1972,1,"ML4","AL",554,2,0.0036101083032491
"aultdo01",1977,1,"TOR","AL",445,11,0.0247191011235955
"aurilri01",1996,1,"SFN","NL",318,3,0.00943396226415094
"aurilri01",1998,1,"SFN","NL",413,9,0.0217917675544794
"aurilri01",1999,1,"SFN","NL",558,22,0.039426523297491
"aurilri01",2000,1,"SFN","NL",509,20,0.0392927308447937
"aurilri01",2001,1,"SFN","NL",636,37,0.0581761006289308
"aurilri01",2002,1,"SFN","NL",538,15,0.0278810408921933
"aurilri01",2003,1,"SFN","NL",505,13,0.0257425742574257
"aurilri01",2004,1,"SEA","AL",261,4,0.0153256704980843
"aurilri01",2005,1,"CIN","NL",426,14,0.0328638497652582
"aurilri01",2006,1,"CIN","NL",440,23,0.0522727272727273
"aurilri01",2007,1,"SFN","NL",329,5,0.0151975683890577
"aurilri01",2008,1,"SFN","NL",407,10,0.0245700245700246
"ausmubr01",1994,1,"SDN","NL",327,7,0.0214067278287462
"ausmubr01",1995,1,"SDN","NL",328,5,0.0152439024390244
"ausmubr01",1996,2,"DET","AL",226,4,0.0176991150442478
"ausmubr01",1997,1,"HOU","NL",425,4,0.00941176470588235
"ausmubr01",1998,1,"HOU","NL",412,6,0.0145631067961165
"ausmubr01",1999,1,"DET","AL",458,9,0.0196506550218341
"ausmubr01",2000,1,"DET","AL",523,7,0.0133843212237094
"ausmubr01",2001,1,"HOU","NL",422,5,0.0118483412322275
"ausmubr01",2002,1,"HOU","NL",447,6,0.0134228187919463
"ausmubr01",2003,1,"HOU","NL",450,4,0.00888888888888889
"ausmubr01",2004,1,"HOU","NL",403,5,0.0124069478908189
"ausmubr01",2005,1,"HOU","NL",387,3,0.00775193798449612
"ausmubr01",2006,1,"HOU","NL",439,2,0.00455580865603645
"ausmubr01",2007,1,"HOU","NL",349,3,0.00859598853868195
"ausmubr01",2008,1,"HOU","NL",216,3,0.0138888888888889
"avenbr01",1999,1,"FLO","NL",381,12,0.031496062992126
"avilaal01",2010,1,"DET","AL",294,7,0.0238095238095238
"avilaal01",2011,1,"DET","AL",464,19,0.040948275862069
"avilaal01",2012,1,"DET","AL",367,9,0.0245231607629428
"avilaal01",2013,1,"DET","AL",330,11,0.0333333333333333
"avilaal01",2014,1,"DET","AL",390,11,0.0282051282051282
"avilaal01",2017,1,"DET","AL",219,11,0.0502283105022831
"avilemi01",2008,1,"KCA","AL",419,10,0.0238663484486873
"avilemi01",2010,1,"KCA","AL",424,8,0.0188679245283019
"avilemi01",2012,1,"BOS","AL",512,13,0.025390625
"avilemi01",2013,1,"CLE","AL",361,9,0.0249307479224377
"avilemi01",2014,1,"CLE","AL",344,5,0.0145348837209302
"avilemi01",2015,1,"CLE","AL",290,5,0.0172413793103448
"aybarer01",2008,1,"LAA","AL",346,3,0.00867052023121387
"aybarer01",2009,1,"LAA","AL",504,5,0.00992063492063492
"aybarer01",2010,1,"LAA","AL",534,5,0.00936329588014981
"aybarer01",2011,1,"LAA","AL",556,10,0.0179856115107914
"aybarer01",2012,1,"LAA","AL",517,8,0.0154738878143133
"aybarer01",2013,1,"LAA","AL",550,6,0.0109090909090909
"aybarer01",2014,1,"LAA","AL",589,7,0.0118845500848896
"aybarer01",2015,1,"LAA","AL",597,3,0.0050251256281407
"aybarer01",2016,1,"ATL","NL",335,2,0.00597014925373134
"aybarer01",2017,1,"SDN","NL",333,7,0.021021021021021
"aybarwi01",2008,1,"TBA","AL",324,10,0.0308641975308642
"aybarwi01",2009,1,"TBA","AL",296,12,0.0405405405405405
"aybarwi01",2010,1,"TBA","AL",270,6,0.0222222222222222
"azcuejo01",1970,1,"CAL","AL",351,2,0.0056980056980057
"azocaos01",1990,1,"NYA","AL",214,5,0.0233644859813084
"backmwa01",1982,1,"NYN","NL",261,3,0.0114942528735632
"backmwa01",1984,1,"NYN","NL",436,1,0.00229357798165138
"backmwa01",1985,1,"NYN","NL",520,1,0.00192307692307692
"backmwa01",1986,1,"NYN","NL",387,1,0.00258397932816538
"backmwa01",1987,1,"NYN","NL",300,1,0.00333333333333333
"backmwa01",1989,1,"MIN","AL",299,1,0.00334448160535117
"backmwa01",1990,1,"PIT","NL",315,2,0.00634920634920635
"baddoak01",2021,1,"DET","AL",413,13,0.0314769975786925
"baddoak01",2022,1,"DET","AL",201,2,0.0099502487562189
"baddoak01",2023,1,"DET","AL",312,11,0.0352564102564103
"baderha01",2018,1,"SLN","NL",379,12,0.0316622691292876
"baderha01",2019,1,"SLN","NL",347,12,0.0345821325648415
"baderha01",2021,1,"SLN","NL",367,16,0.0435967302452316
"baderha01",2022,1,"SLN","NL",246,5,0.0203252032520325
"baderha01",2023,1,"NYA","AL",288,7,0.0243055555555556
"baderha01",2024,1,"NYN","NL",402,12,0.0298507462686567
"baderha01",2025,1,"MIN","AL",271,12,0.044280442804428
"baeji01",2023,1,"PIT","NL",334,2,0.00598802395209581
"baergca01",1990,1,"CLE","AL",312,7,0.0224358974358974
"baergca01",1991,1,"CLE","AL",593,11,0.0185497470489039
"baergca01",1992,1,"CLE","AL",657,20,0.030441400304414
"baergca01",1993,1,"CLE","AL",624,21,0.0336538461538461
"baergca01",1994,1,"CLE","AL",442,19,0.0429864253393665
"baergca01",1995,1,"CLE","AL",557,15,0.0269299820466786
"baergca01",1996,1,"CLE","AL",424,10,0.0235849056603774
"baergca01",1997,1,"NYN","NL",467,9,0.019271948608137
"baergca01",1998,1,"NYN","NL",511,7,0.0136986301369863
"baergca01",2003,1,"ARI","NL",207,4,0.0193236714975845
"baezja01",2014,1,"CHN","NL",213,9,0.0422535211267606
"baezja01",2016,1,"CHN","NL",421,14,0.0332541567695962
"baezja01",2017,1,"CHN","NL",469,23,0.0490405117270789
"baezja01",2018,1,"CHN","NL",606,34,0.0561056105610561
"baezja01",2019,1,"CHN","NL",531,29,0.0546139359698682
"baezja01",2020,1,"CHN","NL",222,8,0.036036036036036
"baezja01",2021,1,"CHN","NL",335,22,0.0656716417910448
"baezja01",2022,1,"DET","AL",555,17,0.0306306306306306
"baezja01",2023,1,"DET","AL",510,9,0.0176470588235294
"baezja01",2024,1,"DET","AL",272,6,0.0220588235294118
"baezja01",2025,1,"DET","AL",417,12,0.0287769784172662
"baezjo01",1977,1,"SEA","AL",305,1,0.00327868852459016
"bagweje01",1991,1,"HOU","NL",554,15,0.0270758122743682
"bagweje01",1992,1,"HOU","NL",586,18,0.0307167235494881
"bagweje01",1993,1,"HOU","NL",535,20,0.0373831775700935
"bagweje01",1994,1,"HOU","NL",400,39,0.0975
"bagweje01",1995,1,"HOU","NL",448,21,0.046875
"bagweje01",1996,1,"HOU","NL",568,31,0.0545774647887324
"bagweje01",1997,1,"HOU","NL",566,43,0.0759717314487632
"bagweje01",1998,1,"HOU","NL",540,34,0.062962962962963
"bagweje01",1999,1,"HOU","NL",562,42,0.0747330960854092
"bagweje01",2000,1,"HOU","NL",590,47,0.0796610169491525
"bagweje01",2001,1,"HOU","NL",600,39,0.065
"bagweje01",2002,1,"HOU","NL",571,31,0.0542907180385289
"bagweje01",2003,1,"HOU","NL",605,39,0.0644628099173554
"bagweje01",2004,1,"HOU","NL",572,27,0.0472027972027972
"bailebo01",1970,1,"MON","NL",352,28,0.0795454545454545
"bailebo01",1971,1,"MON","NL",545,14,0.0256880733944954
"bailebo01",1972,1,"MON","NL",489,16,0.032719836400818
"bailebo01",1973,1,"MON","NL",513,26,0.050682261208577
"bailebo01",1974,1,"MON","NL",507,20,0.0394477317554241
"bailebo01",1975,1,"MON","NL",227,5,0.0220264317180617
"bailema01",1984,1,"HOU","NL",344,9,0.0261627906976744
"bailema01",1985,1,"HOU","NL",332,10,0.0301204819277108
"bailepa01",2023,1,"SFN","NL",326,7,0.0214723926380368
"bailepa01",2024,1,"SFN","NL",401,8,0.0199501246882793
"bailepa01",2025,1,"SFN","NL",409,6,0.0146699266503667
"bailobo01",1977,1,"TOR","AL",496,5,0.0100806451612903
"bailobo01",1978,1,"TOR","AL",621,1,0.00161030595813205
"bailobo01",1979,1,"TOR","AL",414,1,0.00241545893719807
"bailobo01",1980,1,"TOR","AL",347,1,0.00288184438040346
"bailobo01",1983,1,"NYN","NL",340,1,0.00294117647058824
"baineha01",1980,1,"CHA","AL",491,13,0.0264765784114053
"baineha01",1981,1,"CHA","AL",280,10,0.0357142857142857
"baineha01",1982,1,"CHA","AL",608,25,0.0411184210526316
"baineha01",1983,1,"CHA","AL",596,20,0.0335570469798658
"baineha01",1984,1,"CHA","AL",569,29,0.0509666080843585
"baineha01",1985,1,"CHA","AL",640,22,0.034375
"baineha01",1986,1,"CHA","AL",570,21,0.0368421052631579
"baineha01",1987,1,"CHA","AL",505,20,0.0396039603960396
"baineha01",1988,1,"CHA","AL",599,13,0.0217028380634391
"baineha01",1989,1,"CHA","AL",333,13,0.039039039039039
"baineha01",1990,1,"TEX","AL",321,13,0.0404984423676012
"baineha01",1991,1,"OAK","AL",488,20,0.040983606557377
"baineha01",1992,1,"OAK","AL",478,16,0.0334728033472803
"baineha01",1993,1,"BAL","AL",416,20,0.0480769230769231
"baineha01",1994,1,"BAL","AL",326,16,0.049079754601227
"baineha01",1995,1,"BAL","AL",385,24,0.0623376623376623
"baineha01",1996,1,"CHA","AL",495,22,0.0444444444444444
"baineha01",1997,1,"CHA","AL",318,12,0.0377358490566038
"baineha01",1998,1,"BAL","AL",293,9,0.0307167235494881
"baineha01",1999,1,"BAL","AL",345,24,0.0695652173913043
"baineha01",2000,1,"BAL","AL",222,10,0.045045045045045
"bakerdu01",1972,1,"ATL","NL",446,17,0.0381165919282511
"bakerdu01",1973,1,"ATL","NL",604,21,0.0347682119205298
"bakerdu01",1974,1,"ATL","NL",574,20,0.0348432055749129
"bakerdu01",1975,1,"ATL","NL",494,19,0.0384615384615385
"bakerdu01",1976,1,"LAN","NL",384,4,0.0104166666666667
"bakerdu01",1977,1,"LAN","NL",533,30,0.0562851782363977
"bakerdu01",1978,1,"LAN","NL",522,11,0.0210727969348659
"bakerdu01",1979,1,"LAN","NL",554,23,0.0415162454873646
"bakerdu01",1980,1,"LAN","NL",579,29,0.0500863557858377
"bakerdu01",1981,1,"LAN","NL",400,9,0.0225
"bakerdu01",1982,1,"LAN","NL",570,23,0.0403508771929825
"bakerdu01",1983,1,"LAN","NL",531,15,0.0282485875706215
"bakerdu01",1984,1,"SFN","NL",243,3,0.0123456790123457
"bakerdu01",1985,1,"OAK","AL",343,14,0.0408163265306122
"bakerdu01",1986,1,"OAK","AL",242,4,0.0165289256198347
"bakerje03",2008,1,"COL","NL",299,12,0.040133779264214
"bakerje03",2009,2,"CHN","NL",203,4,0.0197044334975369
"bakerje03",2010,1,"CHN","NL",206,4,0.0194174757281553
"bakerje03",2011,1,"CHN","NL",201,3,0.0149253731343284
"bakerje03",2014,1,"MIA","NL",208,3,0.0144230769230769
"bakerjo01",2009,1,"FLO","NL",373,9,0.0241286863270777
"bakopa01",1998,1,"DET","AL",305,3,0.00983606557377049
"bakopa01",1999,1,"HOU","NL",215,2,0.00930232558139535
"bakopa01",2002,1,"MIL","NL",234,4,0.0170940170940171
"bakopa01",2008,1,"CIN","NL",299,6,0.020066889632107
"balbost01",1984,1,"KCA","AL",438,28,0.0639269406392694
"balbost01",1985,1,"KCA","AL",600,36,0.06
"balbost01",1986,1,"KCA","AL",512,29,0.056640625
"balbost01",1987,1,"KCA","AL",386,24,0.0621761658031088
"balbost01",1988,2,"SEA","AL",350,21,0.06
"balbost01",1989,1,"NYA","AL",300,17,0.0566666666666667
"balbost01",1990,1,"NYA","AL",266,17,0.0639097744360902
"baldero01",2003,1,"TBA","AL",637,11,0.0172684458398744
"baldero01",2004,1,"TBA","AL",518,16,0.0308880308880309
"baldero01",2006,1,"TBA","AL",364,16,0.043956043956044
"baldwbr01",2025,1,"CHA","AL",300,11,0.0366666666666667
"baldwdr01",2025,1,"ATL","NL",405,19,0.0469135802469136
"balenwl01",2008,1,"SEA","AL",243,7,0.0288065843621399
"bandoch01",1984,1,"CLE","AL",220,12,0.0545454545454545
"bandoch01",1986,1,"CLE","AL",254,2,0.0078740157480315
"bandoch01",1987,1,"CLE","AL",211,5,0.023696682464455
"bandosa01",1970,1,"OAK","AL",502,20,0.0398406374501992
"bandosa01",1971,1,"OAK","AL",538,24,0.0446096654275093
"bandosa01",1972,1,"OAK","AL",535,15,0.0280373831775701
"bandosa01",1973,1,"OAK","AL",592,29,0.0489864864864865
"bandosa01",1974,1,"OAK","AL",498,22,0.0441767068273092
"bandosa01",1975,1,"OAK","AL",562,15,0.0266903914590747
"bandosa01",1976,1,"OAK","AL",550,27,0.0490909090909091
"bandosa01",1977,1,"ML4","AL",580,17,0.0293103448275862
"bandosa01",1978,1,"ML4","AL",540,17,0.0314814814814815
"bandosa01",1979,1,"ML4","AL",476,9,0.0189075630252101
"bandosa01",1980,1,"ML4","AL",254,5,0.0196850393700787
"bandyje01",2016,1,"LAA","AL",209,8,0.0382775119617225
"banksbr01",1999,1,"MIL","NL",219,5,0.0228310502283105
"bankser01",1970,1,"CHN","NL",222,12,0.0540540540540541
"bannial01",1977,1,"CHA","AL",560,3,0.00535714285714286
"bannial01",1979,1,"CHA","AL",506,2,0.00395256916996047
"bannial01",1980,2,"CLE","AL",262,1,0.00381679389312977
"bannial01",1981,1,"CLE","AL",232,1,0.00431034482758621
"bannial01",1982,1,"CLE","AL",348,4,0.0114942528735632
"bannial01",1983,1,"CLE","AL",377,5,0.013262599469496
"barajro01",2003,1,"ARI","NL",220,3,0.0136363636363636
"barajro01",2004,1,"TEX","AL",358,15,0.0418994413407821
"barajro01",2005,1,"TEX","AL",410,21,0.051219512195122
"barajro01",2006,1,"TEX","AL",344,11,0.0319767441860465
"barajro01",2008,1,"TOR","AL",349,11,0.0315186246418338
"barajro01",2009,1,"TOR","AL",429,19,0.0442890442890443
"barajro01",2010,1,"NYN","NL",249,12,0.0481927710843373
"barajro01",2011,1,"LAN","NL",305,16,0.0524590163934426
"barajro01",2012,1,"PIT","NL",321,11,0.0342679127725857
"barbebr01",1992,1,"MON","NL",285,1,0.00350877192982456
"barbebr01",1993,1,"FLO","NL",375,5,0.0133333333333333
"barbebr01",1994,1,"FLO","NL",372,5,0.0134408602150538
"barbebr01",1995,1,"BAL","AL",237,2,0.00843881856540084
"bardjo01",2003,1,"CLE","AL",303,8,0.0264026402640264
"bardjo01",2006,2,"SDN","NL",231,9,0.038961038961039
"bardjo01",2007,1,"SDN","NL",389,5,0.012853470437018
"bardjo01",2009,1,"WAS","NL",274,6,0.0218978102189781
"barfije01",1982,1,"TOR","AL",394,18,0.0456852791878173
"barfije01",1983,1,"TOR","AL",388,27,0.0695876288659794
"barfije01",1984,1,"TOR","AL",320,14,0.04375
"barfije01",1985,1,"TOR","AL",539,27,0.0500927643784787
"barfije01",1986,1,"TOR","AL",589,40,0.067911714770798
"barfije01",1987,1,"TOR","AL",590,28,0.0474576271186441
"barfije01",1988,1,"TOR","AL",468,18,0.0384615384615385
"barfije01",1989,2,"NYA","AL",441,18,0.0408163265306122
"barfije01",1990,1,"NYA","AL",476,25,0.0525210084033613
"barfije01",1991,1,"NYA","AL",284,17,0.0598591549295775
"barfijo02",2006,1,"SDN","NL",539,13,0.0241187384044527
"barfijo02",2007,1,"CLE","AL",420,3,0.00714285714285714
"bargead01",2024,1,"TOR","AL",208,7,0.0336538461538461
"bargead01",2025,1,"TOR","AL",460,21,0.0456521739130435
"barmecl01",2005,1,"COL","NL",350,10,0.0285714285714286
"barmecl01",2006,1,"COL","NL",478,7,0.0146443514644351
"barmecl01",2008,1,"COL","NL",393,11,0.0279898218829517
"barmecl01",2009,1,"COL","NL",550,23,0.0418181818181818
"barmecl01",2010,1,"COL","NL",387,8,0.020671834625323
"barmecl01",2011,1,"HOU","NL",446,12,0.0269058295964126
"barmecl01",2012,1,"PIT","NL",455,8,0.0175824175824176
"barmecl01",2013,1,"PIT","NL",304,5,0.0164473684210526
"barmecl01",2015,1,"SDN","NL",207,3,0.0144927536231884
"barneau01",2017,1,"LAN","NL",218,8,0.036697247706422
"barneau01",2018,1,"LAN","NL",200,4,0.02
"barneau01",2019,1,"LAN","NL",212,5,0.0235849056603774
"barneau01",2021,1,"LAN","NL",200,6,0.03
"barnebr02",2013,1,"HOU","AL",408,8,0.0196078431372549
"barnebr02",2014,1,"COL","NL",292,8,0.0273972602739726
"barnebr02",2015,1,"COL","NL",255,2,0.00784313725490196
"barneda01",2011,1,"CHN","NL",529,2,0.00378071833648393
"barneda01",2012,1,"CHN","NL",548,7,0.0127737226277372
"barneda01",2013,1,"CHN","NL",501,7,0.0139720558882236
"barneda01",2014,1,"CHN","NL",204,2,0.00980392156862745
"barneda01",2016,1,"TOR","AL",279,4,0.014336917562724
"barneda01",2017,1,"TOR","AL",336,6,0.0178571428571429
"barnhtu01",2015,1,"CIN","NL",242,3,0.012396694214876
"barnhtu01",2016,1,"CIN","NL",377,7,0.0185676392572944
"barnhtu01",2017,1,"CIN","NL",370,7,0.0189189189189189
"barnhtu01",2018,1,"CIN","NL",460,10,0.0217391304347826
"barnhtu01",2019,1,"CIN","NL",316,11,0.0348101265822785
"barnhtu01",2021,1,"CIN","NL",348,7,0.0201149425287356
"barnhtu01",2022,1,"DET","AL",281,1,0.00355871886120996
"barrema02",1984,1,"BOS","AL",475,3,0.00631578947368421
"barrema02",1985,1,"BOS","AL",534,5,0.00936329588014981
"barrema02",1986,1,"BOS","AL",625,4,0.0064
"barrema02",1987,1,"BOS","AL",559,3,0.00536672629695885
"barrema02",1988,1,"BOS","AL",612,1,0.00163398692810458
"barrema02",1989,1,"BOS","AL",336,1,0.00297619047619048
"barremi01",1999,1,"MON","NL",433,8,0.0184757505773672
"barremi01",2000,1,"MON","NL",271,1,0.003690036900369
"barremi01",2001,1,"MON","NL",472,6,0.0127118644067797
"barremi01",2002,1,"MON","NL",376,12,0.0319148936170213
"barremi01",2003,1,"MON","NL",226,10,0.0442477876106195
"barremi01",2004,1,"CHN","NL",456,16,0.0350877192982456
"barremi01",2005,1,"CHN","NL",424,16,0.0377358490566038
"barremi01",2006,1,"CHN","NL",375,16,0.0426666666666667
"barremi01",2007,1,"CHN","NL",211,9,0.042654028436019
"barteki01",1996,1,"DET","AL",217,1,0.00460829493087558
"bartjo01",2022,1,"SFN","NL",261,11,0.0421455938697318
"bartjo01",2024,1,"PIT","NL",253,13,0.0513833992094862
"bartjo01",2025,1,"PIT","NL",285,4,0.0140350877192982
"bartlja01",2005,1,"MIN","AL",224,3,0.0133928571428571
"bartlja01",2006,1,"MIN","AL",333,2,0.00600600600600601
"bartlja01",2007,1,"MIN","AL",510,5,0.00980392156862745
"bartlja01",2008,1,"TBA","AL",454,1,0.00220264317180617
"bartlja01",2009,1,"TBA","AL",500,14,0.028
"bartlja01",2010,1,"TBA","AL",468,4,0.00854700854700855
"bartlja01",2011,1,"SDN","NL",554,2,0.0036101083032491
"bartobo01",1971,1,"SDN","NL",376,5,0.0132978723404255
"bartoda02",2008,1,"OAK","AL",446,9,0.0201793721973094
"bartoda02",2010,1,"OAK","AL",556,10,0.0179856115107914
"basske01",1984,1,"HOU","NL",331,2,0.00604229607250755
"basske01",1985,1,"HOU","NL",539,16,0.0296846011131725
"basske01",1986,1,"HOU","NL",591,20,0.0338409475465313
"basske01",1987,1,"HOU","NL",592,19,0.0320945945945946
"basske01",1988,1,"HOU","NL",541,14,0.0258780036968577
"basske01",1989,1,"HOU","NL",313,5,0.0159744408945687
"basske01",1990,1,"SFN","NL",214,7,0.0327102803738318
"basske01",1991,1,"SFN","NL",361,10,0.0277008310249307
"basske01",1992,1,"SFN","NL",265,7,0.0264150943396226
"basske01",1993,1,"HOU","NL",229,3,0.0131004366812227
"basske01",1994,1,"HOU","NL",203,6,0.0295566502463054
"basske01",1995,1,"BAL","AL",295,5,0.0169491525423729
"batemjo01",1970,1,"MON","NL",520,15,0.0288461538461539
"batemjo01",1971,1,"MON","NL",492,10,0.0203252032520325
"batemjo01",1972,2,"PHI","NL",252,3,0.0119047619047619
"batesja01",1995,1,"COL","NL",322,8,0.0248447204968944
"batiski01",1994,1,"PHI","NL",209,1,0.00478468899521531
"batisto01",1996,1,"OAK","AL",238,6,0.0252100840336134
"batisto01",1998,1,"ARI","NL",293,18,0.0614334470989761
"batisto01",1999,2,"TOR","AL",375,26,0.0693333333333333
"batisto01",2000,1,"TOR","AL",620,41,0.0661290322580645
"batisto01",2001,1,"TOR","AL",271,13,0.047970479704797
"batisto01",2001,2,"BAL","AL",308,12,0.038961038961039
"batisto01",2002,1,"BAL","AL",615,31,0.0504065040650406
"batisto01",2003,1,"BAL","AL",631,26,0.0412044374009509
"batisto01",2004,1,"MON","NL",606,32,0.0528052805280528
"batybr01",2023,1,"NYN","NL",353,9,0.0254957507082153
"batybr01",2025,1,"NYN","NL",393,18,0.0458015267175572
"bauerja01",2018,1,"TBA","AL",323,11,0.0340557275541796
"bauerja01",2019,1,"CLE","AL",372,12,0.032258064516129
"bauerja01",2023,1,"NYA","AL",242,12,0.0495867768595041
"bauerja01",2024,1,"MIL","NL",302,12,0.0397350993377483
"bautida01",1995,1,"DET","AL",271,7,0.025830258302583
"bautida01",1999,1,"FLO","NL",205,5,0.024390243902439
"bautida01",2000,2,"ARI","NL",262,7,0.0267175572519084
"bautida01",2001,1,"ARI","NL",222,5,0.0225225225225225
"bautida01",2003,1,"ARI","NL",284,4,0.0140845070422535
"bautida01",2004,1,"ARI","NL",539,11,0.0204081632653061
"bautijo02",2006,1,"PIT","NL",400,16,0.04
"bautijo02",2007,1,"PIT","NL",532,15,0.0281954887218045
"bautijo02",2008,1,"PIT","NL",314,12,0.0382165605095541
"bautijo02",2009,1,"TOR","AL",336,13,0.0386904761904762
"bautijo02",2010,1,"TOR","AL",569,54,0.0949033391915641
"bautijo02",2011,1,"TOR","AL",513,43,0.0838206627680312
"bautijo02",2012,1,"TOR","AL",332,27,0.0813253012048193
"bautijo02",2013,1,"TOR","AL",452,28,0.0619469026548673
"bautijo02",2014,1,"TOR","AL",553,35,0.0632911392405063
"bautijo02",2015,1,"TOR","AL",543,40,0.0736648250460405
"bautijo02",2016,1,"TOR","AL",423,22,0.0520094562647754
"bautijo02",2017,1,"TOR","AL",587,23,0.0391822827938671
"bautijo02",2018,2,"NYN","NL",245,9,0.036734693877551
"bayja01",2004,1,"PIT","NL",411,26,0.0632603406326034
"bayja01",2005,1,"PIT","NL",599,32,0.0534223706176962
"bayja01",2006,1,"PIT","NL",570,35,0.0614035087719298
"bayja01",2007,1,"PIT","NL",538,21,0.0390334572490706
"bayja01",2008,1,"PIT","NL",393,22,0.0559796437659033
"bayja01",2009,1,"BOS","AL",531,36,0.0677966101694915
"bayja01",2010,1,"NYN","NL",348,6,0.0172413793103448
"bayja01",2011,1,"NYN","NL",444,12,0.027027027027027
"bayja01",2013,1,"SEA","AL",206,11,0.0533980582524272
"baylodo01",1972,1,"BAL","AL",320,11,0.034375
"baylodo01",1973,1,"BAL","AL",405,11,0.0271604938271605
"baylodo01",1974,1,"BAL","AL",489,10,0.0204498977505112
"baylodo01",1975,1,"BAL","AL",524,25,0.0477099236641221
"baylodo01",1976,1,"OAK","AL",595,15,0.0252100840336134
"baylodo01",1977,1,"CAL","AL",561,25,0.0445632798573975
"baylodo01",1978,1,"CAL","AL",591,34,0.0575296108291032
"baylodo01",1979,1,"CAL","AL",628,36,0.0573248407643312
"baylodo01",1980,1,"CAL","AL",340,5,0.0147058823529412
"baylodo01",1981,1,"CAL","AL",377,17,0.0450928381962865
"baylodo01",1982,1,"CAL","AL",608,24,0.0394736842105263
"baylodo01",1983,1,"NYA","AL",534,21,0.0393258426966292
"baylodo01",1984,1,"NYA","AL",493,27,0.0547667342799189
"baylodo01",1985,1,"NYA","AL",477,23,0.0482180293501048
"baylodo01",1986,1,"BOS","AL",585,31,0.052991452991453
"baylodo01",1987,1,"BOS","AL",339,16,0.0471976401179941
"baylodo01",1988,1,"OAK","AL",264,7,0.0265151515151515
"beatyma01",2019,1,"LAN","NL",249,9,0.036144578313253
"beatyma01",2021,1,"LAN","NL",204,7,0.0343137254901961
"beckegl01",1970,1,"CHN","NL",591,3,0.0050761421319797
"beckegl01",1971,1,"CHN","NL",530,2,0.00377358490566038
"beckegl01",1972,1,"CHN","NL",474,3,0.00632911392405063
"beckeri01",1995,1,"MIN","AL",392,2,0.00510204081632653
"beckeri01",1996,1,"MIN","AL",525,12,0.0228571428571429
"beckeri01",1997,1,"MIN","AL",443,10,0.0225733634311512
"beckeri01",2000,2,"DET","AL",238,7,0.0294117647058824
"beckhgo01",2009,1,"CHA","AL",378,14,0.037037037037037
"beckhgo01",2010,1,"CHA","AL",444,9,0.0202702702702703
"beckhgo01",2011,1,"CHA","AL",499,10,0.0200400801603206
"beckhgo01",2012,1,"CHA","AL",525,16,0.0304761904761905
"beckhgo01",2013,1,"CHA","AL",371,5,0.0134770889487871
"beckhgo01",2014,1,"CHA","AL",390,7,0.0179487179487179
"beckhgo01",2015,1,"CHA","AL",211,6,0.028436018957346
"beckhgo01",2016,1,"ATL","NL",240,5,0.0208333333333333
"beckhgo01",2019,1,"DET","AL",223,6,0.0269058295964126
"beckhti01",2015,1,"TBA","AL",203,9,0.0443349753694581
"beckhti01",2017,1,"TBA","AL",317,12,0.0378548895899054
"beckhti01",2017,2,"BAL","AL",216,10,0.0462962962962963
"beckhti01",2018,1,"BAL","AL",369,12,0.032520325203252
"beckhti01",2019,1,"SEA","AL",304,15,0.0493421052631579
"beckjo01",2025,1,"COL","NL",539,16,0.0296846011131725
"belanma01",1970,1,"BAL","AL",459,1,0.00217864923747277
"belanma01",1972,1,"BAL","AL",285,2,0.00701754385964912
"belanma01",1974,1,"BAL","AL",493,5,0.0101419878296146
"belanma01",1975,1,"BAL","AL",442,3,0.00678733031674208
"belanma01",1976,1,"BAL","AL",522,1,0.00191570881226054
"belanma01",1977,1,"BAL","AL",402,2,0.00497512437810945
"bellbu01",1972,1,"CLE","AL",466,9,0.01931330472103
"bellbu01",1973,1,"CLE","AL",631,14,0.0221870047543582
"bellbu01",1974,1,"CLE","AL",423,7,0.016548463356974
"bellbu01",1975,1,"CLE","AL",553,10,0.0180831826401447
"bellbu01",1976,1,"CLE","AL",604,7,0.0115894039735099
"bellbu01",1977,1,"CLE","AL",479,11,0.022964509394572
"bellbu01",1978,1,"CLE","AL",556,6,0.0107913669064748
"bellbu01",1979,1,"TEX","AL",670,18,0.026865671641791
"bellbu01",1980,1,"TEX","AL",490,17,0.0346938775510204
"bellbu01",1981,1,"TEX","AL",360,10,0.0277777777777778
"bellbu01",1982,1,"TEX","AL",537,13,0.0242085661080074
"bellbu01",1983,1,"TEX","AL",618,14,0.0226537216828479
"bellbu01",1984,1,"TEX","AL",553,11,0.0198915009041591
"bellbu01",1985,1,"TEX","AL",313,4,0.012779552715655
"bellbu01",1985,2,"CIN","NL",247,6,0.0242914979757085
"bellbu01",1986,1,"CIN","NL",568,20,0.0352112676056338
"bellbu01",1987,1,"CIN","NL",522,17,0.0325670498084291
"bellbu01",1988,2,"HOU","NL",269,7,0.0260223048327138
"bellda01",1998,2,"CLE","AL",340,10,0.0294117647058824
"bellda01",1999,1,"SEA","AL",597,21,0.0351758793969849
"bellda01",2000,1,"SEA","AL",454,11,0.0242290748898678
"bellda01",2001,1,"SEA","AL",470,15,0.0319148936170213
"bellda01",2002,1,"SFN","NL",552,20,0.036231884057971
"bellda01",2003,1,"PHI","NL",297,4,0.0134680134680135
"bellda01",2004,1,"PHI","NL",533,18,0.0337711069418387
"bellda01",2005,1,"PHI","NL",557,10,0.0179533213644524
"bellda01",2006,1,"PHI","NL",324,6,0.0185185185185185
"bellde01",1993,1,"SDN","NL",542,21,0.0387453874538745
"bellde01",1994,1,"SDN","NL",434,14,0.032258064516129
"bellde01",1995,1,"HOU","NL",452,8,0.0176991150442478
"bellde01",1996,1,"HOU","NL",627,17,0.0271132376395534
"bellde01",1997,1,"HOU","NL",493,15,0.0304259634888438
"bellde01",1998,1,"HOU","NL",630,22,0.0349206349206349
"bellde01",1999,1,"HOU","NL",509,12,0.0235756385068762
"bellde01",2000,1,"NYN","NL",546,18,0.032967032967033
"belleal01",1989,1,"CLE","AL",218,7,0.0321100917431193
"belleal01",1991,1,"CLE","AL",461,28,0.0607375271149675
"belleal01",1992,1,"CLE","AL",585,34,0.0581196581196581
"belleal01",1993,1,"CLE","AL",594,38,0.063973063973064
"belleal01",1994,1,"CLE","AL",412,36,0.087378640776699
"belleal01",1995,1,"CLE","AL",546,50,0.0915750915750916
"belleal01",1996,1,"CLE","AL",602,48,0.079734219269103
"belleal01",1997,1,"CHA","AL",634,30,0.0473186119873817
"belleal01",1998,1,"CHA","AL",609,49,0.0804597701149425
"belleal01",1999,1,"BAL","AL",610,37,0.060655737704918
"belleal01",2000,1,"BAL","AL",559,23,0.0411449016100179
"bellge02",1984,1,"TOR","AL",606,26,0.0429042904290429
"bellge02",1985,1,"TOR","AL",607,28,0.0461285008237232
"bellge02",1986,1,"TOR","AL",641,31,0.0483619344773791
"bellge02",1987,1,"TOR","AL",610,47,0.0770491803278689
"bellge02",1988,1,"TOR","AL",614,24,0.0390879478827362
"bellge02",1989,1,"TOR","AL",613,18,0.0293637846655791
"bellge02",1990,1,"TOR","AL",562,21,0.0373665480427046
"bellge02",1991,1,"CHN","NL",558,25,0.0448028673835125
"bellge02",1992,1,"CHA","AL",627,25,0.0398724082934609
"bellge02",1993,1,"CHA","AL",410,13,0.0317073170731707
"bellhma01",1997,1,"OAK","AL",224,6,0.0267857142857143
"bellhma01",2002,1,"CHN","NL",445,27,0.0606741573033708
"bellhma01",2004,1,"BOS","AL",523,17,0.0325047801147228
"bellhma01",2005,1,"BOS","AL",283,7,0.0247349823321555
"bellhma01",2006,1,"SDN","NL",253,8,0.0316205533596838
"bellico01",2017,1,"LAN","NL",480,39,0.08125
"bellico01",2018,1,"LAN","NL",557,25,0.0448833034111311
"bellico01",2019,1,"LAN","NL",558,47,0.0842293906810036
"bellico01",2020,1,"LAN","NL",213,12,0.0563380281690141
"bellico01",2021,1,"LAN","NL",315,10,0.0317460317460317
"bellico01",2022,1,"LAN","NL",504,19,0.0376984126984127
"bellico01",2023,1,"CHN","NL",499,26,0.0521042084168337
"bellico01",2024,1,"CHN","NL",516,18,0.0348837209302326
"bellico01",2025,1,"NYA","AL",588,29,0.0493197278911565
"bellira01",1987,1,"PIT","NL",203,1,0.00492610837438424
"belliro01",1999,1,"MIL","NL",457,8,0.0175054704595186
"belliro01",2000,1,"MIL","NL",571,8,0.0140105078809107
"belliro01",2001,1,"MIL","NL",364,11,0.0302197802197802
"belliro01",2002,1,"MIL","NL",289,3,0.0103806228373702
"belliro01",2003,1,"COL","NL",447,8,0.0178970917225951
"belliro01",2004,1,"CLE","AL",599,12,0.0200333889816361
"belliro01",2005,1,"CLE","AL",536,17,0.0317164179104478
"belliro01",2006,1,"CLE","AL",350,8,0.0228571428571429
"belliro01",2007,1,"WAS","NL",511,11,0.0215264187866928
"belliro01",2008,1,"WAS","NL",296,11,0.0371621621621622
"bellja01",1988,1,"CLE","AL",211,2,0.00947867298578199
"bellja01",1989,1,"PIT","NL",271,2,0.00738007380073801
"bellja01",1990,1,"PIT","NL",583,7,0.0120068610634648
"bellja01",1991,1,"PIT","NL",608,16,0.0263157894736842
"bellja01",1992,1,"PIT","NL",632,9,0.0142405063291139
"bellja01",1993,1,"PIT","NL",604,9,0.0149006622516556
"bellja01",1994,1,"PIT","NL",424,9,0.0212264150943396
"bellja01",1995,1,"PIT","NL",530,13,0.0245283018867925
"bellja01",1996,1,"PIT","NL",527,13,0.0246679316888046
"bellja01",1997,1,"KCA","AL",573,21,0.0366492146596859
"bellja01",1998,1,"ARI","NL",549,20,0.0364298724954463
"bellja01",1999,1,"ARI","NL",589,38,0.0645161290322581
"bellja01",2000,1,"ARI","NL",565,18,0.031858407079646
"bellja01",2001,1,"ARI","NL",428,13,0.0303738317757009
"belljo02",2017,1,"PIT","NL",549,26,0.0473588342440801
"belljo02",2018,1,"PIT","NL",501,12,0.0239520958083832
"belljo02",2019,1,"PIT","NL",527,37,0.0702087286527514
"belljo02",2021,1,"WAS","NL",498,27,0.0542168674698795
"belljo02",2022,1,"WAS","NL",375,14,0.0373333333333333
"belljo02",2023,1,"CLE","AL",347,11,0.031700288184438
"belljo02",2023,2,"MIA","NL",200,11,0.055
"belljo02",2024,1,"MIA","NL",398,14,0.0351758793969849
"belljo02",2025,1,"WAS","NL",468,22,0.047008547008547
"bellju01",1991,1,"BAL","AL",209,1,0.00478468899521531
"bellju01",1993,2,"ML4","AL",286,5,0.0174825174825175
"bellke01",1976,1,"CHA","AL",230,5,0.0217391304347826
"bellke01",1979,1,"CHA","AL",200,4,0.02
"beltbr01",2012,1,"SFN","NL",411,7,0.0170316301703163
"beltbr01",2013,1,"SFN","NL",509,17,0.0333988212180747
"beltbr01",2014,1,"SFN","NL",214,12,0.0560747663551402
"beltbr01",2015,1,"SFN","NL",492,18,0.0365853658536585
"beltbr01",2016,1,"SFN","NL",542,17,0.0313653136531365
"beltbr01",2017,1,"SFN","NL",382,18,0.0471204188481675
"beltbr01",2018,1,"SFN","NL",399,14,0.0350877192982456
"beltbr01",2019,1,"SFN","NL",526,17,0.032319391634981
"beltbr01",2021,1,"SFN","NL",325,29,0.0892307692307692
"beltbr01",2022,1,"SFN","NL",254,8,0.031496062992126
"beltbr01",2023,1,"TOR","AL",339,19,0.056047197640118
"beltrad01",1999,1,"LAN","NL",538,15,0.0278810408921933
"beltrad01",2000,1,"LAN","NL",510,20,0.0392156862745098
"beltrad01",2001,1,"LAN","NL",475,13,0.0273684210526316
"beltrad01",2002,1,"LAN","NL",587,21,0.0357751277683135
"beltrad01",2003,1,"LAN","NL",559,23,0.0411449016100179
"beltrad01",2004,1,"LAN","NL",598,48,0.0802675585284281
"beltrad01",2005,1,"SEA","AL",603,19,0.0315091210613599
"beltrad01",2006,1,"SEA","AL",620,25,0.0403225806451613
"beltrad01",2007,1,"SEA","AL",595,26,0.0436974789915966
"beltrad01",2008,1,"SEA","AL",556,25,0.0449640287769784
"beltrad01",2009,1,"SEA","AL",449,8,0.0178173719376392
"beltrad01",2010,1,"BOS","AL",589,28,0.0475382003395586
"beltrad01",2011,1,"TEX","AL",487,32,0.0657084188911704
"beltrad01",2012,1,"TEX","AL",604,36,0.0596026490066225
"beltrad01",2013,1,"TEX","AL",631,30,0.0475435816164818
"beltrad01",2014,1,"TEX","AL",549,19,0.034608378870674
"beltrad01",2015,1,"TEX","AL",567,18,0.0317460317460317
"beltrad01",2016,1,"TEX","AL",583,32,0.0548885077186964
"beltrad01",2017,1,"TEX","AL",340,17,0.05
"beltrad01",2018,1,"TEX","AL",433,15,0.0346420323325635
"beltrca01",1999,1,"KCA","AL",663,22,0.0331825037707391
"beltrca01",2000,1,"KCA","AL",372,7,0.0188172043010753
"beltrca01",2001,1,"KCA","AL",617,24,0.0388978930307942
"beltrca01",2002,1,"KCA","AL",637,29,0.0455259026687598
"beltrca01",2003,1,"KCA","AL",521,26,0.0499040307101727
"beltrca01",2004,1,"KCA","AL",266,15,0.056390977443609
"beltrca01",2004,2,"HOU","NL",333,23,0.0690690690690691
"beltrca01",2005,1,"NYN","NL",582,16,0.0274914089347079
"beltrca01",2006,1,"NYN","NL",510,41,0.0803921568627451
"beltrca01",2007,1,"NYN","NL",554,33,0.0595667870036101
"beltrca01",2008,1,"NYN","NL",606,27,0.0445544554455445
"beltrca01",2009,1,"NYN","NL",308,10,0.0324675324675325
"beltrca01",2010,1,"NYN","NL",220,7,0.0318181818181818
"beltrca01",2011,1,"NYN","NL",353,15,0.0424929178470255
"beltrca01",2012,1,"SLN","NL",547,32,0.0585009140767824
"beltrca01",2013,1,"SLN","NL",554,24,0.0433212996389892
"beltrca01",2014,1,"NYA","AL",403,15,0.0372208436724566
"beltrca01",2015,1,"NYA","AL",478,19,0.0397489539748954
"beltrca01",2016,1,"NYA","AL",359,22,0.0612813370473538
"beltrca01",2017,1,"HOU","AL",467,14,0.0299785867237687
"benarma01",1996,1,"SFN","NL",488,5,0.0102459016393443
"benarma01",1998,1,"SFN","NL",286,3,0.0104895104895105
"benarma01",1999,1,"SFN","NL",562,16,0.0284697508896797
"benarma01",2000,1,"SFN","NL",560,12,0.0214285714285714
"benarma01",2001,1,"SFN","NL",392,15,0.038265306122449
"benavfr01",1993,1,"COL","NL",213,3,0.0140845070422535
"benchjo01",1970,1,"CIN","NL",605,45,0.0743801652892562
"benchjo01",1971,1,"CIN","NL",562,27,0.0480427046263345
"benchjo01",1972,1,"CIN","NL",538,40,0.0743494423791822
"benchjo01",1973,1,"CIN","NL",557,25,0.0448833034111311
"benchjo01",1974,1,"CIN","NL",621,33,0.0531400966183575
"benchjo01",1975,1,"CIN","NL",530,28,0.0528301886792453
"benchjo01",1976,1,"CIN","NL",465,16,0.0344086021505376
"benchjo01",1977,1,"CIN","NL",494,31,0.062753036437247
"benchjo01",1978,1,"CIN","NL",393,23,0.0585241730279898
"benchjo01",1979,1,"CIN","NL",464,22,0.0474137931034483
"benchjo01",1980,1,"CIN","NL",360,24,0.0666666666666667
"benchjo01",1982,1,"CIN","NL",399,13,0.0325814536340852
"benchjo01",1983,1,"CIN","NL",310,12,0.0387096774193548
"benedbr01",1980,1,"ATL","NL",359,2,0.00557103064066852
"benedbr01",1981,1,"ATL","NL",295,5,0.0169491525423729
"benedbr01",1982,1,"ATL","NL",386,3,0.0077720207253886
"benedbr01",1983,1,"ATL","NL",423,2,0.00472813238770686
"benedbr01",1984,1,"ATL","NL",300,4,0.0133333333333333
"beninan01",2017,1,"BOS","AL",573,20,0.0349040139616056
"beninan01",2018,1,"BOS","AL",579,16,0.0276338514680484
"beninan01",2019,1,"BOS","AL",541,13,0.0240295748613678
"beninan01",2021,1,"KCA","AL",493,17,0.0344827586206897
"beninan01",2022,1,"KCA","AL",347,3,0.00864553314121038
"beninan01",2023,1,"CHA","AL",562,5,0.00889679715302491
"beninan01",2024,1,"CHA","AL",477,20,0.0419287211740042
"beninan01",2025,1,"CHA","AL",420,20,0.0476190476190476
"beniqju01",1974,1,"BOS","AL",389,5,0.012853470437018
"beniqju01",1975,1,"BOS","AL",254,2,0.0078740157480315
"beniqju01",1977,1,"TEX","AL",424,10,0.0235849056603774
"beniqju01",1978,1,"TEX","AL",473,11,0.0232558139534884
"beniqju01",1980,1,"SEA","AL",237,6,0.0253164556962025
"beniqju01",1983,1,"CAL","AL",315,3,0.00952380952380952
"beniqju01",1984,1,"CAL","AL",354,8,0.0225988700564972
"beniqju01",1985,1,"CAL","AL",411,8,0.0194647201946472
"beniqju01",1986,1,"BAL","AL",343,6,0.0174927113702624
"benitya01",1998,1,"ARI","NL",206,9,0.0436893203883495
"benjami01",1998,1,"BOS","AL",349,4,0.0114613180515759
"benjami01",1999,1,"PIT","NL",368,1,0.00271739130434783
"benjami01",2000,1,"PIT","NL",233,2,0.00858369098712446
"bennega01",2002,1,"COL","NL",291,4,0.013745704467354
"bennega01",2003,1,"SDN","NL",307,2,0.00651465798045603
"bennega01",2004,1,"MIL","NL",219,3,0.0136986301369863
"bensowi01",2023,1,"CIN","NL",287,11,0.0383275261324042
"bensowi01",2024,1,"CIN","NL",343,14,0.0408163265306122
"bensowi01",2025,1,"CIN","NL",230,12,0.0521739130434783
"benzito01",1987,1,"BOS","AL",223,8,0.0358744394618834
"benzito01",1988,1,"BOS","AL",405,13,0.0320987654320988
"benzito01",1989,1,"CIN","NL",628,17,0.0270700636942675
"benzito01",1990,1,"CIN","NL",376,5,0.0132978723404255
"benzito01",1991,2,"KCA","AL",293,2,0.0068259385665529
"benzito01",1992,1,"LAN","NL",293,4,0.0136518771331058
"benzito01",1994,1,"SFN","NL",328,9,0.0274390243902439
"bergda01",1999,1,"FLO","NL",304,3,0.00986842105263158
"bergda01",2000,1,"FLO","NL",210,1,0.00476190476190476
"bergda01",2001,1,"FLO","NL",215,4,0.0186046511627907
"bergda01",2002,1,"TOR","AL",374,4,0.0106951871657754
"bergepe01",2000,1,"MON","NL",518,5,0.00965250965250965
"bergepe01",2001,1,"MON","NL",375,3,0.008
"bergmda01",1984,1,"DET","AL",271,7,0.025830258302583
"bergmda01",1988,1,"DET","AL",289,5,0.0173010380622837
"bergmda01",1989,1,"DET","AL",385,7,0.0181818181818182
"bergmda01",1990,1,"DET","AL",205,2,0.00975609756097561
"berkmla01",2000,1,"HOU","NL",353,21,0.0594900849858357
"berkmla01",2001,1,"HOU","NL",577,34,0.0589254766031196
"berkmla01",2002,1,"HOU","NL",578,42,0.0726643598615917
"berkmla01",2003,1,"HOU","NL",538,25,0.0464684014869888
"berkmla01",2004,1,"HOU","NL",544,30,0.0551470588235294
"berkmla01",2005,1,"HOU","NL",468,24,0.0512820512820513
"berkmla01",2006,1,"HOU","NL",536,45,0.083955223880597
"berkmla01",2007,1,"HOU","NL",561,34,0.0606060606060606
"berkmla01",2008,1,"HOU","NL",554,29,0.0523465703971119
"berkmla01",2009,1,"HOU","NL",460,25,0.0543478260869565
"berkmla01",2010,1,"HOU","NL",298,13,0.0436241610738255
"berkmla01",2011,1,"SLN","NL",488,31,0.0635245901639344
"berkmla01",2013,1,"TEX","AL",256,6,0.0234375
"bernaro01",2010,1,"WAS","NL",414,11,0.0265700483091787
"bernaro01",2011,1,"WAS","NL",309,7,0.0226537216828479
"bernaro01",2012,1,"WAS","NL",227,5,0.0220264317180617
"bernato01",1981,1,"CHA","AL",384,6,0.015625
"bernato01",1982,1,"CHA","AL",540,11,0.0203703703703704
"bernato01",1983,1,"CHA","AL",233,2,0.00858369098712446
"bernato01",1983,2,"SEA","AL",300,6,0.02
"bernato01",1984,1,"CLE","AL",439,2,0.00455580865603645
"bernato01",1985,1,"CLE","AL",500,11,0.022
"bernato01",1986,1,"CLE","AL",562,17,0.0302491103202847
"bernato01",1987,1,"CLE","AL",293,11,0.037542662116041
"bernato01",1987,2,"OAK","AL",214,3,0.014018691588785
"bernhju01",1977,1,"SEA","AL",305,7,0.0229508196721311
"berrada01",1980,1,"PIT","NL",245,6,0.0244897959183673
"berrada01",1981,1,"PIT","NL",232,2,0.00862068965517241
"berrada01",1982,1,"PIT","NL",529,10,0.0189035916824197
"berrada01",1983,1,"PIT","NL",537,10,0.0186219739292365
"berrada01",1984,1,"PIT","NL",450,9,0.02
"berroan01",2003,1,"KCA","AL",567,17,0.0299823633156966
"berroan01",2004,1,"KCA","AL",512,8,0.015625
"berroan01",2005,1,"KCA","AL",608,11,0.0180921052631579
"berroan01",2006,1,"KCA","AL",474,9,0.0189873417721519
"berroan01",2008,1,"LAN","NL",226,1,0.00442477876106195
"berroge01",1994,1,"OAK","AL",340,13,0.0382352941176471
"berroge01",1995,1,"OAK","AL",546,22,0.0402930402930403
"berroge01",1996,1,"OAK","AL",586,36,0.0614334470989761
"berroge01",1997,1,"OAK","AL",261,16,0.0613026819923372
"berroge01",1997,2,"BAL","AL",300,10,0.0333333333333333
"berryda01",1988,1,"CHN","NL",309,7,0.0226537216828479
"berryda01",1989,1,"CHN","NL",334,5,0.0149700598802395
"berryda01",1992,1,"ATL","NL",307,10,0.0325732899022801
"berryda01",1993,1,"ATL","NL",335,8,0.0238805970149254
"berryda01",1994,1,"BOS","AL",255,6,0.0235294117647059
"berryke01",1970,1,"CHA","AL",463,7,0.0151187904967603
"berryke01",1971,1,"CAL","AL",298,3,0.0100671140939597
"berryke01",1972,1,"CAL","AL",409,5,0.0122249388753056
"berryke01",1973,1,"CAL","AL",415,3,0.0072289156626506
"berryke01",1974,1,"ML4","AL",267,1,0.00374531835205993
"berryqu01",2012,1,"DET","AL",291,2,0.00687285223367698
"berryse01",1993,1,"MON","NL",299,14,0.0468227424749164
"berryse01",1994,1,"MON","NL",320,11,0.034375
"berryse01",1995,1,"MON","NL",314,14,0.0445859872611465
"berryse01",1996,1,"HOU","NL",431,17,0.0394431554524362
"berryse01",1997,1,"HOU","NL",301,8,0.026578073089701
"berryse01",1998,1,"HOU","NL",299,13,0.0434782608695652
"berryse01",1999,1,"MIL","NL",259,2,0.00772200772200772
"bertijo01",2019,1,"MIA","NL",256,6,0.0234375
"bertijo01",2021,1,"MIA","NL",233,4,0.0171673819742489
"bertijo01",2022,1,"MIA","NL",358,4,0.0111731843575419
"bertijo01",2023,1,"MIA","NL",388,7,0.0180412371134021
"betanyu01",2005,1,"SEA","AL",211,1,0.004739336492891
"betanyu01",2006,1,"SEA","AL",558,8,0.014336917562724
"betanyu01",2007,1,"SEA","AL",536,9,0.0167910447761194
"betanyu01",2008,1,"SEA","AL",559,7,0.0125223613595707
"betanyu01",2009,1,"SEA","AL",224,2,0.00892857142857143
"betanyu01",2009,2,"KCA","AL",246,4,0.016260162601626
"betanyu01",2010,1,"KCA","AL",556,16,0.0287769784172662
"betanyu01",2011,1,"MIL","NL",556,13,0.0233812949640288
"betanyu01",2012,1,"KCA","AL",215,7,0.0325581395348837
"betanyu01",2013,1,"MIL","NL",391,13,0.0332480818414322
"betemwi01",2005,1,"ATL","NL",246,4,0.016260162601626
"betemwi01",2010,1,"KCA","AL",276,13,0.0471014492753623
"betemwi01",2011,1,"KCA","AL",203,3,0.0147783251231527
"betemwi01",2012,1,"BAL","AL",341,12,0.0351906158357771
"bethach01",2023,1,"TBA","AL",315,11,0.0349206349206349
"bettsmo01",2015,1,"BOS","AL",597,18,0.0301507537688442
"bettsmo01",2016,1,"BOS","AL",672,31,0.0461309523809524
"bettsmo01",2017,1,"BOS","AL",628,24,0.0382165605095541
"bettsmo01",2018,1,"BOS","AL",520,32,0.0615384615384615
"bettsmo01",2019,1,"BOS","AL",597,29,0.0485762144053601
"bettsmo01",2020,1,"LAN","NL",219,16,0.0730593607305936
"bettsmo01",2021,1,"LAN","NL",466,23,0.0493562231759657
"bettsmo01",2022,1,"LAN","NL",572,35,0.0611888111888112
"bettsmo01",2023,1,"LAN","NL",584,39,0.0667808219178082
"bettsmo01",2024,1,"LAN","NL",450,19,0.0422222222222222
"bettsmo01",2025,1,"LAN","NL",589,20,0.033955857385399
"bevacku01",1973,1,"KCA","AL",276,2,0.0072463768115942
"bevacku01",1975,1,"ML4","AL",258,2,0.00775193798449612
"bevacku01",1978,1,"TEX","AL",248,6,0.0241935483870968
"bevacku01",1979,1,"SDN","NL",297,1,0.00336700336700337
"biancje01",2013,1,"MIL","NL",236,1,0.00423728813559322
"bichebo01",2021,1,"TOR","AL",640,29,0.0453125
"bichebo01",2022,1,"TOR","AL",652,24,0.0368098159509203
"bichebo01",2023,1,"TOR","AL",571,20,0.0350262697022767
"bichebo01",2024,1,"TOR","AL",311,4,0.0128617363344051
"bichebo01",2025,1,"TOR","AL",582,18,0.0309278350515464
"bicheda01",1990,1,"CAL","AL",349,15,0.0429799426934097
"bicheda01",1991,1,"ML4","AL",445,15,0.0337078651685393
"bicheda01",1992,1,"ML4","AL",387,5,0.0129198966408269
"bicheda01",1993,1,"COL","NL",538,21,0.0390334572490706
"bicheda01",1994,1,"COL","NL",484,27,0.0557851239669422
"bicheda01",1995,1,"COL","NL",579,40,0.0690846286701209
"bicheda01",1996,1,"COL","NL",633,31,0.0489731437598736
"bicheda01",1997,1,"COL","NL",561,26,0.0463458110516934
"bicheda01",1998,1,"COL","NL",662,22,0.0332326283987915
"bicheda01",1999,1,"COL","NL",593,34,0.0573355817875211
"bicheda01",2000,1,"CIN","NL",461,16,0.03470715835141
"bicheda01",2001,1,"BOS","AL",391,12,0.030690537084399
"bigbila01",2003,1,"BAL","AL",287,9,0.0313588850174216
"bigbila01",2004,1,"BAL","AL",478,15,0.0313807531380753
"bigbila01",2005,1,"BAL","AL",206,5,0.0242718446601942
"biggica01",2019,1,"TOR","AL",354,16,0.0451977401129944
"biggica01",2020,1,"TOR","AL",220,8,0.0363636363636364
"biggica01",2021,1,"TOR","AL",250,7,0.028
"biggica01",2022,1,"TOR","AL",257,6,0.0233463035019455
"biggica01",2023,1,"TOR","AL",289,9,0.0311418685121107
"biggicr01",1989,1,"HOU","NL",443,13,0.0293453724604966
"biggicr01",1990,1,"HOU","NL",555,4,0.00720720720720721
"biggicr01",1991,1,"HOU","NL",546,4,0.00732600732600733
"biggicr01",1992,1,"HOU","NL",613,6,0.0097879282218597
"biggicr01",1993,1,"HOU","NL",610,21,0.0344262295081967
"biggicr01",1994,1,"HOU","NL",437,6,0.0137299771167048
"biggicr01",1995,1,"HOU","NL",553,22,0.0397830018083183
"biggicr01",1996,1,"HOU","NL",605,15,0.0247933884297521
"biggicr01",1997,1,"HOU","NL",619,22,0.0355411954765751
"biggicr01",1998,1,"HOU","NL",646,20,0.0309597523219814
"biggicr01",1999,1,"HOU","NL",639,16,0.0250391236306729
"biggicr01",2000,1,"HOU","NL",377,8,0.0212201591511936
"biggicr01",2001,1,"HOU","NL",617,20,0.0324149108589951
"biggicr01",2002,1,"HOU","NL",577,15,0.0259965337954939
"biggicr01",2003,1,"HOU","NL",628,15,0.0238853503184713
"biggicr01",2004,1,"HOU","NL",633,24,0.037914691943128
"biggicr01",2005,1,"HOU","NL",590,26,0.0440677966101695
"biggicr01",2006,1,"HOU","NL",548,21,0.0383211678832117
"biggicr01",2007,1,"HOU","NL",517,10,0.0193423597678917
"biittla01",1972,1,"TEX","AL",382,3,0.00785340314136126
"biittla01",1973,1,"TEX","AL",258,1,0.00387596899224806
"biittla01",1975,1,"MON","NL",346,3,0.00867052023121387
"biittla01",1977,1,"CHN","NL",493,12,0.024340770791075
"biittla01",1978,1,"CHN","NL",343,4,0.0116618075801749
"biittla01",1979,1,"CHN","NL",272,3,0.0110294117647059
"biittla01",1980,1,"CHN","NL",273,1,0.00366300366300366
"bilarda01",1983,1,"CIN","NL",298,9,0.0302013422818792
"billidi01",1971,1,"WS2","AL",349,6,0.0171919770773639
"billidi01",1972,1,"TEX","AL",469,5,0.0106609808102345
"billidi01",1973,1,"TEX","AL",280,3,0.0107142857142857
"birdgr01",2018,1,"NYA","AL",272,11,0.0404411764705882
"blackch02",2013,1,"COL","NL",246,6,0.024390243902439
"blackch02",2014,1,"COL","NL",593,19,0.0320404721753794
"blackch02",2015,1,"COL","NL",614,17,0.0276872964169381
"blackch02",2016,1,"COL","NL",578,29,0.0501730103806228
"blackch02",2017,1,"COL","NL",644,37,0.0574534161490683
"blackch02",2018,1,"COL","NL",626,29,0.0463258785942492
"blackch02",2019,1,"COL","NL",580,32,0.0551724137931035
"blackch02",2020,1,"COL","NL",221,6,0.0271493212669683
"blackch02",2021,1,"COL","NL",514,13,0.0252918287937743
"blackch02",2022,1,"COL","NL",530,16,0.030188679245283
"blackch02",2023,1,"COL","NL",359,8,0.0222841225626741
"blackch02",2024,1,"COL","NL",449,12,0.0267260579064588
"blackti01",1980,1,"CHN","NL",320,5,0.015625
"blairpa01",1970,1,"BAL","AL",480,18,0.0375
"blairpa01",1971,1,"BAL","AL",516,10,0.0193798449612403
"blairpa01",1972,1,"BAL","AL",477,8,0.0167714884696017
"blairpa01",1973,1,"BAL","AL",500,10,0.02
"blairpa01",1974,1,"BAL","AL",552,17,0.0307971014492754
"blairpa01",1975,1,"BAL","AL",440,5,0.0113636363636364
"blairpa01",1976,1,"BAL","AL",375,3,0.008
"blakeca01",2003,1,"CLE","AL",557,17,0.0305206463195691
"blakeca01",2004,1,"CLE","AL",587,28,0.0477001703577513
"blakeca01",2005,1,"CLE","AL",523,23,0.0439770554493308
"blakeca01",2006,1,"CLE","AL",401,19,0.0473815461346633
"blakeca01",2007,1,"CLE","AL",588,18,0.0306122448979592
"blakeca01",2008,1,"CLE","AL",325,11,0.0338461538461539
"blakeca01",2008,2,"LAN","NL",211,10,0.04739336492891
"blakeca01",2009,1,"LAN","NL",485,18,0.0371134020618557
"blakeca01",2010,1,"LAN","NL",509,17,0.0333988212180747
"blakeca01",2011,1,"LAN","NL",202,4,0.0198019801980198
"blaloha01",2003,1,"TEX","AL",567,29,0.0511463844797178
"blaloha01",2004,1,"TEX","AL",624,32,0.0512820512820513
"blaloha01",2005,1,"TEX","AL",647,25,0.0386398763523957
"blaloha01",2006,1,"TEX","AL",591,16,0.027072758037225
"blaloha01",2007,1,"TEX","AL",208,10,0.0480769230769231
"blaloha01",2008,1,"TEX","AL",258,12,0.0465116279069767
"blaloha01",2009,1,"TEX","AL",462,25,0.0541125541125541
"blancan01",2015,1,"PHI","NL",233,7,0.0300429184549356
"blancgr01",2008,1,"ATL","NL",430,1,0.00232558139534884
"blancgr01",2012,1,"SFN","NL",393,5,0.0127226463104326
"blancgr01",2013,1,"SFN","NL",452,3,0.00663716814159292
"blancgr01",2014,1,"SFN","NL",393,5,0.0127226463104326
"blancgr01",2015,1,"SFN","NL",327,5,0.0152905198776758
"blancgr01",2016,1,"SFN","NL",241,1,0.004149377593361
"blancgr01",2017,1,"ARI","NL",224,3,0.0133928571428571
"blanche01",1999,1,"COL","NL",263,6,0.0228136882129278
"blanche01",2000,1,"MIL","NL",284,7,0.0246478873239437
"blanche01",2001,1,"MIL","NL",314,6,0.0191082802547771
"blanche01",2002,1,"ATL","NL",221,6,0.0271493212669683
"blanche01",2004,1,"MIN","AL",315,10,0.0317460317460317
"blanche01",2006,1,"CHN","NL",241,6,0.024896265560166
"blanche01",2009,1,"SDN","NL",204,6,0.0294117647058824
"blankky01",2013,1,"SDN","NL",280,8,0.0285714285714286
"blankla01",1975,1,"ATL","NL",471,3,0.00636942675159236
"blankla01",1976,1,"CLE","AL",328,5,0.0152439024390244
"blankla01",1977,1,"CLE","AL",322,6,0.0186335403726708
"blankla01",1980,1,"ATL","NL",221,2,0.00904977375565611
"blankla02",1992,1,"OAK","AL",349,3,0.00859598853868195
"blankla02",1993,1,"OAK","AL",252,2,0.00793650793650794
"blausje01",1989,1,"ATL","NL",456,12,0.0263157894736842
"blausje01",1990,1,"ATL","NL",386,8,0.0207253886010363
"blausje01",1991,1,"ATL","NL",352,11,0.03125
"blausje01",1992,1,"ATL","NL",343,14,0.0408163265306122
"blausje01",1993,1,"ATL","NL",597,15,0.0251256281407035
"blausje01",1994,1,"ATL","NL",380,6,0.0157894736842105
"blausje01",1995,1,"ATL","NL",431,12,0.0278422273781903
"blausje01",1996,1,"ATL","NL",265,10,0.0377358490566038
"blausje01",1997,1,"ATL","NL",519,17,0.0327552986512524
"blausje01",1998,1,"CHN","NL",361,4,0.0110803324099723
"blausje01",1999,1,"CHN","NL",200,9,0.045
"bledajj01",2022,1,"MIA","NL",204,5,0.0245098039215686
"bledajj01",2023,1,"OAK","AL",256,10,0.0390625
"bledajj01",2024,1,"OAK","AL",572,20,0.034965034965035
"bledajj01",2025,1,"ATH","AL",307,14,0.0456026058631922
"blefacu01",1970,1,"NYA","AL",269,9,0.033457249070632
"blombro01",1972,1,"NYA","AL",299,14,0.0468227424749164
"blombro01",1973,1,"NYA","AL",301,12,0.0398671096345515
"blombro01",1974,1,"NYA","AL",264,10,0.0378787878787879
"bloomwi01",2006,1,"SEA","AL",251,1,0.00398406374501992
"bloomwi01",2009,1,"KCA","AL",434,4,0.00921658986175115
"bloomwi01",2011,1,"ARI","NL",350,4,0.0114285714285714
"blowemi01",1993,1,"SEA","AL",379,15,0.0395778364116095
"blowemi01",1994,1,"SEA","AL",270,9,0.0333333333333333
"blowemi01",1995,1,"SEA","AL",439,23,0.0523917995444191
"blowemi01",1996,1,"LAN","NL",317,6,0.0189274447949527
"blowemi01",1998,1,"OAK","AL",409,11,0.0268948655256724
"blumge01",2000,1,"MON","NL",343,11,0.032069970845481
"blumge01",2001,1,"MON","NL",453,9,0.0198675496688742
"blumge01",2002,1,"HOU","NL",368,10,0.0271739130434783
"blumge01",2003,1,"HOU","NL",420,10,0.0238095238095238
"blumge01",2004,1,"TBA","AL",339,8,0.023598820058997
"blumge01",2005,1,"SDN","NL",224,5,0.0223214285714286
"blumge01",2006,1,"SDN","NL",276,4,0.0144927536231884
"blumge01",2007,1,"SDN","NL",330,5,0.0151515151515152
"blumge01",2008,1,"HOU","NL",325,14,0.0430769230769231
"blumge01",2009,1,"HOU","NL",381,10,0.026246719160105
"blumge01",2010,1,"HOU","NL",202,2,0.0099009900990099
"boccajo01",1972,1,"MON","NL",207,1,0.00483091787439614
"boccajo01",1973,1,"MON","NL",403,7,0.0173697270471464
"bochtbr01",1975,1,"CAL","AL",375,3,0.008
"bochtbr01",1976,1,"CAL","AL",466,2,0.00429184549356223
"bochtbr01",1977,2,"CLE","AL",392,5,0.0127551020408163
"bochtbr01",1978,1,"SEA","AL",486,11,0.0226337448559671
"bochtbr01",1979,1,"SEA","AL",554,16,0.0288808664259928
"bochtbr01",1980,1,"SEA","AL",520,13,0.025
"bochtbr01",1981,1,"SEA","AL",335,6,0.017910447761194
"bochtbr01",1982,1,"SEA","AL",509,12,0.0235756385068762
"bochtbr01",1984,1,"OAK","AL",469,5,0.0106609808102345
"bochtbr01",1985,1,"OAK","AL",424,14,0.0330188679245283
"bochtbr01",1986,1,"OAK","AL",407,6,0.0147420147420147
"boescbr01",2010,1,"DET","AL",464,14,0.0301724137931034
"boescbr01",2011,1,"DET","AL",428,16,0.0373831775700935
"boescbr01",2012,1,"DET","AL",470,12,0.025531914893617
"bogaexa01",2014,1,"BOS","AL",538,12,0.0223048327137546
"bogaexa01",2015,1,"BOS","AL",613,7,0.0114192495921697
"bogaexa01",2016,1,"BOS","AL",652,21,0.0322085889570552
"bogaexa01",2017,1,"BOS","AL",571,10,0.0175131348511384
"bogaexa01",2018,1,"BOS","AL",513,23,0.0448343079922027
"bogaexa01",2019,1,"BOS","AL",614,33,0.0537459283387622
"bogaexa01",2020,1,"BOS","AL",203,11,0.0541871921182266
"bogaexa01",2021,1,"BOS","AL",529,23,0.0434782608695652
"bogaexa01",2022,1,"BOS","AL",557,15,0.0269299820466786
"bogaexa01",2023,1,"SDN","NL",596,19,0.0318791946308725
"bogaexa01",2024,1,"SDN","NL",428,11,0.0257009345794392
"bogaexa01",2025,1,"SDN","NL",491,11,0.0224032586558045
"bogarti01",1993,1,"NYN","NL",205,3,0.0146341463414634
"bogarti01",1997,1,"HOU","NL",241,4,0.016597510373444
"bogarti01",1999,1,"HOU","NL",309,4,0.0129449838187702
"bogarti01",2000,1,"HOU","NL",304,7,0.0230263157894737
"boggsbr01",2008,1,"TEX","AL",283,8,0.0282685512367491
"boggswa01",1982,1,"BOS","AL",338,5,0.014792899408284
"boggswa01",1983,1,"BOS","AL",582,5,0.00859106529209622
"boggswa01",1984,1,"BOS","AL",625,6,0.0096
"boggswa01",1985,1,"BOS","AL",653,8,0.0122511485451761
"boggswa01",1986,1,"BOS","AL",580,8,0.0137931034482759
"boggswa01",1987,1,"BOS","AL",551,24,0.043557168784029
"boggswa01",1988,1,"BOS","AL",584,5,0.00856164383561644
"boggswa01",1989,1,"BOS","AL",621,3,0.00483091787439614
"boggswa01",1990,1,"BOS","AL",619,6,0.00969305331179321
"boggswa01",1991,1,"BOS","AL",546,8,0.0146520146520147
"boggswa01",1992,1,"BOS","AL",514,7,0.0136186770428016
"boggswa01",1993,1,"NYA","AL",560,2,0.00357142857142857
"boggswa01",1994,1,"NYA","AL",366,11,0.0300546448087432
"boggswa01",1995,1,"NYA","AL",460,5,0.0108695652173913
"boggswa01",1996,1,"NYA","AL",501,2,0.00399201596806387
"boggswa01",1997,1,"NYA","AL",353,4,0.0113314447592068
"boggswa01",1998,1,"TBA","AL",435,7,0.0160919540229885
"boggswa01",1999,1,"TBA","AL",292,2,0.00684931506849315
"bogusbr01",2012,1,"HOU","NL",355,7,0.0197183098591549
"bohmal01",2021,1,"PHI","NL",380,7,0.0184210526315789
"bohmal01",2022,1,"PHI","NL",586,13,0.0221843003412969
"bohmal01",2023,1,"PHI","NL",558,20,0.03584229390681
"bohmal01",2024,1,"PHI","NL",554,15,0.0270758122743682
"bohmal01",2025,1,"PHI","NL",464,11,0.0237068965517241
"boiscbr01",1976,1,"NYN","NL",286,2,0.00699300699300699
"boiscbr01",1977,1,"NYN","NL",307,4,0.0130293159609121
"boiscbr01",1978,1,"NYN","NL",214,4,0.0186915887850467
"bolicfr01",1993,1,"MON","NL",213,4,0.0187793427230047
"bondsba01",1986,1,"PIT","NL",413,16,0.0387409200968523
"bondsba01",1987,1,"PIT","NL",551,25,0.0453720508166969
"bondsba01",1988,1,"PIT","NL",538,24,0.0446096654275093
"bondsba01",1989,1,"PIT","NL",580,19,0.0327586206896552
"bondsba01",1990,1,"PIT","NL",519,33,0.0635838150289017
"bondsba01",1991,1,"PIT","NL",510,25,0.0490196078431372
"bondsba01",1992,1,"PIT","NL",473,34,0.0718816067653277
"bondsba01",1993,1,"SFN","NL",539,46,0.0853432282003711
"bondsba01",1994,1,"SFN","NL",391,37,0.0946291560102302
"bondsba01",1995,1,"SFN","NL",506,33,0.0652173913043478
"bondsba01",1996,1,"SFN","NL",517,42,0.0812379110251451
"bondsba01",1997,1,"SFN","NL",532,40,0.075187969924812
"bondsba01",1998,1,"SFN","NL",552,37,0.0670289855072464
"bondsba01",1999,1,"SFN","NL",355,34,0.0957746478873239
"bondsba01",2000,1,"SFN","NL",480,49,0.102083333333333
"bondsba01",2001,1,"SFN","NL",476,73,0.153361344537815
"bondsba01",2002,1,"SFN","NL",403,46,0.114143920595533
"bondsba01",2003,1,"SFN","NL",390,45,0.115384615384615
"bondsba01",2004,1,"SFN","NL",373,45,0.120643431635389
"bondsba01",2006,1,"SFN","NL",367,26,0.0708446866485014
"bondsba01",2007,1,"SFN","NL",340,28,0.0823529411764706
"bondsbo01",1970,1,"SFN","NL",663,26,0.0392156862745098
"bondsbo01",1971,1,"SFN","NL",619,33,0.0533117932148627
"bondsbo01",1972,1,"SFN","NL",626,26,0.0415335463258786
"bondsbo01",1973,1,"SFN","NL",643,39,0.0606531881804043
"bondsbo01",1974,1,"SFN","NL",567,21,0.037037037037037
"bondsbo01",1975,1,"NYA","AL",529,32,0.0604914933837429
"bondsbo01",1976,1,"CAL","AL",378,10,0.0264550264550265
"bondsbo01",1977,1,"CAL","AL",592,37,0.0625
"bondsbo01",1978,2,"TEX","AL",475,29,0.0610526315789474
"bondsbo01",1979,1,"CLE","AL",538,25,0.0464684014869888
"bondsbo01",1980,1,"SLN","NL",231,5,0.0216450216450216
"bonifem01",2009,1,"FLO","NL",461,1,0.00216919739696312
"bonifem01",2011,1,"FLO","NL",565,5,0.00884955752212390
"bonifem01",2012,1,"MIA","NL",244,1,0.0040983606557377
"bonifem01",2013,1,"TOR","AL",262,3,0.0114503816793893
"bonifem01",2014,1,"CHN","NL",276,2,0.0072463768115942
"bonifjo01",2017,1,"KCA","AL",384,17,0.0442708333333333
"bonifjo01",2018,1,"KCA","AL",236,4,0.0169491525423729
"bonilbo01",1986,1,"CHA","AL",234,2,0.00854700854700855
"bonilbo01",1987,1,"PIT","NL",466,15,0.0321888412017167
"bonilbo01",1988,1,"PIT","NL",584,24,0.0410958904109589
"bonilbo01",1989,1,"PIT","NL",616,24,0.038961038961039
"bonilbo01",1990,1,"PIT","NL",625,32,0.0512
"bonilbo01",1991,1,"PIT","NL",577,18,0.0311958405545927
"bonilbo01",1992,1,"NYN","NL",438,19,0.04337899543379
"bonilbo01",1993,1,"NYN","NL",502,34,0.0677290836653386
"bonilbo01",1994,1,"NYN","NL",403,20,0.0496277915632754
"bonilbo01",1995,1,"NYN","NL",317,18,0.056782334384858
"bonilbo01",1995,2,"BAL","AL",237,10,0.0421940928270042
"bonilbo01",1996,1,"BAL","AL",595,28,0.0470588235294118
"bonilbo01",1997,1,"FLO","NL",562,17,0.0302491103202847
"bonilbo01",1998,2,"LAN","NL",236,7,0.0296610169491525
"bonilbo01",2000,1,"ATL","NL",239,5,0.0209205020920502
"bonilju01",1981,1,"SDN","NL",369,1,0.002710027100271
"bonilju01",1983,1,"SDN","NL",556,4,0.00719424460431655
"bonilju01",1986,1,"BAL","AL",284,1,0.00352112676056338
"bonneba01",1977,1,"ATL","NL",360,1,0.00277777777777778
"bonneba01",1978,1,"ATL","NL",304,1,0.00328947368421053
"bonneba01",1979,1,"ATL","NL",375,12,0.032
"bonneba01",1980,1,"TOR","AL",463,13,0.0280777537796976
"bonneba01",1981,1,"TOR","AL",227,4,0.0176211453744493
"bonneba01",1982,1,"TOR","AL",437,6,0.0137299771167048
"bonneba01",1983,1,"TOR","AL",377,10,0.026525198938992
"bonneba01",1984,1,"SEA","AL",363,8,0.0220385674931129
"booneaa01",1999,1,"CIN","NL",472,14,0.0296610169491525
"booneaa01",2000,1,"CIN","NL",291,12,0.0412371134020619
"booneaa01",2001,1,"CIN","NL",381,14,0.036745406824147
"booneaa01",2002,1,"CIN","NL",606,26,0.0429042904290429
"booneaa01",2003,1,"CIN","NL",403,18,0.0446650124069479
"booneaa01",2005,1,"CLE","AL",511,16,0.0313111545988258
"booneaa01",2006,1,"CLE","AL",354,7,0.019774011299435
"booneaa01",2008,1,"WAS","NL",232,6,0.0258620689655172
"boonebo01",1973,1,"PHI","NL",521,10,0.0191938579654511
"boonebo01",1974,1,"PHI","NL",488,3,0.00614754098360656
"boonebo01",1975,1,"PHI","NL",289,2,0.0069204152249135
"boonebo01",1976,1,"PHI","NL",361,4,0.0110803324099723
"boonebo01",1977,1,"PHI","NL",440,11,0.025
"boonebo01",1978,1,"PHI","NL",435,12,0.0275862068965517
"boonebo01",1979,1,"PHI","NL",398,9,0.0226130653266332
"boonebo01",1980,1,"PHI","NL",480,9,0.01875
"boonebo01",1981,1,"PHI","NL",227,4,0.0176211453744493
"boonebo01",1982,1,"CAL","AL",472,7,0.0148305084745763
"boonebo01",1983,1,"CAL","AL",468,9,0.0192307692307692
"boonebo01",1984,1,"CAL","AL",450,3,0.00666666666666667
"boonebo01",1985,1,"CAL","AL",460,5,0.0108695652173913
"boonebo01",1986,1,"CAL","AL",442,7,0.0158371040723982
"boonebo01",1987,1,"CAL","AL",389,3,0.0077120822622108
"boonebo01",1988,1,"CAL","AL",352,5,0.0142045454545455
"boonebo01",1989,1,"KCA","AL",405,1,0.00246913580246914
"boonebr01",1993,1,"SEA","AL",271,12,0.044280442804428
"boonebr01",1994,1,"CIN","NL",381,12,0.031496062992126
"boonebr01",1995,1,"CIN","NL",513,15,0.0292397660818713
"boonebr01",1996,1,"CIN","NL",520,12,0.0230769230769231
"boonebr01",1997,1,"CIN","NL",443,7,0.0158013544018059
"boonebr01",1998,1,"CIN","NL",583,24,0.0411663807890223
"boonebr01",1999,1,"ATL","NL",608,20,0.0328947368421053
"boonebr01",2000,1,"SDN","NL",463,19,0.041036717062635
"boonebr01",2001,1,"SEA","AL",623,37,0.0593900481540931
"boonebr01",2002,1,"SEA","AL",608,24,0.0394736842105263
"boonebr01",2003,1,"SEA","AL",622,35,0.0562700964630225
"boonebr01",2004,1,"SEA","AL",593,24,0.0404721753794266
"boonebr01",2005,1,"SEA","AL",273,7,0.0256410256410256
"borboju01",2010,1,"TEX","AL",438,3,0.00684931506849315
"borchjo01",2004,1,"CHA","AL",201,9,0.0447761194029851
"borchjo01",2006,2,"FLO","NL",230,10,0.0434782608695652
"bordepa01",1989,1,"TOR","AL",241,3,0.012448132780083
"bordepa01",1990,1,"TOR","AL",346,15,0.0433526011560694
"bordepa01",1991,1,"TOR","AL",291,5,0.0171821305841924
"bordepa01",1992,1,"TOR","AL",480,13,0.0270833333333333
"bordepa01",1993,1,"TOR","AL",488,9,0.0184426229508197
"bordepa01",1994,1,"TOR","AL",295,3,0.0101694915254237
"bordimi01",1992,1,"OAK","AL",504,3,0.00595238095238095
"bordimi01",1993,1,"OAK","AL",546,3,0.0054945054945055
"bordimi01",1994,1,"OAK","AL",391,2,0.0051150895140665
"bordimi01",1995,1,"OAK","AL",428,8,0.0186915887850467
"bordimi01",1996,1,"OAK","AL",525,5,0.00952380952380952
"bordimi01",1997,1,"BAL","AL",509,7,0.0137524557956778
"bordimi01",1998,1,"BAL","AL",465,13,0.0279569892473118
"bordimi01",1999,1,"BAL","AL",631,10,0.0158478605388273
"bordimi01",2000,1,"BAL","AL",391,16,0.040920716112532
"bordimi01",2001,1,"BAL","AL",229,7,0.0305676855895197
"bordimi01",2002,1,"BAL","AL",367,8,0.0217983651226158
"bordimi01",2003,1,"TOR","AL",343,5,0.0145772594752187
"borgmgl01",1974,1,"MIN","AL",345,3,0.00869565217391304
"borgmgl01",1975,1,"MIN","AL",352,2,0.00568181818181818
"bosetri01",1978,1,"TOR","AL",568,5,0.00880281690140845
"bosetri01",1979,1,"TOR","AL",619,8,0.012924071082391
"bosleth01",1978,1,"CHA","AL",219,2,0.0091324200913242
"bostoda01",1985,1,"CHA","AL",232,3,0.0129310344827586
"bostoda01",1987,1,"CHA","AL",337,10,0.029673590504451
"bostoda01",1988,1,"CHA","AL",281,15,0.0533807829181495
"bostoda01",1989,1,"CHA","AL",218,5,0.0229357798165138
"bostoda01",1990,2,"NYN","NL",366,12,0.0327868852459016
"bostoda01",1991,1,"NYN","NL",255,4,0.0156862745098039
"bostoda01",1992,1,"NYN","NL",289,11,0.0380622837370242
"bostoda01",1993,1,"COL","NL",291,14,0.0481099656357388
"bostoly01",1976,1,"MIN","AL",474,4,0.00843881856540084
"bostoly01",1977,1,"MIN","AL",593,14,0.0236087689713322
"bostoly01",1978,1,"CAL","AL",568,5,0.00880281690140845
"bosweke01",1970,1,"NYN","NL",351,5,0.0142450142450142
"bosweke01",1971,1,"NYN","NL",392,5,0.0127551020408163
"bosweke01",1972,1,"NYN","NL",355,9,0.0253521126760563
"bosweke01",1974,1,"NYN","NL",222,2,0.00900900900900901
"boteda01",2019,1,"CHN","NL",303,11,0.0363036303630363
"boteda01",2021,1,"CHN","NL",291,8,0.0274914089347079
"bourgja01",2011,1,"HOU","NL",238,1,0.00420168067226891
"bourjpe01",2011,1,"LAA","AL",502,12,0.0239043824701195
"bourjpe01",2014,1,"SLN","NL",264,4,0.0151515151515152
"bourjpe01",2016,1,"PHI","NL",355,5,0.0140845070422535
"bourju01",2015,1,"MIA","NL",409,23,0.0562347188264059
"bourju01",2016,1,"MIA","NL",280,15,0.0535714285714286
"bourju01",2017,1,"MIA","NL",377,25,0.0663129973474801
"bourju01",2018,1,"MIA","NL",374,19,0.0508021390374332
"bournmi01",2008,1,"HOU","NL",467,5,0.0107066381156317
"bournmi01",2009,1,"HOU","NL",606,3,0.00495049504950495
"bournmi01",2010,1,"HOU","NL",535,2,0.00373831775700935
"bournmi01",2011,1,"HOU","NL",429,1,0.00233100233100233
"bournmi01",2011,2,"ATL","NL",227,1,0.00440528634361234
"bournmi01",2012,1,"ATL","NL",624,9,0.0144230769230769
"bournmi01",2013,1,"CLE","AL",525,6,0.0114285714285714
"bournmi01",2014,1,"CLE","AL",444,3,0.00675675675675676
"bournmi01",2016,1,"ARI","NL",329,3,0.00911854103343465
"bournra01",1997,1,"OAK","AL",222,1,0.0045045045045045
"bournra01",1998,1,"OAK","AL",209,1,0.00478468899521531
"bowala01",1972,1,"PHI","NL",579,1,0.00172711571675302
"bowala01",1974,1,"PHI","NL",669,1,0.00149476831091181
"bowala01",1975,1,"PHI","NL",583,2,0.00343053173241852
"bowala01",1977,1,"PHI","NL",624,4,0.00641025641025641
"bowala01",1978,1,"PHI","NL",654,3,0.00458715596330275
"bowala01",1980,1,"PHI","NL",540,2,0.0037037037037037
"bowala01",1983,1,"CHN","NL",499,2,0.00400801603206413
"bowkejo01",2008,1,"SFN","NL",326,10,0.0306748466257669
"boyercl02",1970,1,"ATL","NL",475,16,0.0336842105263158
"bradlbo01",2021,1,"CLE","AL",245,16,0.0653061224489796
"bradlja02",2014,1,"BOS","AL",384,1,0.00260416666666667
"bradlja02",2015,1,"BOS","AL",221,10,0.0452488687782805
"bradlja02",2016,1,"BOS","AL",558,26,0.046594982078853
"bradlja02",2017,1,"BOS","AL",482,17,0.0352697095435685
"bradlja02",2018,1,"BOS","AL",474,13,0.0274261603375527
"bradlja02",2019,1,"BOS","AL",494,21,0.0425101214574899
"bradlja02",2021,1,"MIL","NL",387,6,0.0155038759689922
"bradlja02",2022,1,"BOS","AL",271,3,0.011070110701107
"bradlmi01",2001,1,"MON","NL",220,1,0.00454545454545455
"bradlmi01",2002,1,"CLE","AL",325,9,0.0276923076923077
"bradlmi01",2003,1,"CLE","AL",377,10,0.026525198938992
"bradlmi01",2004,1,"LAN","NL",516,19,0.0368217054263566
"bradlmi01",2005,1,"LAN","NL",283,13,0.0459363957597173
"bradlmi01",2006,1,"OAK","AL",351,14,0.0398860398860399
"bradlmi01",2008,1,"TEX","AL",414,22,0.0531400966183575
"bradlmi01",2009,1,"CHN","NL",393,12,0.0305343511450382
"bradlmi01",2010,1,"SEA","AL",244,8,0.0327868852459016
"bradlph01",1985,1,"SEA","AL",641,26,0.0405616224648986
"bradlph01",1986,1,"SEA","AL",526,12,0.0228136882129278
"bradlph01",1987,1,"SEA","AL",603,14,0.0232172470978441
"bradlph01",1988,1,"PHI","NL",569,11,0.0193321616871705
"bradlph01",1989,1,"BAL","AL",545,11,0.0201834862385321
"bradlph01",1990,1,"BAL","AL",289,4,0.013840830449827
"bradlsc01",1987,1,"SEA","AL",342,5,0.0146198830409357
"bradlsc01",1988,1,"SEA","AL",335,4,0.0119402985074627
"bradlsc01",1989,1,"SEA","AL",270,3,0.0111111111111111
"bradlsc01",1990,1,"SEA","AL",233,1,0.00429184549356223
"braggda01",1996,2,"BOS","AL",222,3,0.0135135135135135
"braggda01",1997,1,"BOS","AL",513,9,0.0175438596491228
"braggda01",1998,1,"BOS","AL",409,8,0.019559902200489
"braggda01",1999,1,"SLN","NL",273,6,0.021978021978022
"braggda01",2002,1,"ATL","NL",212,3,0.0141509433962264
"bragggl01",1986,1,"ML4","AL",215,4,0.0186046511627907
"bragggl01",1987,1,"ML4","AL",505,13,0.0257425742574257
"bragggl01",1988,1,"ML4","AL",272,10,0.0367647058823529
"bragggl01",1989,1,"ML4","AL",514,15,0.0291828793774319
"bragggl01",1990,2,"CIN","NL",201,6,0.0298507462686567
"bragggl01",1991,1,"CIN","NL",250,11,0.044
"bragggl01",1992,1,"CIN","NL",266,8,0.0300751879699248
"bransje01",1993,1,"CIN","NL",381,3,0.0078740157480315
"bransje01",1995,1,"CIN","NL",331,12,0.0362537764350453
"bransje01",1996,1,"CIN","NL",311,9,0.0289389067524116
"brantmi01",1987,1,"SEA","AL",351,14,0.0398860398860399
"brantmi01",1988,1,"SEA","AL",577,15,0.0259965337954939
"brantmi02",2010,1,"CLE","AL",297,3,0.0101010101010101
"brantmi02",2011,1,"CLE","AL",451,7,0.0155210643015521
"brantmi02",2012,1,"CLE","AL",552,6,0.0108695652173913
"brantmi02",2013,1,"CLE","AL",556,10,0.0179856115107914
"brantmi02",2014,1,"CLE","AL",611,20,0.0327332242225859
"brantmi02",2015,1,"CLE","AL",529,15,0.0283553875236295
"brantmi02",2017,1,"CLE","AL",338,9,0.0266272189349112
"brantmi02",2018,1,"CLE","AL",570,17,0.0298245614035088
"brantmi02",2019,1,"HOU","AL",575,22,0.0382608695652174
"brantmi02",2021,1,"HOU","AL",469,8,0.0170575692963753
"brantmi02",2022,1,"HOU","AL",243,5,0.0205761316872428
"brantro01",2013,1,"MIA","NL",223,1,0.00448430493273543
"branyru01",2001,1,"CLE","AL",315,20,0.0634920634920635
"branyru01",2002,2,"CIN","NL",217,16,0.0737327188940092
"branyru01",2005,1,"MIL","NL",202,12,0.0594059405940594
"branyru01",2009,1,"SEA","AL",431,31,0.0719257540603248
"branyru01",2010,2,"SEA","AL",205,15,0.0731707317073171
"braunry02",2007,1,"MIL","NL",451,34,0.0753880266075388
"braunry02",2008,1,"MIL","NL",611,37,0.060556464811784
"braunry02",2009,1,"MIL","NL",635,32,0.0503937007874016
"braunry02",2010,1,"MIL","NL",619,25,0.0403877221324717
"braunry02",2011,1,"MIL","NL",563,33,0.0586145648312611
"braunry02",2012,1,"MIL","NL",598,41,0.068561872909699
"braunry02",2013,1,"MIL","NL",225,9,0.04
"braunry02",2014,1,"MIL","NL",530,19,0.0358490566037736
"braunry02",2015,1,"MIL","NL",506,25,0.0494071146245059
"braunry02",2016,1,"MIL","NL",511,30,0.0587084148727984
"braunry02",2017,1,"MIL","NL",380,17,0.0447368421052632
"braunry02",2018,1,"MIL","NL",405,20,0.0493827160493827
"braunry02",2019,1,"MIL","NL",459,22,0.0479302832244009
"braunst01",1971,1,"MIN","AL",343,5,0.0145772594752187
"braunst01",1972,1,"MIN","AL",402,2,0.00497512437810945
"braunst01",1973,1,"MIN","AL",361,6,0.0166204986149584
"braunst01",1974,1,"MIN","AL",453,8,0.0176600441501104
"braunst01",1975,1,"MIN","AL",453,11,0.0242825607064018
"braunst01",1976,1,"MIN","AL",417,3,0.00719424460431655
"braunst01",1977,1,"SEA","AL",451,5,0.0110864745011086
"breamsi01",1986,1,"PIT","NL",522,16,0.0306513409961686
"breamsi01",1987,1,"PIT","NL",516,13,0.0251937984496124
"breamsi01",1988,1,"PIT","NL",462,10,0.0216450216450216
"breamsi01",1990,1,"PIT","NL",389,15,0.038560411311054
"breamsi01",1991,1,"ATL","NL",265,11,0.0415094339622642
"breamsi01",1992,1,"ATL","NL",372,10,0.0268817204301075
"breamsi01",1993,1,"ATL","NL",277,9,0.0324909747292419
"bredebr01",1998,1,"ARI","NL",212,2,0.00943396226415094
"breedha01",1973,1,"MON","NL",258,15,0.0581395348837209
"bregmal01",2016,1,"HOU","AL",201,8,0.0398009950248756
"bregmal01",2017,1,"HOU","AL",556,19,0.0341726618705036
"bregmal01",2018,1,"HOU","AL",594,31,0.0521885521885522
"bregmal01",2019,1,"HOU","AL",554,41,0.0740072202166065
"bregmal01",2021,1,"HOU","AL",348,12,0.0344827586206897
"bregmal01",2022,1,"HOU","AL",548,23,0.041970802919708
"bregmal01",2023,1,"HOU","AL",622,25,0.0401929260450161
"bregmal01",2024,1,"HOU","AL",581,26,0.044750430292599
"bregmal01",2025,1,"BOS","AL",433,18,0.0415704387990762
"brenlbo01",1983,1,"SFN","NL",281,7,0.0249110320284698
"brenlbo01",1984,1,"SFN","NL",506,20,0.0395256916996047
"brenlbo01",1985,1,"SFN","NL",440,19,0.0431818181818182
"brenlbo01",1986,1,"SFN","NL",472,16,0.0338983050847458
"brenlbo01",1987,1,"SFN","NL",375,18,0.048
"brenlbo01",1988,1,"SFN","NL",206,5,0.0242718446601942
"brennwi02",2023,1,"CLE","AL",432,5,0.0115740740740741
"brennwi02",2024,1,"CLE","AL",330,8,0.0242424242424242
"brettge01",1974,1,"KCA","AL",457,2,0.00437636761487965
"brettge01",1975,1,"KCA","AL",634,11,0.0173501577287066
"brettge01",1976,1,"KCA","AL",645,7,0.0108527131782946
"brettge01",1977,1,"KCA","AL",564,22,0.0390070921985816
"brettge01",1978,1,"KCA","AL",510,9,0.0176470588235294
"brettge01",1979,1,"KCA","AL",645,23,0.0356589147286822
"brettge01",1980,1,"KCA","AL",449,24,0.0534521158129176
"brettge01",1981,1,"KCA","AL",347,6,0.0172910662824208
"brettge01",1982,1,"KCA","AL",552,21,0.0380434782608696
"brettge01",1983,1,"KCA","AL",464,25,0.0538793103448276
"brettge01",1984,1,"KCA","AL",377,13,0.0344827586206897
"brettge01",1985,1,"KCA","AL",550,30,0.0545454545454545
"brettge01",1986,1,"KCA","AL",441,16,0.036281179138322
"brettge01",1987,1,"KCA","AL",427,22,0.0515222482435597
"brettge01",1988,1,"KCA","AL",589,24,0.0407470288624788
"brettge01",1989,1,"KCA","AL",457,12,0.0262582056892779
"brettge01",1990,1,"KCA","AL",544,14,0.0257352941176471
"brettge01",1991,1,"KCA","AL",505,10,0.0198019801980198
"brettge01",1992,1,"KCA","AL",592,7,0.0118243243243243
"brettge01",1993,1,"KCA","AL",560,19,0.0339285714285714
"bridejo01",2024,1,"MIA","NL",232,11,0.0474137931034483
"briggda01",1976,1,"CAL","AL",248,1,0.00403225806451613
"briggda01",1979,1,"SDN","NL",227,8,0.0352422907488987
"briggjo02",1970,1,"PHI","NL",341,9,0.0263929618768328
"briggjo02",1971,2,"ML4","AL",375,21,0.056
"briggjo02",1972,1,"ML4","AL",418,21,0.0502392344497608
"briggjo02",1973,1,"ML4","AL",488,18,0.0368852459016393
"briggjo02",1974,1,"ML4","AL",554,17,0.0306859205776173
"briggjo02",1975,2,"MIN","AL",264,7,0.0265151515151515
"brignre01",2010,1,"TBA","AL",301,8,0.026578073089701
"brignre01",2011,1,"TBA","AL",249,1,0.00401606425702811
"brilegr01",1989,1,"SEA","AL",394,13,0.032994923857868
"brilegr01",1990,1,"SEA","AL",337,5,0.0148367952522255
"brilegr01",1991,1,"SEA","AL",381,2,0.005249343832021
"brilegr01",1992,1,"SEA","AL",200,5,0.025
"brinked01",1970,1,"WS2","AL",625,1,0.0016
"brinked01",1971,1,"DET","AL",527,1,0.00189753320683112
"brinked01",1972,1,"DET","AL",516,6,0.0116279069767442
"brinked01",1973,1,"DET","AL",515,7,0.0135922330097087
"brinked01",1974,1,"DET","AL",502,14,0.0278884462151394
"brinsle01",2018,1,"MIA","NL",382,11,0.0287958115183246
"brinsle01",2021,1,"MIA","NL",274,9,0.0328467153284672
"brockgr01",1983,1,"LAN","NL",455,20,0.043956043956044
"brockgr01",1984,1,"LAN","NL",271,14,0.051660516605166
"brockgr01",1985,1,"LAN","NL",438,21,0.047945205479452
"brockgr01",1986,1,"LAN","NL",325,16,0.0492307692307692
"brockgr01",1987,1,"ML4","AL",532,13,0.0244360902255639
"brockgr01",1988,1,"ML4","AL",364,6,0.0164835164835165
"brockgr01",1989,1,"ML4","AL",373,12,0.032171581769437
"brockgr01",1990,1,"ML4","AL",367,7,0.0190735694822888
"brocklo01",1970,1,"SLN","NL",664,13,0.019578313253012
"brocklo01",1971,1,"SLN","NL",640,7,0.0109375
"brocklo01",1972,1,"SLN","NL",621,3,0.00483091787439614
"brocklo01",1973,1,"SLN","NL",650,7,0.0107692307692308
"brocklo01",1974,1,"SLN","NL",635,3,0.0047244094488189
"brocklo01",1975,1,"SLN","NL",528,3,0.00568181818181818
"brocklo01",1976,1,"SLN","NL",498,4,0.00803212851405623
"brocklo01",1977,1,"SLN","NL",489,2,0.00408997955010225
"brocklo01",1979,1,"SLN","NL",405,5,0.0123456790123457
"brognri01",1995,1,"NYN","NL",495,22,0.0444444444444444
"brognri01",1997,1,"PHI","NL",543,20,0.0368324125230203
"brognri01",1998,1,"PHI","NL",565,20,0.0353982300884956
"brognri01",1999,1,"PHI","NL",619,24,0.0387722132471729
"brognri01",2001,1,"ATL","NL",206,3,0.0145631067961165
"brohaja01",1972,1,"CLE","AL",527,5,0.0094876660341556
"brohaja01",1973,1,"CLE","AL",300,4,0.0133333333333333
"brohaja01",1974,1,"CLE","AL",315,2,0.00634920634920635
"brohaja01",1975,1,"CLE","AL",217,6,0.0276497695852535
"brohaja01",1976,1,"CHA","AL",354,7,0.019774011299435
"brohaja01",1978,1,"BOS","AL",244,1,0.0040983606557377
"brookhu01",1981,1,"NYN","NL",358,4,0.0111731843575419
"brookhu01",1982,1,"NYN","NL",457,2,0.00437636761487965
"brookhu01",1983,1,"NYN","NL",586,5,0.00853242320819113
"brookhu01",1984,1,"NYN","NL",561,16,0.0285204991087344
"brookhu01",1985,1,"MON","NL",605,13,0.0214876033057851
"brookhu01",1986,1,"MON","NL",306,14,0.0457516339869281
"brookhu01",1987,1,"MON","NL",430,14,0.0325581395348837
"brookhu01",1988,1,"MON","NL",588,20,0.0340136054421769
"brookhu01",1989,1,"MON","NL",542,14,0.025830258302583
"brookhu01",1990,1,"LAN","NL",568,20,0.0352112676056338
"brookhu01",1991,1,"NYN","NL",357,16,0.0448179271708683
"brookhu01",1992,1,"CAL","AL",306,8,0.0261437908496732
"brookto01",1980,1,"DET","AL",509,10,0.0196463654223969
"brookto01",1981,1,"DET","AL",239,4,0.0167364016736402
"brookto01",1982,1,"DET","AL",398,9,0.0226130653266332
"brookto01",1983,1,"DET","AL",332,6,0.0180722891566265
"brookto01",1984,1,"DET","AL",224,5,0.0223214285714286
"brookto01",1985,1,"DET","AL",485,7,0.0144329896907217
"brookto01",1986,1,"DET","AL",281,3,0.0106761565836299
"brookto01",1987,1,"DET","AL",444,13,0.0292792792792793
"brookto01",1988,1,"DET","AL",441,5,0.0113378684807256
"brosisc01",1993,1,"OAK","AL",213,6,0.028169014084507
"brosisc01",1994,1,"OAK","AL",324,14,0.0432098765432099
"brosisc01",1995,1,"OAK","AL",389,17,0.0437017994858612
"brosisc01",1996,1,"OAK","AL",428,22,0.0514018691588785
"brosisc01",1997,1,"OAK","AL",479,11,0.022964509394572
"brosisc01",1998,1,"NYA","AL",530,19,0.0358490566037736
"brosisc01",1999,1,"NYA","AL",473,17,0.0359408033826638
"brosisc01",2000,1,"NYA","AL",470,16,0.0340425531914894
"brosisc01",2001,1,"NYA","AL",428,13,0.0303738317757009
"brousbe01",2003,1,"CLE","AL",386,16,0.0414507772020725
"brousbe01",2004,1,"CLE","AL",418,17,0.0406698564593301
"brousbe01",2005,1,"CLE","AL",466,19,0.0407725321888412
"brousbe01",2006,1,"CLE","AL",268,13,0.0485074626865672
"brousbe01",2007,1,"SEA","AL",240,7,0.0291666666666667
"browebo01",1987,1,"TEX","AL",303,14,0.0462046204620462
"browebo01",1988,1,"TEX","AL",201,1,0.00497512437810945
"brownad01",1999,1,"PIT","NL",226,4,0.0176991150442478
"brownad01",2000,1,"PIT","NL",308,4,0.012987012987013
"brownad01",2002,1,"PIT","NL",208,1,0.00480769230769231
"brownbo04",1980,1,"NYA","AL",412,14,0.0339805825242718
"brownbo04",1982,1,"SEA","AL",245,4,0.0163265306122449
"brownbo04",1983,1,"SDN","NL",225,5,0.0222222222222222
"brownbr01",1998,1,"CHN","NL",347,14,0.0403458213256484
"brownbr01",1999,1,"PIT","NL",341,16,0.0469208211143695
"brownby01",1970,1,"PHI","NL",270,10,0.037037037037037
"brownch02",1985,1,"SFN","NL",432,16,0.037037037037037
"brownch02",1986,1,"SFN","NL",416,7,0.0168269230769231
"brownch02",1988,1,"SDN","NL",247,2,0.00809716599190283
"brownda01",1984,1,"MIN","AL",260,1,0.00384615384615385
"brownde02",2001,1,"KCA","AL",380,7,0.0184210526315789
"browndo01",2013,1,"PHI","NL",496,27,0.0544354838709677
"browndo01",2014,1,"PHI","NL",473,10,0.0211416490486258
"brownem01",2005,1,"KCA","AL",545,17,0.0311926605504587
"brownem01",2006,1,"KCA","AL",527,15,0.0284629981024668
"brownem01",2007,1,"KCA","AL",366,6,0.0163934426229508
"brownem01",2008,1,"OAK","AL",402,13,0.0323383084577114
"brownga01",1972,1,"DET","AL",252,10,0.0396825396825397
"brownga01",1973,1,"DET","AL",377,12,0.0318302387267904
"brownje01",1987,1,"TEX","AL",454,1,0.00220264317180617
"brownje01",1988,1,"TEX","AL",214,1,0.00467289719626168
"brownje01",1989,1,"CLE","AL",598,5,0.00836120401337793
"brownje01",1990,1,"CLE","AL",513,6,0.0116959064327485
"brownje01",1991,1,"CLE","AL",290,1,0.00344827586206897
"brownje01",1992,1,"OAK","AL",324,3,0.00925925925925926
"brownje01",1993,1,"OAK","AL",260,2,0.00769230769230769
"brownje01",1994,1,"FLO","NL",329,3,0.00911854103343465
"brownmi02",1985,2,"PIT","NL",205,5,0.024390243902439
"brownmi02",1986,1,"PIT","NL",243,4,0.0164609053497942
"brownol02",1970,1,"SDN","NL",534,23,0.0430711610486891
"brownol02",1971,1,"SDN","NL",484,9,0.018595041322314
"brownol02",1973,1,"ML4","AL",296,7,0.0236486486486486
"brownol02",1976,1,"PHI","NL",209,5,0.0239234449760766
"brownro01",2002,1,"CHN","NL",204,3,0.0147058823529412
"brownse01",2021,1,"OAK","AL",281,20,0.0711743772241993
"brownse01",2022,1,"OAK","AL",500,25,0.05
"brownse01",2023,1,"OAK","AL",343,14,0.0408163265306122
"brownse01",2024,1,"OAK","AL",372,14,0.0376344086021505
"broxtke01",2016,1,"MIL","NL",207,9,0.0434782608695652
"broxtke01",2017,1,"MIL","NL",414,20,0.0483091787439614
"bruceja01",2008,1,"CIN","NL",413,21,0.0508474576271186
"bruceja01",2009,1,"CIN","NL",345,22,0.063768115942029
"bruceja01",2010,1,"CIN","NL",509,25,0.0491159135559921
"bruceja01",2011,1,"CIN","NL",585,32,0.0547008547008547
"bruceja01",2012,1,"CIN","NL",560,34,0.0607142857142857
"bruceja01",2013,1,"CIN","NL",626,30,0.0479233226837061
"bruceja01",2014,1,"CIN","NL",493,18,0.0365111561866126
"bruceja01",2015,1,"CIN","NL",580,26,0.0448275862068965
"bruceja01",2016,1,"CIN","NL",370,25,0.0675675675675676
"bruceja01",2017,1,"NYN","NL",406,29,0.0714285714285714
"bruceja01",2018,1,"NYN","NL",319,9,0.0282131661442006
"brujavi01",2024,1,"MIA","NL",248,2,0.00806451612903226
"brumfja01",1993,1,"CIN","NL",272,6,0.0220588235294118
"brumfja01",1995,1,"PIT","NL",402,4,0.0099502487562189
"brumfja01",1996,2,"TOR","AL",308,12,0.038961038961039
"brumlmi02",1989,1,"DET","AL",212,1,0.00471698113207547
"brunato01",1982,1,"MIN","AL",463,20,0.0431965442764579
"brunato01",1983,1,"MIN","AL",542,28,0.051660516605166
"brunato01",1984,1,"MIN","AL",567,32,0.0564373897707231
"brunato01",1985,1,"MIN","AL",567,27,0.0476190476190476
"brunato01",1986,1,"MIN","AL",593,23,0.0387858347386172
"brunato01",1987,1,"MIN","AL",532,32,0.0601503759398496
"brunato01",1988,2,"SLN","NL",523,22,0.0420650095602294
"brunato01",1989,1,"SLN","NL",556,20,0.0359712230215827
"brunato01",1990,2,"BOS","AL",461,15,0.0325379609544469
"brunato01",1991,1,"BOS","AL",459,16,0.0348583877995643
"brunato01",1992,1,"BOS","AL",458,15,0.0327510917030568
"brunato01",1993,1,"ML4","AL",224,6,0.0267857142857143
"brunter01",2008,1,"PHI","NL",212,2,0.00943396226415094
"bryankr01",2015,1,"CHN","NL",559,26,0.0465116279069767
"bryankr01",2016,1,"CHN","NL",603,39,0.0646766169154229
"bryankr01",2017,1,"CHN","NL",549,29,0.0528233151183971
"bryankr01",2018,1,"CHN","NL",389,13,0.0334190231362468
"bryankr01",2019,1,"CHN","NL",543,31,0.0570902394106814
"bryankr01",2021,1,"CHN","NL",326,18,0.0552147239263804
"bryankr01",2023,1,"COL","NL",300,10,0.0333333333333333
"bryest01",1973,1,"MIN","AL",278,6,0.0215827338129496
"bryest01",1974,1,"MIN","AL",488,2,0.0040983606557377
"bryest01",1975,1,"MIN","AL",246,9,0.0365853658536585
"bryest01",1976,1,"MIN","AL",258,2,0.00775193798449612
"bryest01",1977,1,"ML4","AL",241,7,0.029045643153527
"buckjo01",2004,1,"KCA","AL",238,12,0.0504201680672269
"buckjo01",2005,1,"KCA","AL",401,12,0.029925187032419
"buckjo01",2006,1,"KCA","AL",371,11,0.0296495956873315
"buckjo01",2007,1,"KCA","AL",347,18,0.0518731988472623
"buckjo01",2008,1,"KCA","AL",370,9,0.0243243243243243
"buckjo01",2010,1,"TOR","AL",409,20,0.0488997555012225
"buckjo01",2011,1,"FLO","NL",466,16,0.0343347639484979
"buckjo01",2012,1,"MIA","NL",343,12,0.0349854227405248
"buckjo01",2013,1,"NYN","NL",368,15,0.0407608695652174
"bucknbi01",1971,1,"LAN","NL",358,5,0.0139664804469274
"bucknbi01",1972,1,"LAN","NL",383,5,0.0130548302872063
"bucknbi01",1973,1,"LAN","NL",575,8,0.0139130434782609
"bucknbi01",1974,1,"LAN","NL",580,7,0.0120689655172414
"bucknbi01",1975,1,"LAN","NL",288,6,0.0208333333333333
"bucknbi01",1976,1,"LAN","NL",642,7,0.0109034267912773
"bucknbi01",1977,1,"CHN","NL",426,11,0.0258215962441315
"bucknbi01",1978,1,"CHN","NL",446,5,0.0112107623318386
"bucknbi01",1979,1,"CHN","NL",591,14,0.0236886632825719
"bucknbi01",1980,1,"CHN","NL",578,10,0.0173010380622837
"bucknbi01",1981,1,"CHN","NL",421,10,0.0237529691211401
"bucknbi01",1982,1,"CHN","NL",657,15,0.0228310502283105
"bucknbi01",1983,1,"CHN","NL",626,16,0.0255591054313099
"bucknbi01",1984,2,"BOS","AL",439,11,0.0250569476082005
"bucknbi01",1985,1,"BOS","AL",673,16,0.0237741456166419
"bucknbi01",1986,1,"BOS","AL",629,18,0.0286168521462639
"bucknbi01",1987,1,"BOS","AL",286,2,0.00699300699300699
"bucknbi01",1988,2,"KCA","AL",242,3,0.012396694214876
"bucktr01",2007,1,"OAK","AL",285,7,0.0245614035087719
"buechst01",1985,1,"TEX","AL",219,6,0.0273972602739726
"buechst01",1986,1,"TEX","AL",461,18,0.0390455531453362
"buechst01",1987,1,"TEX","AL",363,13,0.0358126721763085
"buechst01",1988,1,"TEX","AL",503,16,0.0318091451292246
"buechst01",1989,1,"TEX","AL",486,16,0.0329218106995885
"buechst01",1990,1,"TEX","AL",251,7,0.0278884462151394
"buechst01",1991,1,"TEX","AL",416,18,0.0432692307692308
"buechst01",1992,1,"PIT","NL",285,8,0.0280701754385965
"buechst01",1992,2,"CHN","NL",239,1,0.00418410041841004
"buechst01",1993,1,"CHN","NL",460,15,0.0326086956521739
"buechst01",1994,1,"CHN","NL",339,14,0.0412979351032448
"buforda01",1997,1,"TEX","AL",366,8,0.0218579234972678
"buforda01",1998,1,"BOS","AL",216,10,0.0462962962962963
"buforda01",1999,1,"BOS","AL",297,6,0.0202020202020202
"buforda01",2000,1,"CHN","NL",495,15,0.0303030303030303
"bufordo01",1970,1,"BAL","AL",504,17,0.0337301587301587
"bufordo01",1971,1,"BAL","AL",449,19,0.0423162583518931
"bufordo01",1972,1,"BAL","AL",408,5,0.0122549019607843
"buhneja01",1989,1,"SEA","AL",204,9,0.0441176470588235
"buhneja01",1991,1,"SEA","AL",406,27,0.0665024630541872
"buhneja01",1992,1,"SEA","AL",543,25,0.0460405156537753
"buhneja01",1993,1,"SEA","AL",563,27,0.0479573712255773
"buhneja01",1994,1,"SEA","AL",358,21,0.058659217877095
"buhneja01",1995,1,"SEA","AL",470,40,0.0851063829787234
"buhneja01",1996,1,"SEA","AL",564,44,0.0780141843971631
"buhneja01",1997,1,"SEA","AL",540,40,0.0740740740740741
"buhneja01",1998,1,"SEA","AL",244,15,0.0614754098360656
"buhneja01",1999,1,"SEA","AL",266,14,0.0526315789473684
"buhneja01",2000,1,"SEA","AL",364,26,0.0714285714285714
"bumbral01",1973,1,"BAL","AL",356,7,0.0196629213483146
"bumbral01",1974,1,"BAL","AL",270,1,0.0037037037037037
"bumbral01",1975,1,"BAL","AL",349,2,0.00573065902578796
"bumbral01",1976,1,"BAL","AL",450,9,0.02
"bumbral01",1977,1,"BAL","AL",518,4,0.00772200772200772
"bumbral01",1979,1,"BAL","AL",569,7,0.0123022847100176
"bumbral01",1980,1,"BAL","AL",645,9,0.013953488372093
"bumbral01",1981,1,"BAL","AL",392,1,0.00255102040816326
"bumbral01",1982,1,"BAL","AL",562,5,0.00889679715302491
"bumbral01",1983,1,"BAL","AL",378,3,0.00793650793650794
"bumbral01",1984,1,"BAL","AL",344,3,0.00872093023255814
"burdabo01",1970,2,"ML4","AL",222,4,0.018018018018018
"burgeja01",2023,1,"CHA","AL",294,25,0.0850340136054422
"burgeja01",2024,1,"MIA","NL",535,29,0.0542056074766355
"burgeja01",2025,1,"TEX","AL",356,16,0.0449438202247191
"burkech01",2005,1,"HOU","NL",318,5,0.0157232704402516
"burkech01",2006,1,"HOU","NL",366,9,0.0245901639344262
"burkech01",2007,1,"HOU","NL",319,6,0.0188087774294671
"burkegl01",1978,2,"OAK","AL",200,1,0.005
"burksel01",1987,1,"BOS","AL",558,20,0.03584229390681
"burksel01",1988,1,"BOS","AL",540,18,0.0333333333333333
"burksel01",1989,1,"BOS","AL",399,12,0.0300751879699248
"burksel01",1990,1,"BOS","AL",588,21,0.0357142857142857
"burksel01",1991,1,"BOS","AL",474,14,0.029535864978903
"burksel01",1992,1,"BOS","AL",235,8,0.0340425531914894
"burksel01",1993,1,"CHA","AL",499,17,0.0340681362725451
"burksel01",1995,1,"COL","NL",278,14,0.0503597122302158
"burksel01",1996,1,"COL","NL",613,40,0.065252854812398
"burksel01",1997,1,"COL","NL",424,32,0.0754716981132075
"burksel01",1998,1,"COL","NL",357,16,0.0448179271708683
"burksel01",1999,1,"SFN","NL",390,31,0.0794871794871795
"burksel01",2000,1,"SFN","NL",393,24,0.0610687022900763
"burksel01",2001,1,"CLE","AL",439,28,0.0637813211845103
"burksel01",2002,1,"CLE","AL",518,32,0.0617760617760618
"burleal01",2023,1,"SLN","NL",315,8,0.0253968253968254
"burleal01",2024,1,"SLN","NL",547,21,0.0383912248628885
"burleal01",2025,1,"SLN","NL",497,18,0.0362173038229376
"burleri01",1974,1,"BOS","AL",384,4,0.0104166666666667
"burleri01",1975,1,"BOS","AL",580,6,0.0103448275862069
"burleri01",1976,1,"BOS","AL",540,7,0.012962962962963
"burleri01",1977,1,"BOS","AL",663,3,0.00452488687782806
"burleri01",1978,1,"BOS","AL",626,5,0.00798722044728434
"burleri01",1979,1,"BOS","AL",627,5,0.00797448165869218
"burleri01",1980,1,"BOS","AL",644,8,0.0124223602484472
"burleri01",1981,1,"CAL","AL",430,5,0.0116279069767442
"burleri01",1986,1,"CAL","AL",271,5,0.018450184501845
"burleri01",1987,1,"BAL","AL",206,2,0.00970873786407767
"burnije01",1993,1,"NYN","NL",263,13,0.0494296577946768
"burnije01",1997,1,"ML4","AL",494,27,0.0546558704453441
"burnije01",1998,1,"MIL","NL",609,38,0.0623973727422003
"burnije01",1999,1,"MIL","NL",467,33,0.0706638115631692
"burnije01",2000,1,"MIL","NL",564,31,0.0549645390070922
"burnije01",2001,1,"MIL","NL",562,34,0.0604982206405694
"burnije01",2002,1,"NYN","NL",479,19,0.0396659707724426
"burnije01",2003,1,"NYN","NL",234,18,0.0769230769230769
"burnije01",2003,2,"LAN","NL",230,13,0.0565217391304348
"burnije01",2004,1,"COL","NL",540,37,0.0685185185185185
"burnije01",2005,1,"CHN","NL",605,24,0.0396694214876033
"burnije01",2006,1,"PIT","NL",313,16,0.0511182108626198
"burnsbi02",2015,1,"OAK","AL",520,5,0.00961538461538461
"burrepa01",2000,1,"PHI","NL",408,18,0.0441176470588235
"burrepa01",2001,1,"PHI","NL",539,27,0.0500927643784787
"burrepa01",2002,1,"PHI","NL",586,37,0.0631399317406143
"burrepa01",2003,1,"PHI","NL",522,21,0.0402298850574713
"burrepa01",2004,1,"PHI","NL",448,24,0.0535714285714286
"burrepa01",2005,1,"PHI","NL",562,32,0.0569395017793594
"burrepa01",2006,1,"PHI","NL",462,29,0.0627705627705628
"burrepa01",2007,1,"PHI","NL",472,30,0.0635593220338983
"burrepa01",2008,1,"PHI","NL",536,33,0.0615671641791045
"burrepa01",2009,1,"TBA","AL",412,14,0.0339805825242718
"burrepa01",2010,2,"SFN","NL",289,18,0.0622837370242214
"burriem01",2008,1,"SFN","NL",240,1,0.00416666666666667
"burroje01",1973,1,"TEX","AL",526,30,0.0570342205323194
"burroje01",1974,1,"TEX","AL",554,25,0.0451263537906137
"burroje01",1975,1,"TEX","AL",585,29,0.0495726495726496
"burroje01",1976,1,"TEX","AL",604,18,0.0298013245033113
"burroje01",1977,1,"ATL","NL",579,41,0.0708117443868739
"burroje01",1978,1,"ATL","NL",488,23,0.0471311475409836
"burroje01",1979,1,"ATL","NL",397,11,0.0277078085642317
"burroje01",1980,1,"ATL","NL",278,13,0.0467625899280575
"burroje01",1981,1,"SEA","AL",319,10,0.0313479623824451
"burroje01",1982,1,"OAK","AL",285,16,0.056140350877193
"burroje01",1983,1,"OAK","AL",401,10,0.0249376558603491
"burrose01",2003,1,"SDN","NL",517,7,0.0135396518375242
"burrose01",2004,1,"SDN","NL",523,2,0.00382409177820268
"burrose01",2005,1,"SDN","NL",284,1,0.00352112676056338
"buschbr01",2008,1,"MIN","AL",218,4,0.018348623853211
"buschmi02",2024,1,"CHN","NL",496,21,0.0423387096774194
"buschmi02",2025,1,"CHN","NL",524,34,0.0648854961832061
"bushho01",1999,1,"TOR","AL",485,5,0.0103092783505155
"bushho01",2000,1,"TOR","AL",297,1,0.00336700336700337
"bushho01",2001,1,"TOR","AL",271,3,0.011070110701107
"bushra01",1983,1,"MIN","AL",373,11,0.0294906166219839
"bushra01",1984,1,"MIN","AL",311,11,0.0353697749196141
"bushra01",1985,1,"MIN","AL",234,10,0.0427350427350427
"bushra01",1986,1,"MIN","AL",357,7,0.0196078431372549
"bushra01",1987,1,"MIN","AL",293,11,0.037542662116041
"bushra01",1988,1,"MIN","AL",394,14,0.0355329949238579
"bushra01",1989,1,"MIN","AL",391,14,0.0358056265984655
"buterdr01",2011,1,"MIN","AL",234,2,0.00854700854700855
"butlebi03",2007,1,"KCA","AL",329,8,0.0243161094224924
"butlebi03",2008,1,"KCA","AL",443,11,0.0248306997742664
"butlebi03",2009,1,"KCA","AL",608,21,0.0345394736842105
"butlebi03",2010,1,"KCA","AL",595,15,0.0252100840336134
"butlebi03",2011,1,"KCA","AL",597,19,0.0318257956448911
"butlebi03",2012,1,"KCA","AL",614,29,0.0472312703583062
"butlebi03",2013,1,"KCA","AL",582,15,0.0257731958762887
"butlebi03",2014,1,"KCA","AL",549,9,0.0163934426229508
"butlebi03",2015,1,"OAK","AL",538,15,0.0278810408921933
"butlebi03",2016,1,"OAK","AL",221,4,0.0180995475113122
"butlebr01",1983,1,"ATL","NL",549,5,0.00910746812386157
"butlebr01",1984,1,"CLE","AL",602,3,0.00498338870431894
"butlebr01",1985,1,"CLE","AL",591,5,0.00846023688663283
"butlebr01",1986,1,"CLE","AL",587,4,0.00681431005110733
"butlebr01",1987,1,"CLE","AL",522,9,0.0172413793103448
"butlebr01",1988,1,"SFN","NL",568,6,0.0105633802816901
"butlebr01",1989,1,"SFN","NL",594,4,0.00673400673400673
"butlebr01",1990,1,"SFN","NL",622,3,0.00482315112540193
"butlebr01",1991,1,"LAN","NL",615,2,0.0032520325203252
"butlebr01",1992,1,"LAN","NL",553,3,0.0054249547920434
"butlebr01",1993,1,"LAN","NL",607,1,0.00164744645799012
"butlebr01",1994,1,"LAN","NL",417,8,0.0191846522781775
"butlebr01",1995,1,"NYN","NL",367,1,0.00272479564032698
"butlebr02",2002,1,"COL","NL",344,9,0.0261627906976744
"butlejo04",2015,1,"TBA","AL",257,8,0.0311284046692607
"butlela01",2024,1,"OAK","AL",412,22,0.0533980582524272
"butlela01",2025,1,"ATH","AL",569,21,0.0369068541300527
"butleri01",1998,1,"TBA","AL",217,7,0.032258064516129
"buxtoby01",2016,1,"MIN","AL",298,10,0.0335570469798658
"buxtoby01",2017,1,"MIN","AL",462,16,0.0346320346320346
"buxtoby01",2019,1,"MIN","AL",271,10,0.03690036900369
"buxtoby01",2021,1,"MIN","AL",235,19,0.0808510638297872
"buxtoby01",2022,1,"MIN","AL",340,28,0.0823529411764706
"buxtoby01",2023,1,"MIN","AL",304,17,0.055921052631579
"buxtoby01",2024,1,"MIN","AL",355,18,0.0507042253521127
"buxtoby01",2025,1,"MIN","AL",488,35,0.0717213114754098
"byrdma01",2003,1,"PHI","NL",495,7,0.0141414141414141
"byrdma01",2004,1,"PHI","NL",346,5,0.0144508670520231
"byrdma01",2005,2,"WAS","NL",216,2,0.00925925925925926
"byrdma01",2007,1,"TEX","AL",414,10,0.0241545893719807
"byrdma01",2008,1,"TEX","AL",403,10,0.0248138957816377
"byrdma01",2009,1,"TEX","AL",547,20,0.036563071297989
"byrdma01",2010,1,"CHN","NL",580,12,0.0206896551724138
"byrdma01",2011,1,"CHN","NL",446,9,0.0201793721973094
"byrdma01",2013,1,"NYN","NL",425,21,0.0494117647058823
"byrdma01",2014,1,"PHI","NL",591,25,0.0423011844331641
"byrdma01",2015,1,"CIN","NL",359,19,0.052924791086351
"byrneer01",2003,1,"OAK","AL",414,12,0.0289855072463768
"byrneer01",2004,1,"OAK","AL",569,20,0.0351493848857645
"byrneer01",2006,1,"ARI","NL",562,26,0.0462633451957295
"byrneer01",2007,1,"ARI","NL",626,21,0.0335463258785942
"byrneer01",2008,1,"ARI","NL",206,6,0.029126213592233
"byrneer01",2009,1,"ARI","NL",239,8,0.0334728033472803
"cabaljo01",2023,1,"SEA","AL",231,4,0.0173160173160173
"cabaljo01",2024,1,"TBA","AL",441,9,0.0204081632653061
"cabaljo01",2025,1,"TBA","AL",235,2,0.00851063829787234
"cabelen01",1975,1,"HOU","NL",348,2,0.00574712643678161
"cabelen01",1976,1,"HOU","NL",586,2,0.00341296928327645
"cabelen01",1977,1,"HOU","NL",625,16,0.0256
"cabelen01",1978,1,"HOU","NL",660,7,0.0106060606060606
"cabelen01",1979,1,"HOU","NL",603,6,0.0099502487562189
"cabelen01",1980,1,"HOU","NL",604,2,0.0033112582781457
"cabelen01",1981,1,"SFN","NL",396,2,0.00505050505050505
"cabelen01",1982,1,"DET","AL",464,2,0.00431034482758621
"cabelen01",1983,1,"DET","AL",392,5,0.0127551020408163
"cabelen01",1984,1,"HOU","NL",436,8,0.018348623853211
"cabelen01",1986,1,"LAN","NL",277,2,0.0072202166064982
"cabreas01",2008,1,"CLE","AL",352,6,0.0170454545454545
"cabreas01",2009,1,"CLE","AL",523,6,0.011472275334608
"cabreas01",2010,1,"CLE","AL",381,3,0.0078740157480315
"cabreas01",2011,1,"CLE","AL",604,25,0.0413907284768212
"cabreas01",2012,1,"CLE","AL",555,16,0.0288288288288288
"cabreas01",2013,1,"CLE","AL",508,14,0.0275590551181102
"cabreas01",2014,1,"CLE","AL",378,9,0.0238095238095238
"cabreas01",2015,1,"TBA","AL",505,15,0.0297029702970297
"cabreas01",2016,1,"NYN","NL",521,23,0.0441458733205374
"cabreas01",2017,1,"NYN","NL",479,14,0.0292275574112735
"cabreas01",2018,1,"NYN","NL",375,18,0.048
"cabreas01",2019,1,"TEX","AL",323,12,0.0371517027863777
"cabreas01",2021,1,"ARI","NL",283,7,0.0247349823321555
"cabreev01",2009,1,"SDN","NL",377,2,0.00530503978779841
"cabreev01",2010,1,"SDN","NL",212,1,0.00471698113207547
"cabreev01",2012,1,"SDN","NL",398,2,0.0050251256281407
"cabreev01",2013,1,"SDN","NL",381,4,0.010498687664042
"cabreev01",2014,1,"SDN","NL",357,3,0.00840336134453781
"cabrejo02",2001,1,"CLE","AL",287,1,0.00348432055749129
"cabrejo02",2003,1,"LAN","NL",347,6,0.0172910662824208
"cabrejo02",2004,1,"SEA","AL",359,6,0.0167130919220056
"cabreme01",2006,1,"NYA","AL",460,7,0.0152173913043478
"cabreme01",2007,1,"NYA","AL",545,8,0.0146788990825688
"cabreme01",2008,1,"NYA","AL",414,8,0.0193236714975845
"cabreme01",2009,1,"NYA","AL",485,13,0.0268041237113402
"cabreme01",2010,1,"ATL","NL",458,4,0.00873362445414847
"cabreme01",2011,1,"KCA","AL",658,18,0.027355623100304
"cabreme01",2012,1,"SFN","NL",459,11,0.0239651416122004
"cabreme01",2013,1,"TOR","AL",344,3,0.00872093023255814
"cabreme01",2014,1,"TOR","AL",568,16,0.028169014084507
"cabreme01",2015,1,"CHA","AL",629,12,0.0190779014308426
"cabreme01",2016,1,"CHA","AL",591,14,0.0236886632825719
"cabreme01",2017,1,"CHA","AL",397,13,0.0327455919395466
"cabreme01",2017,2,"KCA","AL",223,4,0.0179372197309417
"cabreme01",2018,1,"CLE","AL",250,6,0.024
"cabreme01",2019,1,"PIT","NL",378,7,0.0185185185185185
"cabremi01",2003,1,"FLO","NL",314,12,0.0382165605095541
"cabremi01",2004,1,"FLO","NL",603,33,0.054726368159204
"cabremi01",2005,1,"FLO","NL",613,33,0.0538336052202284
"cabremi01",2006,1,"FLO","NL",576,26,0.0451388888888889
"cabremi01",2007,1,"FLO","NL",588,34,0.0578231292517007
"cabremi01",2008,1,"DET","AL",616,37,0.0600649350649351
"cabremi01",2009,1,"DET","AL",611,34,0.0556464811783961
"cabremi01",2010,1,"DET","AL",548,38,0.0693430656934306
"cabremi01",2011,1,"DET","AL",572,30,0.0524475524475525
"cabremi01",2012,1,"DET","AL",622,44,0.0707395498392283
"cabremi01",2013,1,"DET","AL",555,44,0.0792792792792793
"cabremi01",2014,1,"DET","AL",611,25,0.0409165302782324
"cabremi01",2015,1,"DET","AL",429,18,0.041958041958042
"cabremi01",2016,1,"DET","AL",595,38,0.0638655462184874
"cabremi01",2017,1,"DET","AL",469,16,0.0341151385927505
"cabremi01",2019,1,"DET","AL",493,12,0.024340770791075
"cabremi01",2020,1,"DET","AL",204,10,0.0490196078431372
"cabremi01",2021,1,"DET","AL",472,15,0.0317796610169492
"cabremi01",2022,1,"DET","AL",397,5,0.0125944584382872
"cabremi01",2023,1,"DET","AL",334,4,0.0119760479041916
"cabreor01",1998,1,"MON","NL",261,3,0.0114942528735632
"cabreor01",1999,1,"MON","NL",382,8,0.0209424083769634
"cabreor01",2000,1,"MON","NL",422,13,0.0308056872037915
"cabreor01",2001,1,"MON","NL",626,14,0.0223642172523962
"cabreor01",2002,1,"MON","NL",563,7,0.0124333925399645
"cabreor01",2003,1,"MON","NL",626,17,0.0271565495207668
"cabreor01",2004,1,"MON","NL",390,4,0.0102564102564103
"cabreor01",2004,2,"BOS","AL",228,6,0.0263157894736842
"cabreor01",2005,1,"LAA","AL",540,8,0.0148148148148148
"cabreor01",2006,1,"LAA","AL",607,9,0.014827018121911
"cabreor01",2007,1,"LAA","AL",638,8,0.0125391849529781
"cabreor01",2008,1,"CHA","AL",661,8,0.0121028744326778
"cabreor01",2009,1,"OAK","AL",414,4,0.00966183574879227
"cabreor01",2009,2,"MIN","AL",242,5,0.0206611570247934
"cabreor01",2010,1,"CIN","NL",494,4,0.00809716599190283
"cabreor01",2011,1,"CLE","AL",324,4,0.0123456790123457
"cabreos01",2023,1,"NYA","AL",298,5,0.0167785234899329
"cabreos01",2024,1,"NYA","AL",299,8,0.0267558528428094
"caglija01",2025,1,"KCA","AL",210,7,0.0333333333333333
"cainlo01",2012,1,"KCA","AL",222,7,0.0315315315315315
"cainlo01",2013,1,"KCA","AL",399,4,0.0100250626566416
"cainlo01",2014,1,"KCA","AL",471,5,0.0106157112526539
"cainlo01",2015,1,"KCA","AL",551,16,0.029038112522686
"cainlo01",2016,1,"KCA","AL",397,9,0.0226700251889169
"cainlo01",2017,1,"KCA","AL",584,15,0.0256849315068493
"cainlo01",2018,1,"MIL","NL",539,10,0.0185528756957328
"cainlo01",2019,1,"MIL","NL",562,11,0.0195729537366548
"cainlo01",2021,1,"MIL","NL",257,8,0.0311284046692607
"cairomi01",1998,1,"TBA","AL",515,5,0.00970873786407767
"cairomi01",1999,1,"TBA","AL",465,3,0.00645161290322581
"cairomi01",2000,1,"TBA","AL",375,1,0.00266666666666667
"cairomi01",2003,1,"SLN","NL",261,5,0.0191570881226054
"cairomi01",2004,1,"NYA","AL",360,6,0.0166666666666667
"cairomi01",2005,1,"NYN","NL",327,2,0.00611620795107034
"cairomi01",2010,1,"CIN","NL",200,4,0.02
"cairomi01",2011,1,"CIN","NL",245,8,0.0326530612244898
"caldeiv01",1985,1,"SEA","AL",210,8,0.0380952380952381
"caldeiv01",1987,1,"CHA","AL",542,28,0.051660516605166
"caldeiv01",1988,1,"CHA","AL",264,14,0.053030303030303
"caldeiv01",1989,1,"CHA","AL",622,14,0.022508038585209
"caldeiv01",1990,1,"CHA","AL",607,14,0.0230642504118616
"caldeiv01",1991,1,"MON","NL",470,19,0.0404255319148936
"caldeiv01",1993,1,"BOS","AL",213,1,0.00469483568075117
"calhoko01",2014,1,"LAA","AL",493,17,0.0344827586206897
"calhoko01",2015,1,"LAA","AL",630,26,0.0412698412698413
"calhoko01",2016,1,"LAA","AL",594,18,0.0303030303030303
"calhoko01",2017,1,"LAA","AL",569,19,0.0333919156414763
"calhoko01",2018,1,"LAA","AL",491,19,0.0386965376782077
"calhoko01",2019,1,"LAA","AL",552,33,0.0597826086956522
"calhoko01",2022,1,"TEX","AL",388,12,0.0309278350515464
"calhowi01",2019,1,"TEX","AL",309,21,0.0679611650485437
"calhowi01",2021,1,"TEX","AL",260,6,0.0230769230769231
"calhowi01",2024,1,"LAA","AL",229,5,0.0218340611353712
"callaal01",2009,1,"KCA","AL",576,11,0.0190972222222222
"callaal01",2010,1,"KCA","AL",349,8,0.0229226361031519
"callaal01",2010,2,"LAA","AL",213,2,0.00938967136150235
"callaal01",2011,1,"LAA","AL",475,6,0.0126315789473684
"callaal01",2012,1,"LAA","AL",457,10,0.0218818380743982
"callaal01",2013,1,"LAA","AL",294,5,0.0170068027210884
"callaal01",2014,1,"OAK","AL",404,4,0.0099009900990099
"callal01",2023,1,"WAS","NL",375,8,0.0213333333333333
"callijo01",1970,1,"CHN","NL",477,19,0.039832285115304
"callijo01",1971,1,"CHN","NL",290,8,0.0275862068965517
"callijo01",1972,1,"NYA","AL",275,9,0.0327272727272727
"calloro01",2003,1,"MON","NL",340,9,0.0264705882352941
"camarjo01",2017,1,"ATL","NL",241,4,0.016597510373444
"camarjo01",2018,1,"ATL","NL",464,19,0.040948275862069
"camarjo01",2019,1,"ATL","NL",232,7,0.0301724137931034
"camermi01",1997,1,"CHA","AL",379,14,0.0369393139841689
"camermi01",1998,1,"CHA","AL",396,8,0.0202020202020202
"camermi01",1999,1,"CIN","NL",542,21,0.0387453874538745
"camermi01",2000,1,"SEA","AL",543,19,0.0349907918968692
"camermi01",2001,1,"SEA","AL",540,25,0.0462962962962963
"camermi01",2002,1,"SEA","AL",545,25,0.0458715596330275
"camermi01",2003,1,"SEA","AL",534,18,0.0337078651685393
"camermi01",2004,1,"NYN","NL",493,30,0.0608519269776876
"camermi01",2005,1,"NYN","NL",308,12,0.038961038961039
"camermi01",2006,1,"SDN","NL",552,22,0.0398550724637681
"camermi01",2007,1,"SDN","NL",571,21,0.0367775831873905
"camermi01",2008,1,"MIL","NL",444,25,0.0563063063063063
"camermi01",2009,1,"MIL","NL",544,24,0.0441176470588235
"caminju01",2025,1,"TBA","AL",602,45,0.0747508305647841
"caminke01",1987,1,"HOU","NL",203,3,0.0147783251231527
"caminke01",1989,1,"HOU","NL",585,10,0.0170940170940171
"caminke01",1990,1,"HOU","NL",541,4,0.00739371534195933
"caminke01",1991,1,"HOU","NL",574,13,0.0226480836236934
"caminke01",1992,1,"HOU","NL",506,13,0.0256916996047431
"caminke01",1993,1,"HOU","NL",543,13,0.0239410681399632
"caminke01",1994,1,"HOU","NL",406,18,0.0443349753694581
"caminke01",1995,1,"SDN","NL",526,26,0.0494296577946768
"caminke01",1996,1,"SDN","NL",546,40,0.0732600732600733
"caminke01",1997,1,"SDN","NL",486,26,0.0534979423868313
"caminke01",1998,1,"SDN","NL",452,29,0.0641592920353982
"caminke01",1999,1,"HOU","NL",273,13,0.0476190476190476
"caminke01",2000,1,"HOU","NL",208,15,0.0721153846153846
"campabe01",1970,1,"OAK","AL",603,22,0.0364842454394693
"campabe01",1971,1,"OAK","AL",569,5,0.00878734622144113
"campabe01",1972,1,"OAK","AL",625,8,0.0128
"campabe01",1973,1,"OAK","AL",601,4,0.00665557404326123
"campabe01",1974,1,"OAK","AL",527,2,0.00379506641366224
"campabe01",1975,1,"OAK","AL",509,4,0.00785854616895874
"campabe01",1976,1,"OAK","AL",536,1,0.00186567164179104
"campabe01",1977,1,"TEX","AL",552,5,0.00905797101449275
"campabe01",1978,1,"TEX","AL",269,1,0.00371747211895911
"campabe01",1980,1,"CAL","AL",210,2,0.00952380952380952
"campbda01",1970,1,"SDN","NL",581,12,0.0206540447504303
"campbda01",1971,1,"SDN","NL",365,7,0.0191780821917808
"campbkr01",2025,1,"BOS","AL",229,6,0.0262008733624454
"campulu01",2024,1,"SDN","NL",277,8,0.0288808664259928
"canaral01",2025,1,"PIT","NL",216,6,0.0277777777777778
"candaca01",1987,1,"MON","NL",449,1,0.0022271714922049
"candaca01",1990,1,"HOU","NL",262,3,0.0114503816793893
"candaca01",1991,1,"HOU","NL",461,4,0.0086767895878525
"candaca01",1992,1,"HOU","NL",320,1,0.003125
"candeje01",2018,1,"DET","AL",539,19,0.0352504638218924
"candeje01",2019,1,"DET","AL",335,8,0.0238805970149254
"candeje01",2021,1,"DET","AL",557,16,0.0287253141831239
"candeje01",2022,1,"DET","AL",429,13,0.0303030303030303
"candeje01",2023,1,"WAS","NL",368,16,0.0434782608695652
"candeje01",2024,1,"CIN","NL",427,20,0.0468384074941452
"cangejo01",1986,1,"CHA","AL",438,2,0.0045662100456621
"cangejo01",1995,1,"HOU","NL",201,2,0.0099502487562189
"cangejo01",1996,1,"HOU","NL",262,1,0.00381679389312977
"canhama01",2015,1,"OAK","AL",441,16,0.036281179138322
"canhama01",2018,1,"OAK","AL",365,17,0.0465753424657534
"canhama01",2019,1,"OAK","AL",410,26,0.0634146341463415
"canhama01",2021,1,"OAK","AL",519,17,0.0327552986512524
"canhama01",2022,1,"NYN","NL",462,13,0.0281385281385281
"canhama01",2023,1,"NYN","NL",257,6,0.0233463035019455
"canhama01",2024,1,"DET","AL",320,7,0.021875
"canizja01",2000,1,"MIN","AL",346,7,0.0202312138728324
"cannich01",1970,1,"SDN","NL",341,5,0.0146627565982405
"cannich01",1972,1,"LAN","NL",200,2,0.01
"canoro01",2005,1,"NYA","AL",522,14,0.0268199233716475
"canoro01",2006,1,"NYA","AL",482,15,0.0311203319502075
"canoro01",2007,1,"NYA","AL",617,19,0.0307941653160454
"canoro01",2008,1,"NYA","AL",597,14,0.0234505862646566
"canoro01",2009,1,"NYA","AL",637,25,0.0392464678178964
"canoro01",2010,1,"NYA","AL",626,29,0.0463258785942492
"canoro01",2011,1,"NYA","AL",623,28,0.0449438202247191
"canoro01",2012,1,"NYA","AL",627,33,0.0526315789473684
"canoro01",2013,1,"NYA","AL",605,27,0.0446280991735537
"canoro01",2014,1,"SEA","AL",595,14,0.0235294117647059
"canoro01",2015,1,"SEA","AL",624,21,0.0336538461538461
"canoro01",2016,1,"SEA","AL",655,39,0.0595419847328244
"canoro01",2017,1,"SEA","AL",592,23,0.0388513513513514
"canoro01",2018,1,"SEA","AL",310,10,0.032258064516129
"canoro01",2019,1,"NYN","NL",390,13,0.0333333333333333
"cansejo01",1986,1,"OAK","AL",600,33,0.055
"cansejo01",1987,1,"OAK","AL",630,31,0.0492063492063492
"cansejo01",1988,1,"OAK","AL",610,42,0.0688524590163935
"cansejo01",1989,1,"OAK","AL",227,17,0.0748898678414097
"cansejo01",1990,1,"OAK","AL",481,37,0.0769230769230769
"cansejo01",1991,1,"OAK","AL",572,44,0.0769230769230769
"cansejo01",1992,1,"OAK","AL",366,22,0.0601092896174863
"cansejo01",1993,1,"TEX","AL",231,10,0.0432900432900433
"cansejo01",1994,1,"TEX","AL",429,31,0.0722610722610723
"cansejo01",1995,1,"BOS","AL",396,24,0.0606060606060606
"cansejo01",1996,1,"BOS","AL",360,28,0.0777777777777778
"cansejo01",1997,1,"OAK","AL",388,23,0.0592783505154639
"cansejo01",1998,1,"TOR","AL",583,46,0.0789022298456261
"cansejo01",1999,1,"TBA","AL",430,34,0.0790697674418605
"cansejo01",2000,1,"TBA","AL",218,9,0.0412844036697248
"cansejo01",2001,1,"CHA","AL",256,16,0.0625
"cantujo01",2005,1,"TBA","AL",598,28,0.0468227424749164
"cantujo01",2006,1,"TBA","AL",413,14,0.0338983050847458
"cantujo01",2008,1,"FLO","NL",628,29,0.0461783439490446
"cantujo01",2009,1,"FLO","NL",585,16,0.0273504273504274
"cantujo01",2010,1,"FLO","NL",374,10,0.0267379679144385
"canzodo01",2025,1,"SEA","AL",243,11,0.0452674897119342
"caratvi01",2019,1,"CHN","NL",244,11,0.0450819672131148
"caratvi01",2021,1,"SDN","NL",313,7,0.0223642172523962
"caratvi01",2022,1,"MIL","NL",272,9,0.0330882352941176
"caratvi01",2023,1,"MIL","NL",201,7,0.0348258706467662
"caratvi01",2024,1,"HOU","AL",245,8,0.0326530612244898
"caratvi01",2025,1,"HOU","AL",344,12,0.0348837209302326
"carbobe01",1970,1,"CIN","NL",365,21,0.0575342465753425
"carbobe01",1971,1,"CIN","NL",310,5,0.0161290322580645
"carbobe01",1972,2,"SLN","NL",302,7,0.0231788079470199
"carbobe01",1973,1,"SLN","NL",308,8,0.025974025974026
"carbobe01",1974,1,"BOS","AL",338,12,0.0355029585798817
"carbobe01",1975,1,"BOS","AL",319,15,0.0470219435736677
"carbobe01",1977,1,"BOS","AL",228,15,0.0657894736842105
"cardejo02",1970,1,"SLN","NL",552,10,0.0181159420289855
"cardejo02",1971,1,"SLN","NL",301,7,0.0232558139534884
"cardejo02",1972,1,"CHN","NL",533,17,0.0318949343339587
"cardejo02",1973,1,"CHN","NL",522,11,0.0210727969348659
"cardejo02",1974,1,"CHN","NL",542,13,0.0239852398523985
"cardejo02",1975,1,"CHN","NL",574,9,0.0156794425087108
"cardejo02",1976,1,"CHN","NL",521,8,0.0153550863723608
"cardejo02",1977,1,"CHN","NL",226,3,0.0132743362831858
"cardejo02",1978,1,"PHI","NL",201,4,0.0199004975124378
"cardele01",1970,1,"MIN","AL",588,11,0.0187074829931973
"cardele01",1971,1,"MIN","AL",554,18,0.0324909747292419
"cardele01",1972,1,"CAL","AL",551,6,0.0108892921960073
"carewro01",1971,1,"MIN","AL",577,2,0.00346620450606586
"carewro01",1973,1,"MIN","AL",580,6,0.0103448275862069
"carewro01",1974,1,"MIN","AL",599,3,0.00500834724540901
"carewro01",1975,1,"MIN","AL",535,14,0.0261682242990654
"carewro01",1976,1,"MIN","AL",605,9,0.0148760330578512
"carewro01",1977,1,"MIN","AL",616,14,0.0227272727272727
"carewro01",1978,1,"MIN","AL",564,5,0.00886524822695035
"carewro01",1979,1,"CAL","AL",409,3,0.00733496332518337
"carewro01",1980,1,"CAL","AL",540,3,0.00555555555555556
"carewro01",1981,1,"CAL","AL",364,2,0.0054945054945055
"carewro01",1982,1,"CAL","AL",523,3,0.00573613766730402
"carewro01",1983,1,"CAL","AL",472,2,0.00423728813559322
"carewro01",1984,1,"CAL","AL",329,3,0.00911854103343465
"carewro01",1985,1,"CAL","AL",443,2,0.00451467268623025
"carlsdy01",2021,1,"SLN","NL",542,18,0.033210332103321
"carlsdy01",2022,1,"SLN","NL",432,8,0.0185185185185185
"carlsdy01",2023,1,"SLN","NL",219,5,0.0228310502283105
"carlsdy01",2025,1,"BAL","AL",217,6,0.0276497695852535
"carpeke01",2023,1,"DET","AL",418,20,0.0478468899521531
"carpeke01",2024,1,"DET","AL",264,18,0.0681818181818182
"carpeke01",2025,1,"DET","AL",433,26,0.0600461893764434
"carpema01",2012,1,"SLN","NL",296,6,0.0202702702702703
"carpema01",2013,1,"SLN","NL",626,11,0.0175718849840256
"carpema01",2014,1,"SLN","NL",595,8,0.0134453781512605
"carpema01",2015,1,"SLN","NL",574,28,0.048780487804878
"carpema01",2016,1,"SLN","NL",473,21,0.0443974630021142
"carpema01",2017,1,"SLN","NL",497,23,0.0462776659959759
"carpema01",2018,1,"SLN","NL",564,36,0.0638297872340425
"carpema01",2019,1,"SLN","NL",416,15,0.0360576923076923
"carpema01",2021,1,"SLN","NL",207,3,0.0144927536231884
"carpmi01",2011,1,"SEA","AL",290,12,0.0413793103448276
"carpmi01",2013,1,"BOS","AL",216,9,0.0416666666666667
"carrch02",1993,1,"FLO","NL",551,4,0.00725952813067151
"carrch02",1994,1,"FLO","NL",433,2,0.0046189376443418
"carrch02",1995,1,"FLO","NL",308,2,0.00649350649350649
"carreez01",2016,1,"TOR","AL",270,6,0.0222222222222222
"carreez01",2017,1,"TOR","AL",287,8,0.0278745644599303
"carrema01",1991,1,"NYN","NL",254,4,0.015748031496063
"carrema01",1992,1,"DET","AL",336,10,0.0297619047619048
"carrema01",1995,1,"SFN","NL",396,17,0.0429292929292929
"carrema01",1996,1,"SFN","NL",292,9,0.0308219178082192
"carroco02",2023,1,"ARI","NL",565,25,0.0442477876106195
"carroco02",2024,1,"ARI","NL",589,22,0.0373514431239389
"carroco02",2025,1,"ARI","NL",564,31,0.0549645390070922
"carroja01",2003,1,"MON","NL",227,1,0.00440528634361234
"carroja01",2006,1,"COL","NL",463,5,0.0107991360691145
"carroja01",2007,1,"COL","NL",227,2,0.00881057268722467
"carroja01",2008,1,"CLE","AL",347,1,0.00288184438040346
"carroja01",2009,1,"CLE","AL",315,2,0.00634920634920635
"carroja01",2012,1,"MIN","AL",470,1,0.00212765957446809
"cartech02",2012,1,"OAK","AL",218,16,0.073394495412844
"cartech02",2013,1,"HOU","AL",506,29,0.0573122529644269
"cartech02",2014,1,"HOU","AL",507,37,0.0729783037475345
"cartech02",2015,1,"HOU","AL",391,24,0.061381074168798
"cartech02",2016,1,"MIL","NL",549,41,0.0746812386156648
"cartega01",1975,1,"MON","NL",503,17,0.0337972166998012
"cartega01",1976,1,"MON","NL",311,6,0.0192926045016077
"cartega01",1977,1,"MON","NL",522,31,0.0593869731800766
"cartega01",1978,1,"MON","NL",533,20,0.0375234521575985
"cartega01",1979,1,"MON","NL",505,22,0.0435643564356436
"cartega01",1980,1,"MON","NL",549,29,0.0528233151183971
"cartega01",1981,1,"MON","NL",374,16,0.0427807486631016
"cartega01",1982,1,"MON","NL",557,29,0.052064631956912
"cartega01",1983,1,"MON","NL",541,17,0.0314232902033272
"cartega01",1984,1,"MON","NL",596,27,0.0453020134228188
"cartega01",1985,1,"NYN","NL",555,32,0.0576576576576577
"cartega01",1986,1,"NYN","NL",490,24,0.0489795918367347
"cartega01",1987,1,"NYN","NL",523,20,0.0382409177820268
"cartega01",1988,1,"NYN","NL",455,11,0.0241758241758242
"cartega01",1990,1,"SFN","NL",244,9,0.0368852459016393
"cartega01",1991,1,"LAN","NL",248,6,0.0241935483870968
"cartega01",1992,1,"MON","NL",285,5,0.0175438596491228
"cartejo01",1984,1,"CLE","AL",244,13,0.0532786885245902
"cartejo01",1985,1,"CLE","AL",489,15,0.0306748466257669
"cartejo01",1986,1,"CLE","AL",663,29,0.0437405731523379
"cartejo01",1987,1,"CLE","AL",588,32,0.054421768707483
"cartejo01",1988,1,"CLE","AL",621,27,0.0434782608695652
"cartejo01",1989,1,"CLE","AL",651,35,0.0537634408602151
"cartejo01",1990,1,"SDN","NL",634,24,0.0378548895899054
"cartejo01",1991,1,"TOR","AL",638,33,0.0517241379310345
"cartejo01",1992,1,"TOR","AL",622,34,0.0546623794212219
"cartejo01",1993,1,"TOR","AL",603,33,0.054726368159204
"cartejo01",1994,1,"TOR","AL",435,27,0.0620689655172414
"cartejo01",1995,1,"TOR","AL",558,25,0.0448028673835125
"cartejo01",1996,1,"TOR","AL",625,30,0.048
"cartejo01",1997,1,"TOR","AL",612,21,0.0343137254901961
"cartejo01",1998,1,"BAL","AL",283,11,0.03886925795053
"cartyri01",1970,1,"ATL","NL",478,25,0.0523012552301255
"cartyri01",1972,1,"ATL","NL",271,6,0.022140221402214
"cartyri01",1973,1,"TEX","AL",306,3,0.00980392156862745
"cartyri01",1975,1,"CLE","AL",383,18,0.0469973890339426
"cartyri01",1976,1,"CLE","AL",552,13,0.0235507246376812
"cartyri01",1977,1,"CLE","AL",461,15,0.0325379609544469
"cartyri01",1978,1,"TOR","AL",387,20,0.0516795865633075
"cartyri01",1979,1,"TOR","AL",461,12,0.0260303687635575
"carusmi01",1998,1,"CHA","AL",523,5,0.00956022944550669
"carusmi01",1999,1,"CHA","AL",529,2,0.00378071833648393
"casalcu01",2016,1,"TBA","AL",226,8,0.0353982300884956
"casalcu01",2019,1,"CIN","NL",207,8,0.0386473429951691
"casalcu01",2021,1,"SFN","NL",200,5,0.025
"casanpa01",1970,1,"WS2","AL",328,6,0.0182926829268293
"casanpa01",1971,1,"WS2","AL",311,5,0.0160771704180064
"casanpa01",1973,1,"ATL","NL",236,7,0.0296610169491525
"casanra01",1997,1,"DET","AL",304,5,0.0164473684210526
"casanra01",2000,1,"MIL","NL",231,6,0.025974025974026
"casastr01",2023,1,"BOS","AL",429,24,0.0559440559440560
"casastr01",2024,1,"BOS","AL",212,13,0.0613207547169811
"caseyse01",1998,1,"CIN","NL",302,7,0.0231788079470199
"caseyse01",1999,1,"CIN","NL",594,25,0.0420875420875421
"caseyse01",2000,1,"CIN","NL",480,20,0.0416666666666667
"caseyse01",2001,1,"CIN","NL",533,13,0.024390243902439
"caseyse01",2002,1,"CIN","NL",425,6,0.0141176470588235
"caseyse01",2003,1,"CIN","NL",573,14,0.0244328097731239
"caseyse01",2004,1,"CIN","NL",571,24,0.042031523642732
"caseyse01",2005,1,"CIN","NL",529,9,0.0170132325141777
"caseyse01",2006,1,"PIT","NL",213,3,0.0140845070422535
"caseyse01",2007,1,"DET","AL",453,4,0.00883002207505519
"cashda01",1970,1,"PIT","NL",210,1,0.00476190476190476
"cashda01",1971,1,"PIT","NL",478,2,0.00418410041841004
"cashda01",1972,1,"PIT","NL",425,3,0.00705882352941176
"cashda01",1973,1,"PIT","NL",436,2,0.00458715596330275
"cashda01",1974,1,"PHI","NL",687,2,0.00291120815138282
"cashda01",1975,1,"PHI","NL",699,4,0.00572246065808297
"cashda01",1976,1,"PHI","NL",666,1,0.0015015015015015
"cashda01",1978,1,"MON","NL",658,3,0.00455927051671733
"cashda01",1980,1,"SDN","NL",397,1,0.00251889168765743
"cashno01",1970,1,"DET","AL",370,15,0.0405405405405405
"cashno01",1971,1,"DET","AL",452,32,0.0707964601769912
"cashno01",1972,1,"DET","AL",440,22,0.05
"cashno01",1973,1,"DET","AL",363,19,0.0523415977961433
"casilal01",2008,1,"MIN","AL",385,7,0.0181818181818182
"casilal01",2011,1,"MIN","AL",323,2,0.00619195046439629
"casilal01",2012,1,"MIN","AL",299,1,0.00334448160535117
"casteni01",2014,1,"DET","AL",533,11,0.0206378986866792
"casteni01",2015,1,"DET","AL",549,15,0.0273224043715847
"casteni01",2016,1,"DET","AL",411,18,0.0437956204379562
"casteni01",2017,1,"DET","AL",614,26,0.0423452768729642
"casteni01",2018,1,"DET","AL",620,23,0.0370967741935484
"casteni01",2019,1,"DET","AL",403,11,0.0272952853598015
"casteni01",2019,2,"CHN","NL",212,16,0.0754716981132075
"casteni01",2020,1,"CIN","NL",218,14,0.0642201834862385
"casteni01",2021,1,"CIN","NL",531,34,0.064030131826742
"casteni01",2022,1,"PHI","NL",524,13,0.0248091603053435
"casteni01",2023,1,"PHI","NL",626,29,0.0463258785942492
"casteni01",2024,1,"PHI","NL",606,23,0.037953795379538
"casteni01",2025,1,"PHI","NL",547,17,0.0310786106032907
"castial01",1999,1,"SLN","NL",255,4,0.0156862745098039
"castica01",1984,1,"CLE","AL",211,10,0.04739336492891
"castica01",1986,1,"CLE","AL",205,8,0.0390243902439024
"castica01",1987,1,"CLE","AL",220,11,0.05
"castica01",1989,1,"MIN","AL",218,8,0.036697247706422
"castidi02",2022,1,"PIT","NL",262,11,0.0419847328244275
"castijo01",1979,1,"MIN","AL",393,5,0.0127226463104326
"castijo01",1980,1,"MIN","AL",546,13,0.0238095238095238
"castijo01",1981,1,"MIN","AL",381,6,0.015748031496063
"castijo01",1982,1,"MIN","AL",410,6,0.0146341463414634
"castijo01",1983,1,"MIN","AL",563,11,0.019538188277087
"castijo02",2004,1,"PIT","NL",383,8,0.02088772845953
"castijo02",2005,1,"PIT","NL",370,11,0.0297297297297297
"castijo02",2006,1,"PIT","NL",518,14,0.027027027027027
"castijo02",2008,1,"SFN","NL",394,6,0.0152284263959391
"castiju01",1987,1,"ML4","AL",321,3,0.00934579439252336
"castilu01",2000,1,"FLO","NL",539,2,0.00371057513914657
"castilu01",2001,1,"FLO","NL",537,2,0.0037243947858473
"castilu01",2002,1,"FLO","NL",606,2,0.0033003300330033
"castilu01",2003,1,"FLO","NL",595,6,0.0100840336134454
"castilu01",2004,1,"FLO","NL",564,2,0.00354609929078014
"castilu01",2005,1,"FLO","NL",439,4,0.00911161731207289
"castilu01",2006,1,"MIN","AL",584,3,0.00513698630136986
"castilu01",2008,1,"NYN","NL",298,3,0.0100671140939597
"castilu01",2009,1,"NYN","NL",486,1,0.00205761316872428
"castima01",1982,1,"SEA","AL",506,3,0.00592885375494071
"castiru01",2015,1,"BOS","AL",273,5,0.0183150183150183
"castivi02",1993,1,"COL","NL",337,9,0.0267062314540059
"castivi02",1995,1,"COL","NL",527,32,0.0607210626185958
"castivi02",1996,1,"COL","NL",629,40,0.0635930047694754
"castivi02",1997,1,"COL","NL",612,40,0.065359477124183
"castivi02",1998,1,"COL","NL",645,46,0.0713178294573643
"castivi02",1999,1,"COL","NL",615,33,0.0536585365853659
"castivi02",2000,1,"TBA","AL",331,6,0.0181268882175227
"castivi02",2001,2,"HOU","NL",445,23,0.051685393258427
"castivi02",2002,1,"ATL","NL",543,12,0.0220994475138122
"castivi02",2003,1,"ATL","NL",542,22,0.040590405904059
"castivi02",2004,1,"COL","NL",583,35,0.0600343053173242
"castivi02",2005,1,"WAS","NL",494,12,0.0242914979757085
"castivi02",2006,1,"SDN","NL",254,4,0.015748031496063
"castiwe01",2013,1,"CHN","NL",380,8,0.0210526315789474
"castiwe01",2014,1,"CHN","NL",380,13,0.0342105263157895
"castiwe01",2015,3,"ARI","NL",274,17,0.062043795620438
"castiwe01",2016,1,"ARI","NL",416,14,0.0336538461538461
"castiwe01",2017,1,"BAL","AL",341,20,0.0586510263929619
"castiwe01",2019,1,"CHA","AL",230,12,0.0521739130434783
"castrha01",2019,1,"DET","AL",354,5,0.0141242937853107
"castrha01",2021,1,"DET","AL",315,3,0.00952380952380952
"castrha01",2022,1,"DET","AL",420,7,0.0166666666666667
"castrha01",2023,1,"COL","NL",258,1,0.00387596899224806
"castrja01",2012,1,"HOU","NL",257,6,0.0233463035019455
"castrja01",2013,1,"HOU","AL",435,18,0.0413793103448276
"castrja01",2014,1,"HOU","AL",465,14,0.0301075268817204
"castrja01",2015,1,"HOU","AL",337,11,0.0326409495548961
"castrja01",2016,1,"HOU","AL",329,11,0.033434650455927
"castrja01",2017,1,"MIN","AL",356,10,0.0280898876404494
"castrja01",2019,1,"MIN","AL",237,13,0.0548523206751055
"castrju01",1998,1,"LAN","NL",220,2,0.00909090909090909
"castrju01",2000,1,"CIN","NL",224,4,0.0178571428571429
"castrju01",2001,1,"CIN","NL",242,3,0.012396694214876
"castrju01",2003,1,"CIN","NL",320,9,0.028125
"castrju01",2004,1,"CIN","NL",299,5,0.0167224080267559
"castrju01",2005,1,"MIN","AL",272,5,0.0183823529411765
"castrra01",2005,1,"NYN","NL",209,8,0.0382775119617225
"castrro01",2022,1,"PIT","NL",253,11,0.0434782608695652
"castrst01",2010,1,"CHN","NL",463,3,0.00647948164146868
"castrst01",2011,1,"CHN","NL",674,10,0.0148367952522255
"castrst01",2012,1,"CHN","NL",646,14,0.021671826625387
"castrst01",2013,1,"CHN","NL",666,10,0.015015015015015
"castrst01",2014,1,"CHN","NL",528,14,0.0265151515151515
"castrst01",2015,1,"CHN","NL",547,11,0.020109689213894
"castrst01",2016,1,"NYA","AL",577,21,0.0363951473136915
"castrst01",2017,1,"NYA","AL",443,16,0.036117381489842
"castrst01",2018,1,"MIA","NL",593,12,0.0202360876897133
"castrst01",2019,1,"MIA","NL",636,22,0.0345911949685535
"castrst01",2021,1,"WAS","NL",315,3,0.00952380952380952
"castrwi01",2021,1,"DET","AL",413,9,0.0217917675544794
"castrwi01",2022,1,"DET","AL",365,8,0.0219178082191781
"castrwi01",2023,1,"MIN","AL",358,9,0.0251396648044693
"castrwi01",2024,1,"MIN","AL",558,12,0.021505376344086
"castrwi01",2025,1,"MIN","AL",302,10,0.033112582781457
"catalfr01",1998,1,"DET","AL",213,6,0.028169014084507
"catalfr01",1999,1,"DET","AL",286,11,0.0384615384615385
"catalfr01",2000,1,"TEX","AL",282,10,0.0354609929078014
"catalfr01",2001,1,"TEX","AL",463,11,0.0237580993520518
"catalfr01",2002,1,"TEX","AL",212,3,0.0141509433962264
"catalfr01",2003,1,"TOR","AL",489,13,0.0265848670756646
"catalfr01",2004,1,"TOR","AL",249,1,0.00401606425702811
"catalfr01",2005,1,"TOR","AL",419,8,0.0190930787589499
"catalfr01",2006,1,"TOR","AL",437,7,0.0160183066361556
"catalfr01",2007,1,"TEX","AL",331,11,0.0332326283987915
"catalfr01",2008,1,"TEX","AL",248,2,0.00806451612903226
"caterda01",1970,1,"NYA","AL",582,6,0.0103092783505155
"caterda01",1971,1,"NYA","AL",428,4,0.00934579439252336
"caterda01",1972,1,"BOS","AL",317,8,0.0252365930599369
"caveja01",2018,1,"MIN","AL",283,13,0.0459363957597173
"caveja01",2024,1,"COL","NL",323,7,0.021671826625387
"cedenan01",1991,1,"HOU","NL",251,9,0.0358565737051793
"cedenan01",1992,1,"HOU","NL",220,2,0.00909090909090909
"cedenan01",1993,1,"HOU","NL",505,11,0.0217821782178218
"cedenan01",1994,1,"HOU","NL",342,9,0.0263157894736842
"cedenan01",1995,1,"SDN","NL",390,6,0.0153846153846154
"cedence01",1970,1,"HOU","NL",355,7,0.0197183098591549
"cedence01",1971,1,"HOU","NL",611,10,0.016366612111293
"cedence01",1972,1,"HOU","NL",559,22,0.0393559928443649
"cedence01",1973,1,"HOU","NL",525,25,0.0476190476190476
"cedence01",1974,1,"HOU","NL",610,26,0.0426229508196721
"cedence01",1975,1,"HOU","NL",500,13,0.026
"cedence01",1976,1,"HOU","NL",575,18,0.031304347826087
"cedence01",1977,1,"HOU","NL",530,14,0.0264150943396226
"cedence01",1979,1,"HOU","NL",470,6,0.0127659574468085
"cedence01",1980,1,"HOU","NL",499,10,0.0200400801603206
"cedence01",1981,1,"HOU","NL",306,5,0.0163398692810458
"cedence01",1982,1,"CIN","NL",492,8,0.016260162601626
"cedence01",1983,1,"CIN","NL",332,9,0.0271084337349398
"cedence01",1984,1,"CIN","NL",380,10,0.0263157894736842
"cedence01",1985,1,"CIN","NL",220,3,0.0136363636363636
"cedendo01",1996,1,"TOR","AL",282,2,0.00709219858156028
"cedendo01",1997,1,"TEX","AL",365,4,0.010958904109589
"cedenro01",1996,1,"LAN","NL",211,2,0.00947867298578199
"cedenro01",1998,1,"LAN","NL",240,2,0.00833333333333333
"cedenro01",1999,1,"NYN","NL",453,4,0.00883002207505519
"cedenro01",2000,1,"HOU","NL",259,6,0.0231660231660232
"cedenro01",2001,1,"DET","AL",523,6,0.011472275334608
"cedenro01",2002,1,"NYN","NL",511,7,0.0136986301369863
"cedenro01",2003,1,"NYN","NL",484,7,0.0144628099173554
"cedenro01",2004,1,"SLN","NL",200,3,0.015
"cedenro02",2006,1,"CHN","NL",534,6,0.0112359550561798
"cedenro02",2008,1,"CHN","NL",216,2,0.00925925925925926
"cedenro02",2010,1,"PIT","NL",468,8,0.0170940170940171
"cedenro02",2011,1,"PIT","NL",413,2,0.00484261501210654
"celesgi01",2022,1,"MIN","AL",311,2,0.00643086816720257
"cepedor01",1970,1,"ATL","NL",567,34,0.0599647266313933
"cepedor01",1971,1,"ATL","NL",250,14,0.056
"cepedor01",1973,1,"BOS","AL",550,20,0.0363636363636364
"ceronri01",1978,1,"TOR","AL",282,3,0.0106382978723404
"ceronri01",1979,1,"TOR","AL",469,7,0.0149253731343284
"ceronri01",1980,1,"NYA","AL",519,14,0.0269749518304432
"ceronri01",1981,1,"NYA","AL",234,2,0.00854700854700855
"ceronri01",1982,1,"NYA","AL",300,5,0.0166666666666667
"ceronri01",1983,1,"NYA","AL",246,2,0.00813008130081301
"ceronri01",1985,1,"ATL","NL",282,3,0.0106382978723404
"ceronri01",1986,1,"ML4","AL",216,4,0.0185185185185185
"ceronri01",1987,1,"NYA","AL",284,4,0.0140845070422535
"ceronri01",1988,1,"BOS","AL",264,3,0.0113636363636364
"ceronri01",1989,1,"BOS","AL",296,4,0.0135135135135135
"ceronri01",1991,1,"NYN","NL",227,2,0.00881057268722467
"cervefr01",2015,1,"PIT","NL",451,7,0.0155210643015521
"cervefr01",2016,1,"PIT","NL",326,1,0.00306748466257669
"cervefr01",2017,1,"PIT","NL",265,5,0.0188679245283019
"cervefr01",2018,1,"PIT","NL",332,12,0.036144578313253
"cespeyo01",2012,1,"OAK","AL",487,23,0.0472279260780287
"cespeyo01",2013,1,"OAK","AL",529,26,0.0491493383742911
"cespeyo01",2014,1,"OAK","AL",399,17,0.0426065162907268
"cespeyo01",2014,2,"BOS","AL",201,5,0.0248756218905473
"cespeyo01",2015,1,"DET","AL",403,18,0.0446650124069479
"cespeyo01",2015,2,"NYN","NL",230,17,0.0739130434782609
"cespeyo01",2016,1,"NYN","NL",479,31,0.0647181628392484
"cespeyo01",2017,1,"NYN","NL",291,17,0.0584192439862543
"ceyro01",1973,1,"LAN","NL",507,15,0.029585798816568
"ceyro01",1974,1,"LAN","NL",577,18,0.0311958405545927
"ceyro01",1975,1,"LAN","NL",566,25,0.0441696113074205
"ceyro01",1976,1,"LAN","NL",502,23,0.0458167330677291
"ceyro01",1977,1,"LAN","NL",564,30,0.0531914893617021
"ceyro01",1978,1,"LAN","NL",555,23,0.0414414414414414
"ceyro01",1979,1,"LAN","NL",487,28,0.0574948665297741
"ceyro01",1980,1,"LAN","NL",551,28,0.0508166969147005
"ceyro01",1981,1,"LAN","NL",312,13,0.0416666666666667
"ceyro01",1982,1,"LAN","NL",556,24,0.0431654676258993
"ceyro01",1983,1,"CHN","NL",581,24,0.0413080895008606
"ceyro01",1984,1,"CHN","NL",505,25,0.0495049504950495
"ceyro01",1985,1,"CHN","NL",500,22,0.044
"ceyro01",1986,1,"CHN","NL",256,13,0.05078125
"chalkda01",1974,1,"CAL","AL",465,5,0.010752688172043
"chalkda01",1975,1,"CAL","AL",513,3,0.00584795321637427
"chalkda01",1977,1,"CAL","AL",519,3,0.00578034682080925
"chalkda01",1978,1,"CAL","AL",470,1,0.00212765957446809
"chalkda01",1979,2,"OAK","AL",212,2,0.00943396226415094
"chambch01",1971,1,"CLE","AL",415,9,0.0216867469879518
"chambch01",1972,1,"CLE","AL",466,6,0.0128755364806867
"chambch01",1973,1,"CLE","AL",572,11,0.0192307692307692
"chambch01",1974,2,"NYA","AL",400,6,0.015
"chambch01",1975,1,"NYA","AL",562,9,0.0160142348754448
"chambch01",1976,1,"NYA","AL",641,17,0.0265210608424337
"chambch01",1977,1,"NYA","AL",600,17,0.0283333333333333
"chambch01",1978,1,"NYA","AL",625,12,0.0192
"chambch01",1979,1,"NYA","AL",554,18,0.0324909747292419
"chambch01",1980,1,"ATL","NL",602,18,0.0299003322259136
"chambch01",1981,1,"ATL","NL",404,8,0.0198019801980198
"chambch01",1982,1,"ATL","NL",534,20,0.0374531835205993
"chambch01",1983,1,"ATL","NL",447,20,0.0447427293064877
"chambch01",1984,1,"ATL","NL",389,9,0.0231362467866324
"chambwe01",1991,1,"PHI","NL",383,13,0.0339425587467363
"chambwe01",1992,1,"PHI","NL",275,9,0.0327272727272727
"chambwe01",1993,1,"PHI","NL",284,12,0.0422535211267606
"champmi01",1977,1,"SDN","NL",507,1,0.0019723865877712
"chaneda01",1976,1,"ATL","NL",496,1,0.00201612903225806
"chaneda01",1977,1,"ATL","NL",209,3,0.0143540669856459
"chaneda01",1978,1,"ATL","NL",245,3,0.0122448979591837
"changyu01",2021,1,"CLE","AL",237,9,0.0379746835443038
"chapmma01",2017,1,"OAK","AL",290,14,0.0482758620689655
"chapmma01",2018,1,"OAK","AL",547,24,0.0438756855575868
"chapmma01",2019,1,"OAK","AL",583,36,0.0617495711835334
"chapmma01",2021,1,"OAK","AL",529,27,0.0510396975425331
"chapmma01",2022,1,"TOR","AL",538,27,0.050185873605948
"chapmma01",2023,1,"TOR","AL",509,17,0.0333988212180747
"chapmma01",2024,1,"SFN","NL",575,27,0.0469565217391304
"chapmma01",2025,1,"SFN","NL",454,21,0.0462555066079295
"charbjo01",1980,1,"CLE","AL",453,23,0.0507726269315673
"chaveen01",2003,1,"MON","NL",483,5,0.010351966873706
"chaveen01",2004,1,"MON","NL",502,5,0.0099601593625498
"chaveen01",2006,1,"NYN","NL",353,4,0.0113314447592068
"chaveen01",2008,1,"NYN","NL",270,1,0.0037037037037037
"chaveen01",2011,1,"TEX","AL",256,5,0.01953125
"chaveen01",2013,1,"SEA","AL",266,2,0.0075187969924812
"chaveen01",2014,1,"SEA","AL",232,2,0.00862068965517241
"chaveer01",1999,1,"OAK","AL",356,13,0.0365168539325843
"chaveer01",2000,1,"OAK","AL",501,26,0.0518962075848303
"chaveer01",2001,1,"OAK","AL",552,32,0.0579710144927536
"chaveer01",2002,1,"OAK","AL",585,34,0.0581196581196581
"chaveer01",2003,1,"OAK","AL",588,29,0.0493197278911565
"chaveer01",2004,1,"OAK","AL",475,29,0.0610526315789474
"chaveer01",2005,1,"OAK","AL",625,27,0.0432
"chaveer01",2006,1,"OAK","AL",485,22,0.045360824742268
"chaveer01",2007,1,"OAK","AL",341,15,0.0439882697947214
"chaveer01",2012,1,"NYA","AL",278,16,0.0575539568345324
"chaveer01",2013,1,"ARI","NL",228,9,0.0394736842105263
"chavimi01",2019,1,"BOS","AL",347,18,0.0518731988472623
"chavimi01",2022,1,"PIT","NL",401,14,0.0349127182044888
"chileri01",1977,1,"MIN","AL",261,3,0.0114942528735632
"chiriro01",2014,1,"TEX","AL",306,13,0.042483660130719
"chiriro01",2015,1,"TEX","AL",233,10,0.0429184549356223
"chiriro01",2017,1,"TEX","AL",263,17,0.064638783269962
"chiriro01",2018,1,"TEX","AL",360,18,0.05
"chiriro01",2019,1,"HOU","AL",366,17,0.046448087431694
"chiselo01",2011,1,"CLE","AL",212,7,0.0330188679245283
"chiselo01",2013,1,"CLE","AL",289,11,0.0380622837370242
"chiselo01",2014,1,"CLE","AL",478,13,0.0271966527196653
"chiselo01",2015,1,"CLE","AL",333,7,0.021021021021021
"chiselo01",2016,1,"CLE","AL",385,8,0.0207792207792208
"chiselo01",2017,1,"CLE","AL",236,12,0.0508474576271186
"chishja01",2021,1,"MIA","NL",464,18,0.0387931034482759
"chishja01",2022,1,"MIA","NL",213,14,0.0657276995305164
"chishja01",2023,1,"MIA","NL",352,19,0.0539772727272727
"chishja01",2024,1,"MIA","NL",386,13,0.0336787564766839
"chishja01",2025,1,"NYA","AL",462,31,0.0670995670995671
"choicmi01",2014,1,"TEX","AL",253,9,0.0355731225296443
"choihe01",2003,1,"CHN","NL",202,8,0.0396039603960396
"choihe01",2004,1,"FLO","NL",281,15,0.0533807829181495
"choihe01",2005,1,"LAN","NL",320,15,0.046875
"choiji01",2019,1,"TBA","AL",410,19,0.0463414634146341
"choiji01",2021,1,"TBA","AL",258,11,0.0426356589147287
"choiji01",2022,1,"TBA","AL",356,11,0.0308988764044944
"choosh01",2008,1,"CLE","AL",317,14,0.0441640378548896
"choosh01",2009,1,"CLE","AL",583,20,0.0343053173241852
"choosh01",2010,1,"CLE","AL",550,22,0.04
"choosh01",2011,1,"CLE","AL",313,8,0.0255591054313099
"choosh01",2012,1,"CLE","AL",598,16,0.0267558528428094
"choosh01",2013,1,"CIN","NL",569,21,0.0369068541300527
"choosh01",2014,1,"TEX","AL",455,13,0.0285714285714286
"choosh01",2015,1,"TEX","AL",555,22,0.0396396396396396
"choosh01",2017,1,"TEX","AL",544,22,0.0404411764705882
"choosh01",2018,1,"TEX","AL",560,21,0.0375
"choosh01",2019,1,"TEX","AL",563,24,0.0426287744227353
"chourja01",2024,1,"MIL","NL",528,21,0.0397727272727273
"chourja01",2025,1,"MIL","NL",549,21,0.0382513661202186
"chrisry01",1998,1,"OAK","AL",370,5,0.0135135135135135
"chrisry01",1999,1,"OAK","AL",268,4,0.0149253731343284
"churcry01",2005,1,"WAS","NL",268,9,0.0335820895522388
"churcry01",2007,1,"WAS","NL",470,15,0.0319148936170213
"churcry01",2008,1,"NYN","NL",319,12,0.0376175548589342
"churcry01",2009,1,"NYN","NL",232,2,0.00862068965517241
"cianfar01",1992,1,"MON","NL",232,6,0.0258620689655172
"cianfar01",1993,2,"SDN","NL",279,11,0.039426523297491
"cianfar01",1997,1,"SDN","NL",220,4,0.0181818181818182
"cintral01",2003,1,"ARI","NL",448,13,0.0290178571428571
"cintral01",2004,1,"ARI","NL",564,4,0.00709219858156028
"cintral01",2005,1,"ARI","NL",330,8,0.0242424242424242
"cintral01",2006,1,"CHA","AL",288,5,0.0173611111111111
"ciriape01",2012,1,"BOS","AL",259,2,0.00772200772200772
"cirilje01",1995,1,"ML4","AL",328,9,0.0274390243902439
"cirilje01",1996,1,"ML4","AL",566,15,0.0265017667844523
"cirilje01",1997,1,"ML4","AL",580,10,0.0172413793103448
"cirilje01",1998,1,"MIL","NL",604,14,0.0231788079470199
"cirilje01",1999,1,"MIL","NL",607,15,0.0247116968698517
"cirilje01",2000,1,"COL","NL",598,11,0.0183946488294314
"cirilje01",2001,1,"COL","NL",528,17,0.0321969696969697
"cirilje01",2002,1,"SEA","AL",485,6,0.0123711340206186
"cirilje01",2003,1,"SEA","AL",258,2,0.00775193798449612
"cirilje01",2006,1,"MIL","NL",263,3,0.0114068441064639
"clarkbo04",1980,1,"CAL","AL",261,5,0.0191570881226054
"clarkbo04",1983,1,"CAL","AL",212,5,0.0235849056603774
"clarkbr02",2003,1,"MIL","NL",315,6,0.019047619047619
"clarkbr02",2004,1,"MIL","NL",353,7,0.0198300283286119
"clarkbr02",2005,1,"MIL","NL",599,13,0.0217028380634391
"clarkbr02",2006,1,"MIL","NL",415,4,0.00963855421686747
"clarkda05",1989,1,"CLE","AL",253,8,0.0316205533596838
"clarkda05",1993,1,"PIT","NL",277,11,0.0397111913357401
"clarkda05",1994,1,"PIT","NL",223,10,0.0448430493273543
"clarkda05",1996,1,"PIT","NL",211,8,0.037914691943128
"clarkho01",1970,1,"NYA","AL",686,4,0.00583090379008746
"clarkho01",1971,1,"NYA","AL",625,2,0.0032
"clarkho01",1972,1,"NYA","AL",547,3,0.00548446069469835
"clarkho01",1973,1,"NYA","AL",590,2,0.00338983050847458
"clarkja01",1977,1,"SFN","NL",413,13,0.0314769975786925
"clarkja01",1978,1,"SFN","NL",592,25,0.0422297297297297
"clarkja01",1979,1,"SFN","NL",527,26,0.0493358633776091
"clarkja01",1980,1,"SFN","NL",437,22,0.0503432494279176
"clarkja01",1981,1,"SFN","NL",385,17,0.0441558441558442
"clarkja01",1982,1,"SFN","NL",563,27,0.0479573712255773
"clarkja01",1983,1,"SFN","NL",492,20,0.040650406504065
"clarkja01",1984,1,"SFN","NL",203,11,0.0541871921182266
"clarkja01",1985,1,"SLN","NL",442,22,0.0497737556561086
"clarkja01",1986,1,"SLN","NL",232,9,0.0387931034482759
"clarkja01",1987,1,"SLN","NL",419,35,0.0835322195704057
"clarkja01",1988,1,"NYA","AL",496,27,0.0544354838709677
"clarkja01",1989,1,"SDN","NL",455,26,0.0571428571428571
"clarkja01",1990,1,"SDN","NL",334,25,0.0748502994011976
"clarkja01",1991,1,"BOS","AL",481,28,0.0582120582120582
"clarkja01",1992,1,"BOS","AL",257,5,0.0194552529182879
"clarkje01",1991,1,"SDN","NL",369,10,0.02710027100271
"clarkje01",1992,1,"SDN","NL",496,12,0.0241935483870968
"clarkje01",1993,1,"COL","NL",478,13,0.0271966527196653
"clarkph02",1993,1,"SDN","NL",240,9,0.0375
"clarkto02",1996,1,"DET","AL",376,27,0.0718085106382979
"clarkto02",1997,1,"DET","AL",580,32,0.0551724137931035
"clarkto02",1998,1,"DET","AL",602,34,0.0564784053156146
"clarkto02",1999,1,"DET","AL",536,31,0.0578358208955224
"clarkto02",2000,1,"DET","AL",208,13,0.0625
"clarkto02",2001,1,"DET","AL",428,16,0.0373831775700935
"clarkto02",2002,1,"BOS","AL",275,3,0.0109090909090909
"clarkto02",2003,1,"NYN","NL",254,16,0.062992125984252
"clarkto02",2004,1,"NYA","AL",253,16,0.0632411067193676
"clarkto02",2005,1,"ARI","NL",349,30,0.0859598853868195
"clarkto02",2007,1,"ARI","NL",221,17,0.0769230769230769
"clarkwi02",1986,1,"SFN","NL",408,11,0.0269607843137255
"clarkwi02",1987,1,"SFN","NL",529,35,0.0661625708884688
"clarkwi02",1988,1,"SFN","NL",575,29,0.0504347826086956
"clarkwi02",1989,1,"SFN","NL",588,23,0.0391156462585034
"clarkwi02",1990,1,"SFN","NL",600,19,0.0316666666666667
"clarkwi02",1991,1,"SFN","NL",565,29,0.0513274336283186
"clarkwi02",1992,1,"SFN","NL",513,16,0.0311890838206628
"clarkwi02",1993,1,"SFN","NL",491,14,0.0285132382892057
"clarkwi02",1994,1,"TEX","AL",389,13,0.0334190231362468
"clarkwi02",1995,1,"TEX","AL",454,16,0.0352422907488987
"clarkwi02",1996,1,"TEX","AL",436,13,0.0298165137614679
"clarkwi02",1997,1,"TEX","AL",393,12,0.0305343511450382
"clarkwi02",1998,1,"TEX","AL",554,23,0.0415162454873646
"clarkwi02",1999,1,"BAL","AL",251,10,0.0398406374501992
"clarkwi02",2000,1,"BAL","AL",256,9,0.03515625
"claytro01",1992,1,"SFN","NL",321,4,0.0124610591900312
"claytro01",1993,1,"SFN","NL",549,6,0.0109289617486339
"claytro01",1994,1,"SFN","NL",385,3,0.00779220779220779
"claytro01",1995,1,"SFN","NL",509,5,0.00982318271119843
"claytro01",1996,1,"SLN","NL",491,6,0.0122199592668024
"claytro01",1997,1,"SLN","NL",576,9,0.015625
"claytro01",1998,1,"SLN","NL",355,4,0.0112676056338028
"claytro01",1999,1,"TEX","AL",465,14,0.0301075268817204
"claytro01",2000,1,"TEX","AL",513,14,0.0272904483430799
"claytro01",2001,1,"CHA","AL",433,9,0.0207852193995381
"claytro01",2002,1,"CHA","AL",342,7,0.0204678362573099
"claytro01",2003,1,"MIL","NL",483,11,0.0227743271221532
"claytro01",2004,1,"COL","NL",574,8,0.0139372822299652
"claytro01",2005,1,"ARI","NL",522,2,0.00383141762452107
"clemeer01",2024,1,"TOR","AL",434,12,0.0276497695852535
"clemeer01",2025,1,"TOR","AL",545,9,0.0165137614678899
"clemeje01",2008,1,"SEA","AL",203,5,0.0246305418719212
"clemeko01",2025,2,"MIN","AL",342,19,0.0555555555555556
"clemero01",1970,1,"PIT","NL",412,14,0.0339805825242718
"clemero01",1971,1,"PIT","NL",522,13,0.024904214559387
"clemero01",1972,1,"PIT","NL",378,10,0.0264550264550265
"clenddo01",1970,1,"NYN","NL",396,22,0.0555555555555556
"clenddo01",1971,1,"NYN","NL",263,11,0.0418250950570342
"clinege01",1971,1,"PIT","NL",273,1,0.00366300366300366
"clinege01",1973,1,"PIT","NL",304,1,0.00328947368421053
"clinege01",1977,1,"CHN","NL",239,3,0.0125523012552301
"clossjd01",2005,1,"COL","NL",237,7,0.029535864978903
"coggiri01",1973,1,"BAL","AL",389,7,0.0179948586118252
"coggiri01",1974,1,"BAL","AL",411,4,0.0097323600973236
"coghlch01",2009,1,"FLO","NL",504,9,0.0178571428571429
"coghlch01",2010,1,"FLO","NL",358,5,0.0139664804469274
"coghlch01",2011,1,"FLO","NL",269,5,0.0185873605947955
"coghlch01",2014,1,"CHN","NL",385,9,0.0233766233766234
"coghlch01",2015,1,"CHN","NL",440,16,0.0363636363636364
"colabch01",2014,1,"MIN","AL",205,6,0.0292682926829268
"colabch01",2015,1,"TOR","AL",333,15,0.045045045045045
"colasos01",2023,1,"CHA","AL",245,5,0.0204081632653061
"colbena01",1970,1,"SDN","NL",572,38,0.0664335664335664
"colbena01",1971,1,"SDN","NL",565,27,0.047787610619469
"colbena01",1972,1,"SDN","NL",563,38,0.0674955595026643
"colbena01",1973,1,"SDN","NL",529,22,0.0415879017013233
"colbena01",1974,1,"SDN","NL",368,14,0.0380434782608696
"colbrgr01",1995,1,"FLO","NL",528,23,0.0435606060606061
"colbrgr01",1996,1,"FLO","NL",511,16,0.0313111545988258
"colbrgr01",1997,1,"MIN","AL",217,5,0.0230414746543779
"colbrgr01",2000,1,"ARI","NL",329,15,0.0455927051671733
"coleal01",1994,1,"MIN","AL",345,4,0.0115942028985507
"colemvi01",1985,1,"SLN","NL",636,1,0.00157232704402516
"colemvi01",1987,1,"SLN","NL",623,3,0.00481540930979133
"colemvi01",1988,1,"SLN","NL",616,3,0.00487012987012987
"colemvi01",1989,1,"SLN","NL",563,2,0.00355239786856128
"colemvi01",1990,1,"SLN","NL",497,6,0.0120724346076459
"colemvi01",1991,1,"NYN","NL",278,1,0.00359712230215827
"colemvi01",1992,1,"NYN","NL",229,2,0.00873362445414847
"colemvi01",1993,1,"NYN","NL",373,2,0.00536193029490617
"colemvi01",1994,1,"KCA","AL",438,2,0.0045662100456621
"colemvi01",1995,1,"KCA","AL",293,4,0.0136518771331058
"colesda01",1986,1,"DET","AL",521,20,0.0383877159309021
"colesda01",1988,1,"PIT","NL",211,5,0.023696682464455
"colesda01",1989,1,"SEA","AL",535,10,0.0186915887850467
"collida02",1975,1,"CAL","AL",319,3,0.00940438871473354
"collida02",1976,1,"CAL","AL",365,4,0.010958904109589
"collida02",1977,1,"SEA","AL",402,5,0.0124378109452736
"collida02",1979,1,"CIN","NL",396,3,0.00757575757575758
"collida02",1980,1,"CIN","NL",551,3,0.00544464609800363
"collida02",1981,1,"CIN","NL",360,3,0.00833333333333333
"collida02",1982,1,"NYA","AL",348,3,0.00862068965517241
"collida02",1983,1,"TOR","AL",402,1,0.00248756218905473
"collida02",1984,1,"TOR","AL",441,2,0.00453514739229025
"collida02",1985,1,"OAK","AL",379,4,0.0105540897097625
"collida02",1986,1,"DET","AL",419,1,0.00238663484486874
"colliis01",2025,1,"MIL","NL",372,9,0.0241935483870968
"collilo01",1998,1,"PIT","NL",334,2,0.00598802395209581
"colucbo01",1973,1,"ML4","AL",438,15,0.0342465753424658
"colucbo01",1974,1,"ML4","AL",394,6,0.0152284263959391
"colvity01",2010,1,"CHN","NL",358,20,0.0558659217877095
"colvity01",2011,1,"CHN","NL",206,6,0.029126213592233
"colvity01",2012,1,"COL","NL",420,18,0.0428571428571429
"conceda01",1970,1,"CIN","NL",265,1,0.00377358490566038
"conceda01",1971,1,"CIN","NL",327,1,0.00305810397553517
"conceda01",1972,1,"CIN","NL",378,2,0.00529100529100529
"conceda01",1973,1,"CIN","NL",328,8,0.024390243902439
"conceda01",1974,1,"CIN","NL",594,14,0.0235690235690236
"conceda01",1975,1,"CIN","NL",507,5,0.00986193293885602
"conceda01",1976,1,"CIN","NL",576,9,0.015625
"conceda01",1977,1,"CIN","NL",572,8,0.013986013986014
"conceda01",1978,1,"CIN","NL",565,6,0.0106194690265487
"conceda01",1979,1,"CIN","NL",590,16,0.0271186440677966
"conceda01",1980,1,"CIN","NL",622,5,0.00803858520900322
"conceda01",1981,1,"CIN","NL",421,5,0.0118764845605701
"conceda01",1982,1,"CIN","NL",572,5,0.00874125874125874
"conceda01",1983,1,"CIN","NL",528,1,0.00189393939393939
"conceda01",1984,1,"CIN","NL",531,4,0.00753295668549906
"conceda01",1985,1,"CIN","NL",560,7,0.0125
"conceda01",1986,1,"CIN","NL",311,3,0.00964630225080386
"conceda01",1987,1,"CIN","NL",279,1,0.003584229390681
"conceon01",1984,1,"KCA","AL",287,1,0.00348432055749129
"conceon01",1985,1,"KCA","AL",314,2,0.00636942675159236
"confomi01",2016,1,"NYN","NL",304,12,0.0394736842105263
"confomi01",2017,1,"NYN","NL",373,27,0.0723860589812332
"confomi01",2018,1,"NYN","NL",543,28,0.0515653775322284
"confomi01",2019,1,"NYN","NL",549,33,0.0601092896174863
"confomi01",2020,1,"NYN","NL",202,9,0.0445544554455445
"confomi01",2021,1,"NYN","NL",406,14,0.0344827586206897
"confomi01",2023,1,"SFN","NL",406,15,0.0369458128078818
"confomi01",2024,1,"SFN","NL",438,20,0.045662100456621
"confomi01",2025,1,"LAN","NL",418,12,0.0287081339712919
"congeha01",2013,1,"LAA","AL",233,7,0.0300429184549356
"congeha01",2014,1,"LAA","AL",231,4,0.0173160173160173
"congeha01",2015,1,"HOU","AL",201,11,0.054726368159204
"conigbi01",1970,1,"BOS","AL",398,18,0.0452261306532663
"conigbi01",1971,1,"BOS","AL",351,11,0.0313390313390313
"conigto01",1970,1,"BOS","AL",560,36,0.0642857142857143
"conigto01",1971,1,"CAL","AL",266,4,0.0150375939849624
"coninje01",1993,1,"FLO","NL",595,12,0.0201680672268908
"coninje01",1994,1,"FLO","NL",451,18,0.0399113082039911
"coninje01",1995,1,"FLO","NL",483,25,0.05175983436853
"coninje01",1996,1,"FLO","NL",597,26,0.0435510887772194
"coninje01",1997,1,"FLO","NL",405,17,0.0419753086419753
"coninje01",1998,1,"KCA","AL",309,8,0.0258899676375405
"coninje01",1999,1,"BAL","AL",444,13,0.0292792792792793
"coninje01",2000,1,"BAL","AL",409,13,0.0317848410757946
"coninje01",2001,1,"BAL","AL",524,14,0.0267175572519084
"coninje01",2002,1,"BAL","AL",451,15,0.0332594235033259
"coninje01",2003,1,"BAL","AL",493,15,0.0304259634888438
"coninje01",2004,1,"FLO","NL",521,14,0.0268714011516315
"coninje01",2005,1,"FLO","NL",335,3,0.00895522388059702
"coninje01",2006,1,"BAL","AL",389,9,0.0231362467866324
"coninje01",2007,1,"CIN","NL",215,6,0.027906976744186
"contija01",2002,1,"TBA","AL",222,3,0.0135135135135135
"contrwi01",2016,1,"CHN","NL",252,12,0.0476190476190476
"contrwi01",2017,1,"CHN","NL",377,21,0.0557029177718833
"contrwi01",2018,1,"CHN","NL",474,10,0.0210970464135021
"contrwi01",2019,1,"CHN","NL",360,24,0.0666666666666667
"contrwi01",2021,1,"CHN","NL",413,21,0.0508474576271186
"contrwi01",2022,1,"CHN","NL",416,22,0.0528846153846154
"contrwi01",2023,1,"SLN","NL",428,20,0.0467289719626168
"contrwi01",2024,1,"SLN","NL",301,15,0.0498338870431894
"contrwi01",2025,1,"SLN","NL",490,20,0.0408163265306122
"contrwi02",2022,1,"ATL","NL",334,20,0.0598802395209581
"contrwi02",2023,1,"MIL","NL",540,17,0.0314814814814815
"contrwi02",2024,1,"MIL","NL",595,23,0.038655462184874
"contrwi02",2025,1,"MIL","NL",566,17,0.0300353356890459
"coomero01",1996,1,"MIN","AL",233,12,0.0515021459227468
"coomero01",1997,1,"MIN","AL",523,13,0.0248565965583174
"coomero01",1998,1,"MIN","AL",529,15,0.0283553875236295
"coomero01",1999,1,"MIN","AL",467,16,0.0342612419700214
"coomero01",2000,1,"MIN","AL",544,16,0.0294117647058824
"coomero01",2001,1,"CHN","NL",349,8,0.0229226361031519
"coopece01",1974,1,"BOS","AL",414,8,0.0193236714975845
"coopece01",1975,1,"BOS","AL",305,14,0.0459016393442623
"coopece01",1976,1,"BOS","AL",451,15,0.0332594235033259
"coopece01",1977,1,"ML4","AL",643,20,0.031104199066874
"coopece01",1978,1,"ML4","AL",407,13,0.0319410319410319
"coopece01",1979,1,"ML4","AL",590,24,0.0406779661016949
"coopece01",1980,1,"ML4","AL",622,25,0.0401929260450161
"coopece01",1981,1,"ML4","AL",416,12,0.0288461538461539
"coopece01",1982,1,"ML4","AL",654,32,0.0489296636085627
"coopece01",1983,1,"ML4","AL",661,30,0.0453857791225416
"coopece01",1984,1,"ML4","AL",603,11,0.0182421227197347
"coopece01",1985,1,"ML4","AL",631,16,0.0253565768621236
"coopece01",1986,1,"ML4","AL",542,12,0.022140221402214
"coopece01",1987,1,"ML4","AL",250,6,0.024
"coopega03",2019,1,"MIA","NL",381,15,0.0393700787401575
"coopega03",2021,1,"MIA","NL",215,9,0.0418604651162791
"coopega03",2022,1,"MIA","NL",414,9,0.0217391304347826
"coopega03",2023,1,"MIA","NL",305,13,0.0426229508196721
"coopesc01",1992,1,"BOS","AL",337,5,0.0148367952522255
"coopesc01",1993,1,"BOS","AL",526,9,0.0171102661596958
"coopesc01",1994,1,"BOS","AL",369,13,0.035230352303523
"coopesc01",1995,1,"SLN","NL",374,3,0.00802139037433155
"coraal01",2000,1,"LAN","NL",353,4,0.0113314447592068
"coraal01",2001,1,"LAN","NL",405,4,0.00987654320987654
"coraal01",2002,1,"LAN","NL",258,5,0.0193798449612403
"coraal01",2003,1,"LAN","NL",477,4,0.00838574423480084
"coraal01",2004,1,"LAN","NL",405,10,0.0246913580246914
"coraal01",2006,1,"BOS","AL",235,1,0.00425531914893617
"coraal01",2007,1,"BOS","AL",207,3,0.0144927536231884
"coraal01",2009,1,"NYN","NL",271,1,0.003690036900369
"corajo01",1993,1,"CHA","AL",579,2,0.00345423143350604
"corajo01",1994,1,"CHA","AL",312,2,0.00641025641025641
"corajo01",1995,1,"SEA","AL",427,3,0.00702576112412178
"corajo01",1996,1,"SEA","AL",530,6,0.0113207547169811
"corajo01",1997,1,"SEA","AL",574,11,0.0191637630662021
"corajo01",1998,1,"SEA","AL",519,6,0.0115606936416185
"corcoti01",1978,1,"DET","AL",324,1,0.00308641975308642
"corcoti01",1984,1,"PHI","NL",208,5,0.0240384615384615
"cordefr02",2022,1,"BOS","AL",242,8,0.0330578512396694
"cordery01",2019,1,"CHA","AL",217,7,0.032258064516129
"cordewi01",1993,1,"MON","NL",475,10,0.0210526315789474
"cordewi01",1994,1,"MON","NL",415,15,0.036144578313253
"cordewi01",1995,1,"MON","NL",514,10,0.0194552529182879
"cordewi01",1997,1,"BOS","AL",570,18,0.0315789473684211
"cordewi01",1998,1,"CHA","AL",341,13,0.0381231671554252
"cordewi01",2000,1,"PIT","NL",348,16,0.0459770114942529
"cordewi01",2001,1,"CLE","AL",268,4,0.0149253731343284
"cordewi01",2003,1,"MON","NL",436,16,0.036697247706422
"cordoal01",2017,1,"SDN","NL",202,4,0.0198019801980198
"cordoma01",1995,1,"MIN","AL",512,24,0.046875
"cordoma01",1996,1,"MIN","AL",569,16,0.0281195079086116
"cordoma01",1997,1,"MIN","AL",378,15,0.0396825396825397
"cordoma01",1998,1,"MIN","AL",438,10,0.0228310502283105
"cordoma01",1999,1,"MIN","AL",425,14,0.0329411764705882
"cordoma01",2000,1,"TOR","AL",200,4,0.02
"cordoma01",2001,1,"CLE","AL",409,20,0.0488997555012225
"cordoma01",2002,1,"BAL","AL",458,18,0.0393013100436681
"correca01",2015,1,"HOU","AL",387,22,0.0568475452196382
"correca01",2016,1,"HOU","AL",577,20,0.0346620450606586
"correca01",2017,1,"HOU","AL",422,24,0.0568720379146919
"correca01",2018,1,"HOU","AL",402,15,0.0373134328358209
"correca01",2019,1,"HOU","AL",280,21,0.075
"correca01",2020,1,"HOU","AL",201,5,0.0248756218905473
"correca01",2021,1,"HOU","AL",555,26,0.0468468468468468
"correca01",2022,1,"MIN","AL",522,22,0.0421455938697318
"correca01",2023,1,"MIN","AL",514,18,0.0350194552529183
"correca01",2024,1,"MIN","AL",319,14,0.0438871473354232
"correca01",2025,1,"MIN","AL",337,7,0.0207715133531157
"correca01",2025,2,"HOU","AL",200,6,0.03
"correvi01",1974,1,"ATL","NL",202,4,0.0198019801980198
"correvi01",1975,1,"ATL","NL",325,11,0.0338461538461539
"correvi01",1976,1,"ATL","NL",200,5,0.025
"costash01",2006,1,"KCA","AL",237,3,0.0126582278481013
"costech01",2008,1,"PHI","NL",274,9,0.0328467153284672
"cotahu01",2005,1,"PIT","NL",297,7,0.0235690235690236
"cottohe01",1988,1,"SEA","AL",386,8,0.0207253886010363
"cottohe01",1989,1,"SEA","AL",295,9,0.0305084745762712
"cottohe01",1990,1,"SEA","AL",355,4,0.0112676056338028
"cottohe01",1992,1,"SEA","AL",294,5,0.0170068027210884
"counscr01",1998,1,"FLO","NL",335,4,0.0119402985074627
"counscr01",2001,1,"ARI","NL",458,4,0.00873362445414847
"counscr01",2002,1,"ARI","NL",436,2,0.00458715596330275
"counscr01",2003,1,"ARI","NL",303,3,0.0099009900990099
"counscr01",2004,1,"MIL","NL",473,2,0.00422832980972516
"counscr01",2005,1,"ARI","NL",578,9,0.0155709342560554
"counscr01",2006,1,"ARI","NL",372,4,0.010752688172043
"counscr01",2007,1,"MIL","NL",282,3,0.0106382978723404
"counscr01",2008,1,"MIL","NL",248,1,0.00403225806451613
"counscr01",2009,1,"MIL","NL",404,4,0.0099009900990099
"counscr01",2010,1,"MIL","NL",204,2,0.00980392156862745
"cowenal01",1974,1,"KCA","AL",269,1,0.00371747211895911
"cowenal01",1975,1,"KCA","AL",328,4,0.0121951219512195
"cowenal01",1976,1,"KCA","AL",581,3,0.00516351118760757
"cowenal01",1977,1,"KCA","AL",606,23,0.037953795379538
"cowenal01",1978,1,"KCA","AL",485,5,0.0103092783505155
"cowenal01",1979,1,"KCA","AL",516,9,0.0174418604651163
"cowenal01",1980,2,"DET","AL",403,5,0.0124069478908189
"cowenal01",1981,1,"DET","AL",253,1,0.00395256916996047
"cowenal01",1982,1,"SEA","AL",560,20,0.0357142857142857
"cowenal01",1983,1,"SEA","AL",356,7,0.0196629213483146
"cowenal01",1984,1,"SEA","AL",524,15,0.0286259541984733
"cowenal01",1985,1,"SEA","AL",452,14,0.0309734513274336
"cowgico01",2014,1,"LAA","AL",260,5,0.0192307692307692
"cowseco01",2024,1,"BAL","AL",499,24,0.0480961923847695
"cowseco01",2025,1,"BAL","AL",327,16,0.0489296636085627
"coxji01",1974,1,"MON","NL",236,2,0.00847457627118644
"coxla01",1979,1,"SEA","AL",293,4,0.0136518771331058
"coxla01",1980,1,"SEA","AL",243,4,0.0164609053497942
"coxst01",2000,1,"TBA","AL",318,11,0.0345911949685535
"coxst01",2001,1,"TBA","AL",342,12,0.0350877192982456
"coxst01",2002,1,"TBA","AL",560,16,0.0285714285714286
"coxte02",1978,1,"CLE","AL",227,1,0.00440528634361234
"coxte02",1980,1,"SEA","AL",247,2,0.00809716599190283
"cozarza01",2012,1,"CIN","NL",561,15,0.0267379679144385
"cozarza01",2013,1,"CIN","NL",567,12,0.0211640211640212
"cozarza01",2014,1,"CIN","NL",506,4,0.00790513833992095
"cozarza01",2016,1,"CIN","NL",464,16,0.0344827586206897
"cozarza01",2017,1,"CIN","NL",438,24,0.0547945205479452
"cozarza01",2018,1,"LAA","AL",224,5,0.0223214285714286
"craigal01",2011,1,"SLN","NL",200,11,0.055
"craigal01",2012,1,"SLN","NL",469,22,0.046908315565032
"craigal01",2013,1,"SLN","NL",508,13,0.0255905511811024
"craigal01",2014,1,"SLN","NL",367,7,0.0190735694822888
"craigro02",1980,1,"SEA","AL",240,3,0.0125
"crawfbr01",2012,1,"SFN","NL",435,4,0.00919540229885057
"crawfbr01",2013,1,"SFN","NL",499,9,0.0180360721442886
"crawfbr01",2014,1,"SFN","NL",491,10,0.0203665987780041
"crawfbr01",2015,1,"SFN","NL",507,21,0.0414201183431953
"crawfbr01",2016,1,"SFN","NL",553,12,0.0216998191681736
"crawfbr01",2017,1,"SFN","NL",518,14,0.027027027027027
"crawfbr01",2018,1,"SFN","NL",531,14,0.0263653483992467
"crawfbr01",2019,1,"SFN","NL",500,11,0.022
"crawfbr01",2021,1,"SFN","NL",483,24,0.0496894409937888
"crawfbr01",2022,1,"SFN","NL",407,9,0.0221130221130221
"crawfbr01",2023,1,"SFN","NL",283,7,0.0247349823321555
"crawfca02",2002,1,"TBA","AL",259,2,0.00772200772200772
"crawfca02",2003,1,"TBA","AL",630,5,0.00793650793650794
"crawfca02",2004,1,"TBA","AL",626,11,0.0175718849840256
"crawfca02",2005,1,"TBA","AL",644,15,0.0232919254658385
"crawfca02",2006,1,"TBA","AL",600,18,0.03
"crawfca02",2007,1,"TBA","AL",584,11,0.0188356164383562
"crawfca02",2008,1,"TBA","AL",443,8,0.018058690744921
"crawfca02",2009,1,"TBA","AL",606,15,0.0247524752475248
"crawfca02",2010,1,"TBA","AL",600,19,0.0316666666666667
"crawfca02",2011,1,"BOS","AL",506,11,0.0217391304347826
"crawfca02",2013,1,"LAN","NL",435,6,0.0137931034482759
"crawfca02",2014,1,"LAN","NL",343,8,0.0233236151603499
"crawfjp01",2019,1,"SEA","AL",345,7,0.0202898550724638
"crawfjp01",2020,1,"SEA","AL",204,2,0.00980392156862745
"crawfjp01",2021,1,"SEA","AL",619,9,0.0145395799676898
"crawfjp01",2022,1,"SEA","AL",518,6,0.0115830115830116
"crawfjp01",2023,1,"SEA","AL",534,19,0.0355805243445693
"crawfjp01",2024,1,"SEA","AL",392,9,0.0229591836734694
"crawfjp01",2025,1,"SEA","AL",570,12,0.0210526315789474
"crawfwi01",1970,1,"LAN","NL",299,8,0.0267558528428094
"crawfwi01",1971,1,"LAN","NL",342,9,0.0263157894736842
"crawfwi01",1972,1,"LAN","NL",243,8,0.0329218106995885
"crawfwi01",1973,1,"LAN","NL",457,14,0.0306345733041575
"crawfwi01",1974,1,"LAN","NL",468,11,0.0235042735042735
"crawfwi01",1975,1,"LAN","NL",373,9,0.0241286863270777
"crawfwi01",1976,1,"SLN","NL",392,9,0.0229591836734694
"credejo01",2002,1,"CHA","AL",200,12,0.06
"credejo01",2003,1,"CHA","AL",536,19,0.0354477611940298
"credejo01",2004,1,"CHA","AL",490,21,0.0428571428571429
"credejo01",2005,1,"CHA","AL",432,22,0.0509259259259259
"credejo01",2006,1,"CHA","AL",544,30,0.0551470588235294
"credejo01",2008,1,"CHA","AL",335,17,0.0507462686567164
"credejo01",2009,1,"MIN","AL",333,15,0.045045045045045
"crewsdy01",2025,1,"WAS","NL",293,10,0.0341296928327645
"crispco01",2003,1,"CLE","AL",414,3,0.0072463768115942
"crispco01",2004,1,"CLE","AL",491,15,0.0305498981670061
"crispco01",2005,1,"CLE","AL",594,16,0.0269360269360269
"crispco01",2006,1,"BOS","AL",413,8,0.0193704600484262
"crispco01",2007,1,"BOS","AL",526,6,0.0114068441064639
"crispco01",2008,1,"BOS","AL",361,7,0.0193905817174515
"crispco01",2010,1,"OAK","AL",290,8,0.0275862068965517
"crispco01",2011,1,"OAK","AL",531,8,0.0150659133709981
"crispco01",2012,1,"OAK","AL",455,11,0.0241758241758242
"crispco01",2013,1,"OAK","AL",513,22,0.0428849902534113
"crispco01",2014,1,"OAK","AL",463,9,0.019438444924406
"crispco01",2016,1,"OAK","AL",393,11,0.0279898218829517
"cromawa01",1977,1,"MON","NL",620,5,0.00806451612903226
"cromawa01",1978,1,"MON","NL",607,10,0.0164744645799012
"cromawa01",1979,1,"MON","NL",659,8,0.0121396054628225
"cromawa01",1980,1,"MON","NL",597,14,0.0234505862646566
"cromawa01",1981,1,"MON","NL",358,6,0.0167597765363128
"cromawa01",1982,1,"MON","NL",497,14,0.028169014084507
"cromawa01",1983,1,"MON","NL",360,3,0.00833333333333333
"crometr01",1995,1,"SLN","NL",345,5,0.0144927536231884
"croncj01",2014,1,"LAA","AL",242,11,0.0454545454545455
"croncj01",2015,1,"LAA","AL",378,16,0.0423280423280423
"croncj01",2016,1,"LAA","AL",407,16,0.0393120393120393
"croncj01",2017,1,"LAA","AL",339,16,0.0471976401179941
"croncj01",2018,1,"TBA","AL",501,30,0.0598802395209581
"croncj01",2019,1,"MIN","AL",458,25,0.054585152838428
"croncj01",2021,1,"COL","NL",470,28,0.0595744680851064
"croncj01",2022,1,"COL","NL",575,29,0.0504347826086956
"croncj01",2023,1,"COL","NL",208,11,0.0528846153846154
"croneja01",2021,1,"SDN","NL",567,21,0.037037037037037
"croneja01",2022,1,"SDN","NL",587,17,0.0289608177172061
"croneja01",2023,1,"SDN","NL",458,10,0.0218340611353712
"croneja01",2024,1,"SDN","NL",577,17,0.0294627383015598
"croneja01",2025,1,"SDN","NL",419,11,0.0262529832935561
"crosbbo01",2004,1,"OAK","AL",545,22,0.0403669724770642
"crosbbo01",2005,1,"OAK","AL",333,9,0.027027027027027
"crosbbo01",2006,1,"OAK","AL",358,9,0.0251396648044693
"crosbbo01",2007,1,"OAK","AL",349,8,0.0229226361031519
"crosbbo01",2008,1,"OAK","AL",556,7,0.012589928057554
"crosbbo01",2009,1,"OAK","AL",238,6,0.0252100840336134
"crowape01",2024,1,"CHN","NL",372,10,0.0268817204301075
"crowape01",2025,1,"CHN","NL",591,31,0.0524534686971235
"crowetr01",2010,1,"CLE","AL",442,2,0.00452488687782806
"crowlte01",1972,1,"BAL","AL",247,11,0.0445344129554656
"crowlte01",1980,1,"BAL","AL",233,12,0.0515021459227468
"cruzde01",1997,1,"DET","AL",436,2,0.00458715596330275
"cruzde01",1998,1,"DET","AL",454,5,0.0110132158590308
"cruzde01",1999,1,"DET","AL",518,13,0.0250965250965251
"cruzde01",2000,1,"DET","AL",583,10,0.0171526586620926
"cruzde01",2001,1,"DET","AL",414,7,0.0169082125603865
"cruzde01",2002,1,"SDN","NL",514,7,0.0136186770428016
"cruzde01",2003,1,"BAL","AL",548,14,0.0255474452554745
"cruzde01",2004,1,"SFN","NL",397,7,0.017632241813602
"cruzde01",2005,1,"SFN","NL",209,5,0.0239234449760766
"cruzhe01",1976,1,"SLN","NL",526,13,0.0247148288973384
"cruzhe01",1977,1,"SLN","NL",339,6,0.0176991150442478
"cruzjo01",1971,1,"SLN","NL",292,9,0.0308219178082192
"cruzjo01",1972,1,"SLN","NL",332,2,0.00602409638554217
"cruzjo01",1973,1,"SLN","NL",406,10,0.0246305418719212
"cruzjo01",1975,1,"HOU","NL",315,9,0.0285714285714286
"cruzjo01",1976,1,"HOU","NL",439,4,0.00911161731207289
"cruzjo01",1977,1,"HOU","NL",579,17,0.0293609671848014
"cruzjo01",1978,1,"HOU","NL",565,10,0.0176991150442478
"cruzjo01",1979,1,"HOU","NL",558,9,0.0161290322580645
"cruzjo01",1980,1,"HOU","NL",612,11,0.0179738562091503
"cruzjo01",1981,1,"HOU","NL",409,13,0.0317848410757946
"cruzjo01",1982,1,"HOU","NL",570,9,0.0157894736842105
"cruzjo01",1983,1,"HOU","NL",594,14,0.0235690235690236
"cruzjo01",1984,1,"HOU","NL",600,12,0.02
"cruzjo01",1985,1,"HOU","NL",544,9,0.0165441176470588
"cruzjo01",1986,1,"HOU","NL",479,10,0.0208768267223382
"cruzjo01",1987,1,"HOU","NL",365,11,0.0301369863013699
"cruzjo02",1997,2,"TOR","AL",212,14,0.0660377358490566
"cruzjo02",1998,1,"TOR","AL",352,11,0.03125
"cruzjo02",1999,1,"TOR","AL",349,14,0.0401146131805158
"cruzjo02",2000,1,"TOR","AL",603,31,0.0514096185737977
"cruzjo02",2001,1,"TOR","AL",577,34,0.0589254766031196
"cruzjo02",2002,1,"TOR","AL",466,18,0.0386266094420601
"cruzjo02",2003,1,"SFN","NL",539,20,0.0371057513914657
"cruzjo02",2004,1,"TBA","AL",545,21,0.0385321100917431
"cruzjo02",2005,1,"ARI","NL",202,12,0.0594059405940594
"cruzjo02",2006,1,"LAN","NL",223,5,0.0224215246636771
"cruzjo02",2007,1,"SDN","NL",256,6,0.0234375
"cruzju01",1978,1,"SEA","AL",550,1,0.00181818181818182
"cruzju01",1979,1,"SEA","AL",414,1,0.00241545893719807
"cruzju01",1980,1,"SEA","AL",422,2,0.004739336492891
"cruzju01",1981,1,"SEA","AL",352,2,0.00568181818181818
"cruzju01",1982,1,"SEA","AL",549,8,0.0145719489981785
"cruzju01",1983,2,"CHA","AL",334,1,0.0029940119760479
"cruzju01",1984,1,"CHA","AL",415,5,0.0120481927710843
"cruzlu01",2012,1,"LAN","NL",283,6,0.0212014134275618
"cruzne02",2007,1,"TEX","AL",307,9,0.0293159609120521
"cruzne02",2009,1,"TEX","AL",462,33,0.0714285714285714
"cruzne02",2010,1,"TEX","AL",399,22,0.0551378446115288
"cruzne02",2011,1,"TEX","AL",475,29,0.0610526315789474
"cruzne02",2012,1,"TEX","AL",585,24,0.041025641025641
"cruzne02",2013,1,"TEX","AL",413,27,0.0653753026634383
"cruzne02",2014,1,"BAL","AL",613,40,0.065252854812398
"cruzne02",2015,1,"SEA","AL",590,44,0.0745762711864407
"cruzne02",2016,1,"SEA","AL",589,43,0.0730050933786078
"cruzne02",2017,1,"SEA","AL",556,39,0.0701438848920863
"cruzne02",2018,1,"SEA","AL",519,37,0.0712909441233141
"cruzne02",2019,1,"MIN","AL",454,41,0.0903083700440529
"cruzne02",2021,1,"MIN","AL",296,19,0.0641891891891892
"cruzne02",2021,2,"TBA","AL",217,13,0.0599078341013825
"cruzne02",2022,1,"WAS","NL",448,10,0.0223214285714286
"cruzon01",2022,1,"PIT","NL",331,17,0.0513595166163142
"cruzon01",2024,1,"PIT","NL",541,21,0.0388170055452865
"cruzon01",2025,1,"PIT","NL",471,20,0.0424628450106157
"cruzto02",1980,2,"CHA","AL",293,2,0.0068259385665529
"cruzto02",1982,1,"SEA","AL",492,16,0.032520325203252
"cruzto02",1983,1,"SEA","AL",216,7,0.0324074074074074
"cruzto02",1983,2,"BAL","AL",221,3,0.0135746606334842
"cubbami01",1976,2,"MIN","AL",342,3,0.0087719298245614
"cubbami01",1977,1,"MIN","AL",417,9,0.0215827338129496
"cubbami01",1978,1,"MIN","AL",394,7,0.0177664974619289
"cubbami01",1979,1,"MIN","AL",243,2,0.00823045267489712
"cubbami01",1980,1,"MIN","AL",285,8,0.0280701754385965
"cuddymi01",2004,1,"MIN","AL",339,12,0.0353982300884956
"cuddymi01",2005,1,"MIN","AL",422,12,0.028436018957346
"cuddymi01",2006,1,"MIN","AL",557,24,0.0430879712746858
"cuddymi01",2007,1,"MIN","AL",547,16,0.0292504570383912
"cuddymi01",2008,1,"MIN","AL",249,3,0.0120481927710843
"cuddymi01",2009,1,"MIN","AL",588,32,0.054421768707483
"cuddymi01",2010,1,"MIN","AL",609,14,0.0229885057471264
"cuddymi01",2011,1,"MIN","AL",529,20,0.0378071833648393
"cuddymi01",2012,1,"COL","NL",358,16,0.0446927374301676
"cuddymi01",2013,1,"COL","NL",489,20,0.0408997955010225
"cuddymi01",2015,1,"NYN","NL",379,10,0.0263852242744063
"culbech01",2014,1,"COL","NL",210,3,0.0142857142857143
"culbech01",2018,1,"ATL","NL",296,12,0.0405405405405405
"culbech01",2021,1,"TEX","AL",247,5,0.0202429149797571
"culleti01",1970,1,"WS2","AL",262,1,0.00381679389312977
"culleti01",1971,1,"WS2","AL",403,2,0.00496277915632754
"cummimi01",1997,2,"PHI","NL",208,1,0.00480769230769231
"curtich01",1992,1,"CAL","AL",441,10,0.0226757369614512
"curtich01",1993,1,"CAL","AL",583,6,0.0102915951972556
"curtich01",1994,1,"CAL","AL",453,11,0.0242825607064018
"curtich01",1995,1,"DET","AL",586,21,0.0358361774744027
"curtich01",1996,1,"DET","AL",400,10,0.025
"curtich01",1997,2,"NYA","AL",320,12,0.0375
"curtich01",1998,1,"NYA","AL",456,10,0.0219298245614035
"curtich01",2000,1,"TEX","AL",335,8,0.0238805970149254
"custja01",2007,1,"OAK","AL",395,26,0.0658227848101266
"custja01",2008,1,"OAK","AL",481,33,0.0686070686070686
"custja01",2009,1,"OAK","AL",513,25,0.0487329434697856
"custja01",2010,1,"OAK","AL",349,13,0.0372492836676218
"custja01",2011,1,"SEA","AL",225,3,0.0133333333333333
"cuthbch01",2016,1,"KCA","AL",475,12,0.0252631578947368
"cuthbch01",2019,1,"KCA","AL",309,9,0.029126213592233
"cuylemi01",1991,1,"DET","AL",475,3,0.00631578947368421
"cuylemi01",1992,1,"DET","AL",291,3,0.0103092783505155
"dadepa01",1977,1,"CLE","AL",461,3,0.00650759219088937
"dadepa01",1978,1,"CLE","AL",307,3,0.00977198697068404
"dadepa01",1979,2,"SDN","NL",283,1,0.00353356890459364
"dahlda01",2016,1,"COL","NL",222,7,0.0315315315315315
"dahlda01",2018,1,"COL","NL",249,16,0.0642570281124498
"dahlda01",2019,1,"COL","NL",374,15,0.0401069518716578
"dahlda01",2021,1,"TEX","AL",205,4,0.0195121951219512
"dalbebo01",2021,1,"BOS","AL",417,25,0.0599520383693046
"dalbebo01",2022,1,"BOS","AL",317,12,0.0378548895899054
"damonjo01",1996,1,"KCA","AL",517,6,0.011605415860735
"damonjo01",1997,1,"KCA","AL",472,8,0.0169491525423729
"damonjo01",1998,1,"KCA","AL",642,18,0.0280373831775701
"damonjo01",1999,1,"KCA","AL",583,14,0.0240137221269297
"damonjo01",2000,1,"KCA","AL",655,16,0.0244274809160305
"damonjo01",2001,1,"OAK","AL",644,9,0.0139751552795031
"damonjo01",2002,1,"BOS","AL",623,14,0.0224719101123596
"damonjo01",2003,1,"BOS","AL",608,12,0.0197368421052632
"damonjo01",2004,1,"BOS","AL",621,20,0.0322061191626409
"damonjo01",2005,1,"BOS","AL",624,10,0.016025641025641
"damonjo01",2006,1,"NYA","AL",593,24,0.0404721753794266
"damonjo01",2007,1,"NYA","AL",533,12,0.0225140712945591
"damonjo01",2008,1,"NYA","AL",555,17,0.0306306306306306
"damonjo01",2009,1,"NYA","AL",550,24,0.0436363636363636
"damonjo01",2010,1,"DET","AL",539,8,0.0148423005565863
"damonjo01",2011,1,"TBA","AL",582,16,0.0274914089347079
"damonjo01",2012,1,"CLE","AL",207,4,0.0193236714975845
"danieka01",1987,1,"CIN","NL",368,26,0.0706521739130435
"danieka01",1988,1,"CIN","NL",495,18,0.0363636363636364
"danieka01",1990,1,"LAN","NL",450,27,0.06
"danieka01",1991,1,"LAN","NL",461,17,0.0368763557483731
"darnach01",2016,1,"ATL","NL",233,1,0.00429184549356223
"darnatr01",2014,1,"NYN","NL",385,13,0.0337662337662338
"darnatr01",2015,1,"NYN","NL",239,12,0.0502092050209205
"darnatr01",2016,1,"NYN","NL",251,4,0.0159362549800797
"darnatr01",2017,1,"NYN","NL",348,16,0.0459770114942529
"darnatr01",2019,3,"TBA","AL",327,16,0.0489296636085627
"darnatr01",2021,1,"ATL","NL",209,7,0.0334928229665072
"darnatr01",2022,1,"ATL","NL",396,18,0.0454545454545455
"darnatr01",2023,1,"ATL","NL",267,11,0.0411985018726592
"darnatr01",2024,1,"ATL","NL",307,15,0.0488599348534202
"darnatr01",2025,1,"LAA","AL",213,6,0.028169014084507
"darrmi02",2000,1,"SDN","NL",205,1,0.0048780487804878
"darrmi02",2001,1,"SDN","NL",289,2,0.0069204152249135
"darwibo01",1972,1,"MIN","AL",513,22,0.0428849902534113
"darwibo01",1973,1,"MIN","AL",560,18,0.0321428571428571
"darwibo01",1974,1,"MIN","AL",575,25,0.0434782608695652
"dascedo01",1990,1,"CHN","NL",241,1,0.004149377593361
"dascedo01",1991,1,"CHN","NL",239,1,0.00418410041841004
"daubabr01",1999,1,"BOS","AL",381,21,0.0551181102362205
"daubabr01",2000,1,"BOS","AL",495,21,0.0424242424242424
"daubabr01",2001,1,"BOS","AL",407,22,0.0540540540540541
"daubabr01",2002,1,"BOS","AL",444,20,0.045045045045045
"dauerri01",1977,1,"BAL","AL",304,5,0.0164473684210526
"dauerri01",1978,1,"BAL","AL",459,6,0.0130718954248366
"dauerri01",1979,1,"BAL","AL",479,9,0.0187891440501044
"dauerri01",1980,1,"BAL","AL",557,2,0.00359066427289048
"dauerri01",1981,1,"BAL","AL",369,4,0.010840108401084
"dauerri01",1982,1,"BAL","AL",558,8,0.014336917562724
"dauerri01",1983,1,"BAL","AL",459,5,0.0108932461873638
"dauerri01",1984,1,"BAL","AL",397,2,0.00503778337531486
"dauerri01",1985,1,"BAL","AL",208,2,0.00961538461538461
"daughja01",1990,1,"TEX","AL",310,6,0.0193548387096774
"daultda01",1989,1,"PHI","NL",368,8,0.0217391304347826
"daultda01",1990,1,"PHI","NL",459,12,0.0261437908496732
"daultda01",1991,1,"PHI","NL",285,12,0.0421052631578947
"daultda01",1992,1,"PHI","NL",485,27,0.0556701030927835
"daultda01",1993,1,"PHI","NL",510,24,0.0470588235294118
"daultda01",1994,1,"PHI","NL",257,15,0.0583657587548638
"daultda01",1995,1,"PHI","NL",342,9,0.0263157894736842
"daultda01",1997,1,"PHI","NL",269,11,0.0408921933085502
"davalvi01",1971,1,"PIT","NL",295,1,0.00338983050847458
"davalvi01",1972,1,"PIT","NL",368,4,0.0108695652173913
"davanje02",2003,1,"ANA","AL",330,12,0.0363636363636364
"davanje02",2004,1,"ANA","AL",285,7,0.0245614035087719
"davanje02",2005,1,"LAA","AL",225,2,0.00888888888888889
"davanje02",2006,1,"ARI","NL",221,5,0.0226244343891403
"davidma02",2017,1,"CHA","AL",414,26,0.0628019323671498
"davidma02",2018,1,"CHA","AL",434,20,0.0460829493087558
"davisal01",1984,1,"SEA","AL",567,27,0.0476190476190476
"davisal01",1985,1,"SEA","AL",578,18,0.0311418685121107
"davisal01",1986,1,"SEA","AL",479,18,0.0375782881002088
"davisal01",1987,1,"SEA","AL",580,29,0.05
"davisal01",1988,1,"SEA","AL",478,18,0.0376569037656904
"davisal01",1989,1,"SEA","AL",498,21,0.0421686746987952
"davisal01",1990,1,"SEA","AL",494,17,0.034412955465587
"davisal01",1991,1,"SEA","AL",462,12,0.025974025974026
"davisbe01",1999,1,"SDN","NL",266,5,0.018796992481203
"davisbe01",2001,1,"SDN","NL",448,11,0.0245535714285714
"davisbe01",2002,1,"SEA","AL",228,7,0.0307017543859649
"davisbe01",2003,1,"SEA","AL",246,6,0.024390243902439
"davisbo02",1980,1,"TOR","AL",218,4,0.018348623853211
"davisch01",1982,1,"SFN","NL",641,19,0.0296411856474259
"davisch01",1983,1,"SFN","NL",486,11,0.0226337448559671
"davisch01",1984,1,"SFN","NL",499,21,0.0420841683366733
"davisch01",1985,1,"SFN","NL",481,13,0.027027027027027
"davisch01",1986,1,"SFN","NL",526,13,0.0247148288973384
"davisch01",1987,1,"SFN","NL",500,24,0.048
"davisch01",1988,1,"CAL","AL",600,21,0.035
"davisch01",1989,1,"CAL","AL",560,22,0.0392857142857143
"davisch01",1990,1,"CAL","AL",412,12,0.029126213592233
"davisch01",1991,1,"MIN","AL",534,29,0.0543071161048689
"davisch01",1992,1,"MIN","AL",444,12,0.027027027027027
"davisch01",1993,1,"CAL","AL",573,27,0.0471204188481675
"davisch01",1994,1,"CAL","AL",392,26,0.0663265306122449
"davisch01",1995,1,"CAL","AL",424,20,0.0471698113207547
"davisch01",1996,1,"CAL","AL",530,28,0.0528301886792453
"davisch01",1997,1,"KCA","AL",477,30,0.0628930817610063
"davisch01",1999,1,"NYA","AL",476,19,0.0399159663865546
"davisch02",2008,1,"TEX","AL",295,17,0.0576271186440678
"davisch02",2009,1,"TEX","AL",391,21,0.0537084398976982
"davisch02",2012,1,"BAL","AL",515,33,0.0640776699029126
"davisch02",2013,1,"BAL","AL",584,53,0.0907534246575342
"davisch02",2014,1,"BAL","AL",450,26,0.0577777777777778
"davisch02",2015,1,"BAL","AL",573,47,0.0820244328097731
"davisch02",2016,1,"BAL","AL",566,38,0.0671378091872792
"davisch02",2017,1,"BAL","AL",456,26,0.0570175438596491
"davisch02",2018,1,"BAL","AL",470,16,0.0340425531914894
"davisch02",2019,1,"BAL","AL",307,12,0.0390879478827362
"davisdi02",1978,1,"ML4","AL",218,5,0.0229357798165138
"davisdi02",1979,1,"ML4","AL",335,12,0.0358208955223881
"davisdi02",1980,1,"ML4","AL",365,4,0.010958904109589
"daviser01",1986,1,"CIN","NL",415,27,0.0650602409638554
"daviser01",1987,1,"CIN","NL",474,37,0.0780590717299578
"daviser01",1988,1,"CIN","NL",472,26,0.0550847457627119
"daviser01",1989,1,"CIN","NL",462,34,0.0735930735930736
"daviser01",1990,1,"CIN","NL",453,24,0.0529801324503311
"daviser01",1991,1,"CIN","NL",285,11,0.0385964912280702
"daviser01",1992,1,"LAN","NL",267,5,0.0187265917602996
"daviser01",1993,1,"LAN","NL",376,14,0.0372340425531915
"daviser01",1996,1,"CIN","NL",415,26,0.0626506024096386
"daviser01",1998,1,"BAL","AL",452,28,0.0619469026548673
"daviser01",2000,1,"SLN","NL",254,6,0.0236220472440945
"davisgl01",1985,1,"HOU","NL",350,20,0.0571428571428571
"davisgl01",1986,1,"HOU","NL",574,31,0.054006968641115
"davisgl01",1987,1,"HOU","NL",578,27,0.0467128027681661
"davisgl01",1988,1,"HOU","NL",561,30,0.053475935828877
"davisgl01",1989,1,"HOU","NL",581,34,0.0585197934595525
"davisgl01",1990,1,"HOU","NL",327,22,0.0672782874617737
"davisgl01",1992,1,"BAL","AL",398,13,0.0326633165829146
"davishe01",2023,1,"PIT","NL",225,7,0.0311111111111111
"davishe01",2025,1,"PIT","NL",252,7,0.0277777777777778
"davisik02",2010,1,"NYN","NL",523,19,0.0363288718929254
"davisik02",2012,1,"NYN","NL",519,32,0.0616570327552986
"davisik02",2013,1,"NYN","NL",317,9,0.028391167192429
"davisik02",2014,2,"PIT","NL",336,10,0.0297619047619048
"davisik02",2015,1,"OAK","AL",214,3,0.014018691588785
"davisjd01",2019,1,"NYN","NL",410,22,0.0536585365853659
"davisjd01",2023,1,"SFN","NL",480,18,0.0375
"davisjo02",1982,1,"CHN","NL",418,12,0.0287081339712919
"davisjo02",1983,1,"CHN","NL",510,24,0.0470588235294118
"davisjo02",1984,1,"CHN","NL",523,19,0.0363288718929254
"davisjo02",1985,1,"CHN","NL",482,17,0.0352697095435685
"davisjo02",1986,1,"CHN","NL",528,21,0.0397727272727273
"davisjo02",1987,1,"CHN","NL",428,19,0.044392523364486
"davisjo02",1988,1,"CHN","NL",249,6,0.0240963855421687
"davisjo02",1989,1,"ATL","NL",231,4,0.0173160173160173
"daviskh01",2014,1,"MIL","NL",501,22,0.0439121756487026
"daviskh01",2015,1,"MIL","NL",392,27,0.0688775510204082
"daviskh01",2016,1,"OAK","AL",555,42,0.0756756756756757
"daviskh01",2017,1,"OAK","AL",566,43,0.0759717314487632
"daviskh01",2018,1,"OAK","AL",576,48,0.0833333333333333
"daviskh01",2019,1,"OAK","AL",481,23,0.0478170478170478
"davismi02",1983,1,"OAK","AL",443,8,0.018058690744921
"davismi02",1984,1,"OAK","AL",382,9,0.0235602094240838
"davismi02",1985,1,"OAK","AL",547,24,0.0438756855575868
"davismi02",1986,1,"OAK","AL",489,19,0.0388548057259714
"davismi02",1987,1,"OAK","AL",494,22,0.0445344129554656
"davismi02",1988,1,"LAN","NL",281,2,0.00711743772241993
"davisra01",2009,1,"OAK","AL",390,3,0.00769230769230769
"davisra01",2010,1,"OAK","AL",525,5,0.00952380952380952
"davisra01",2011,1,"TOR","AL",320,1,0.003125
"davisra01",2012,1,"TOR","AL",447,8,0.0178970917225951
"davisra01",2013,1,"TOR","AL",331,6,0.0181268882175227
"davisra01",2014,1,"DET","AL",461,8,0.017353579175705
"davisra01",2015,1,"DET","AL",341,8,0.0234604105571848
"davisra01",2016,1,"CLE","AL",454,12,0.026431718061674
"davisra01",2017,1,"OAK","AL",300,5,0.0166666666666667
"davisru01",1997,1,"SEA","AL",420,20,0.0476190476190476
"davisru01",1998,1,"SEA","AL",502,20,0.0398406374501992
"davisru01",1999,1,"SEA","AL",432,21,0.0486111111111111
"davisto02",1970,1,"HOU","NL",213,3,0.0140845070422535
"davisto02",1970,2,"OAK","AL",200,1,0.005
"davisto02",1971,1,"OAK","AL",219,3,0.0136986301369863
"davisto02",1973,1,"BAL","AL",552,7,0.0126811594202899
"davisto02",1974,1,"BAL","AL",626,11,0.0175718849840256
"davisto02",1975,1,"BAL","AL",460,6,0.0130434782608696
"davisto02",1976,1,"CAL","AL",219,3,0.0136986301369863
"daviswi02",1970,1,"LAN","NL",593,8,0.0134907251264755
"daviswi02",1971,1,"LAN","NL",641,10,0.015600624024961
"daviswi02",1972,1,"LAN","NL",615,19,0.0308943089430894
"daviswi02",1973,1,"LAN","NL",599,16,0.0267111853088481
"daviswi02",1974,1,"MON","NL",611,12,0.0196399345335516
"daviswi02",1975,2,"SLN","NL",350,6,0.0171428571428571
"daviswi02",1976,1,"SDN","NL",493,5,0.0101419878296146
"dawsoan01",1977,1,"MON","NL",525,19,0.0361904761904762
"dawsoan01",1978,1,"MON","NL",609,25,0.0410509031198686
"dawsoan01",1979,1,"MON","NL",639,25,0.0391236306729265
"dawsoan01",1980,1,"MON","NL",577,17,0.0294627383015598
"dawsoan01",1981,1,"MON","NL",394,24,0.0609137055837564
"dawsoan01",1982,1,"MON","NL",608,23,0.037828947368421
"dawsoan01",1983,1,"MON","NL",633,32,0.0505529225908373
"dawsoan01",1984,1,"MON","NL",533,17,0.0318949343339587
"dawsoan01",1985,1,"MON","NL",529,23,0.0434782608695652
"dawsoan01",1986,1,"MON","NL",496,20,0.0403225806451613
"dawsoan01",1987,1,"CHN","NL",621,49,0.0789049919484702
"dawsoan01",1988,1,"CHN","NL",591,24,0.0406091370558376
"dawsoan01",1989,1,"CHN","NL",416,21,0.0504807692307692
"dawsoan01",1990,1,"CHN","NL",529,27,0.0510396975425331
"dawsoan01",1991,1,"CHN","NL",563,31,0.0550621669626998
"dawsoan01",1992,1,"CHN","NL",542,22,0.040590405904059
"dawsoan01",1993,1,"BOS","AL",461,13,0.0281995661605206
"dawsoan01",1994,1,"BOS","AL",292,16,0.0547945205479452
"dawsoan01",1995,1,"FLO","NL",226,8,0.0353982300884956
"daybo01",1971,1,"MON","NL",371,4,0.0107816711590297
"daybo01",1973,1,"MON","NL",207,4,0.0193236714975845
"dazayo01",2021,1,"COL","NL",301,2,0.00664451827242525
"dazayo01",2022,1,"COL","NL",372,2,0.00537634408602151
"deazaal01",2012,1,"CHA","AL",524,9,0.017175572519084
"deazaal01",2013,1,"CHA","AL",607,17,0.028006589785832
"deazaal01",2014,1,"CHA","AL",395,5,0.0126582278481013
"deazaal01",2016,1,"NYN","NL",234,6,0.0256410256410256
"decindo01",1976,1,"BAL","AL",440,11,0.025
"decindo01",1977,1,"BAL","AL",522,19,0.0363984674329502
"decindo01",1978,1,"BAL","AL",511,28,0.0547945205479452
"decindo01",1979,1,"BAL","AL",422,16,0.037914691943128
"decindo01",1980,1,"BAL","AL",489,16,0.032719836400818
"decindo01",1981,1,"BAL","AL",346,13,0.0375722543352601
"decindo01",1982,1,"CAL","AL",575,30,0.0521739130434783
"decindo01",1983,1,"CAL","AL",370,18,0.0486486486486486
"decindo01",1984,1,"CAL","AL",547,20,0.036563071297989
"decindo01",1985,1,"CAL","AL",427,20,0.0468384074941452
"decindo01",1986,1,"CAL","AL",512,26,0.05078125
"decindo01",1987,1,"CAL","AL",453,16,0.0353200883002208
"deckest01",1991,1,"SFN","NL",233,5,0.0214592274678112
"deerro01",1986,1,"ML4","AL",466,33,0.0708154506437768
"deerro01",1987,1,"ML4","AL",474,28,0.0590717299578059
"deerro01",1988,1,"ML4","AL",492,23,0.0467479674796748
"deerro01",1989,1,"ML4","AL",466,26,0.055793991416309
"deerro01",1990,1,"ML4","AL",440,27,0.0613636363636364
"deerro01",1991,1,"DET","AL",448,25,0.0558035714285714
"deerro01",1992,1,"DET","AL",393,32,0.0814249363867684
"deerro01",1993,1,"DET","AL",323,14,0.043343653250774
"dejesda01",2004,1,"KCA","AL",363,7,0.0192837465564738
"dejesda01",2005,1,"KCA","AL",461,9,0.0195227765726681
"dejesda01",2006,1,"KCA","AL",491,8,0.0162932790224033
"dejesda01",2007,1,"KCA","AL",605,7,0.0115702479338843
"dejesda01",2008,1,"KCA","AL",518,12,0.0231660231660232
"dejesda01",2009,1,"KCA","AL",558,13,0.0232974910394265
"dejesda01",2010,1,"KCA","AL",352,5,0.0142045454545455
"dejesda01",2011,1,"OAK","AL",442,10,0.0226244343891403
"dejesda01",2012,1,"CHN","NL",506,9,0.0177865612648221
"dejesda01",2013,1,"CHN","NL",284,6,0.0211267605633803
"dejesda01",2014,1,"TBA","AL",238,6,0.0252100840336134
"dejesda01",2015,1,"TBA","AL",232,5,0.021551724137931
"dejesiv01",1977,1,"CHN","NL",624,3,0.00480769230769231
"dejesiv01",1978,1,"CHN","NL",619,3,0.00484652665589661
"dejesiv01",1979,1,"CHN","NL",636,5,0.00786163522012579
"dejesiv01",1980,1,"CHN","NL",618,3,0.00485436893203883
"dejesiv01",1982,1,"PHI","NL",536,3,0.00559701492537313
"dejesiv01",1983,1,"PHI","NL",497,4,0.00804828973843058
"dejesiv02",2015,1,"CIN","NL",201,4,0.0199004975124378
"dejesiv02",2016,1,"CIN","NL",221,1,0.00452488687782806
"dejonpa01",2017,1,"SLN","NL",417,25,0.0599520383693046
"dejonpa01",2018,1,"SLN","NL",436,19,0.0435779816513762
"dejonpa01",2019,1,"SLN","NL",583,30,0.0514579759862779
"dejonpa01",2021,1,"SLN","NL",356,19,0.0533707865168539
"dejonpa01",2022,1,"SLN","NL",210,6,0.0285714285714286
"dejonpa01",2023,1,"SLN","NL",279,13,0.046594982078853
"dejonpa01",2024,1,"CHA","AL",337,18,0.0534124629080119
"delacbr01",2022,1,"MIA","NL",329,13,0.0395136778115502
"delacbr01",2023,1,"MIA","NL",579,19,0.0328151986183074
"delacbr01",2024,1,"MIA","NL",424,18,0.0424528301886792
"delacel01",2023,1,"CIN","NL",388,13,0.0335051546391753
"delacel01",2024,1,"CIN","NL",618,25,0.040453074433657
"delacel01",2025,1,"CIN","NL",629,22,0.0349761526232114
"delgaca01",1996,1,"TOR","AL",488,25,0.0512295081967213
"delgaca01",1997,1,"TOR","AL",519,30,0.0578034682080925
"delgaca01",1998,1,"TOR","AL",530,38,0.0716981132075472
"delgaca01",1999,1,"TOR","AL",573,44,0.0767888307155323
"delgaca01",2000,1,"TOR","AL",569,41,0.0720562390158172
"delgaca01",2001,1,"TOR","AL",574,39,0.0679442508710801
"delgaca01",2002,1,"TOR","AL",505,33,0.0653465346534654
"delgaca01",2003,1,"TOR","AL",570,42,0.0736842105263158
"delgaca01",2004,1,"TOR","AL",458,32,0.0698689956331878
"delgaca01",2005,1,"FLO","NL",521,33,0.0633397312859885
"delgaca01",2006,1,"NYN","NL",524,38,0.0725190839694656
"delgaca01",2007,1,"NYN","NL",538,24,0.0446096654275093
"delgaca01",2008,1,"NYN","NL",598,38,0.0635451505016722
"delluda01",1998,1,"ARI","NL",416,5,0.0120192307692308
"delluda01",2001,1,"ARI","NL",217,10,0.0460829493087558
"delluda01",2002,1,"ARI","NL",229,7,0.0305676855895197
"delluda01",2004,1,"TEX","AL",331,17,0.0513595166163142
"delluda01",2005,1,"TEX","AL",435,29,0.0666666666666667
"delluda01",2006,1,"PHI","NL",264,13,0.0492424242424242
"delluda01",2008,1,"CLE","AL",336,11,0.0327380952380952
"delmoni01",2018,1,"CHA","AL",284,8,0.028169014084507
"delucjo01",2024,1,"TBA","AL",332,6,0.0180722891566265
"dempsri01",1977,1,"BAL","AL",270,3,0.0111111111111111
"dempsri01",1978,1,"BAL","AL",441,6,0.0136054421768707
"dempsri01",1979,1,"BAL","AL",368,6,0.016304347826087
"dempsri01",1980,1,"BAL","AL",362,9,0.0248618784530387
"dempsri01",1981,1,"BAL","AL",251,6,0.0239043824701195
"dempsri01",1982,1,"BAL","AL",344,5,0.0145348837209302
"dempsri01",1983,1,"BAL","AL",347,4,0.0115273775216138
"dempsri01",1984,1,"BAL","AL",330,11,0.0333333333333333
"dempsri01",1985,1,"BAL","AL",362,12,0.0331491712707182
"dempsri01",1986,1,"BAL","AL",327,13,0.0397553516819572
"denorch01",2010,1,"SDN","NL",284,9,0.0316901408450704
"denorch01",2011,1,"SDN","NL",307,5,0.0162866449511401
"denorch01",2012,1,"SDN","NL",348,8,0.0229885057471264
"denorch01",2013,1,"SDN","NL",473,10,0.0211416490486258
"denorch01",2014,1,"SDN","NL",248,1,0.00403225806451613
"denorch01",2015,1,"CHN","NL",212,3,0.0141509433962264
"dentbu01",1974,1,"CHA","AL",496,5,0.0100806451612903
"dentbu01",1975,1,"CHA","AL",602,3,0.00498338870431894
"dentbu01",1976,1,"CHA","AL",562,2,0.00355871886120996
"dentbu01",1977,1,"NYA","AL",477,8,0.0167714884696017
"dentbu01",1978,1,"NYA","AL",379,5,0.0131926121372032
"dentbu01",1979,1,"NYA","AL",431,2,0.00464037122969838
"dentbu01",1980,1,"NYA","AL",489,5,0.0102249488752556
"dentbu01",1981,1,"NYA","AL",227,7,0.0308370044052863
"dentbu01",1983,1,"TEX","AL",417,2,0.00479616306954436
"dernibo01",1982,1,"PHI","NL",370,4,0.0108108108108108
"dernibo01",1983,1,"PHI","NL",221,1,0.00452488687782806
"dernibo01",1984,1,"CHN","NL",536,3,0.00559701492537313
"dernibo01",1985,1,"CHN","NL",469,1,0.00213219616204691
"dernibo01",1986,1,"CHN","NL",324,4,0.0123456790123457
"derosma01",2002,1,"ATL","NL",212,5,0.0235849056603774
"derosma01",2003,1,"ATL","NL",266,6,0.0225563909774436
"derosma01",2004,1,"ATL","NL",309,3,0.00970873786407767
"derosma01",2006,1,"TEX","AL",520,13,0.025
"derosma01",2007,1,"CHN","NL",502,10,0.0199203187250996
"derosma01",2008,1,"CHN","NL",505,21,0.0415841584158416
"derosma01",2009,1,"CLE","AL",278,13,0.0467625899280575
"derosma01",2009,2,"SLN","NL",237,10,0.0421940928270042
"derosma01",2013,1,"TOR","AL",204,7,0.0343137254901961
"descada01",2011,1,"SLN","NL",326,1,0.00306748466257669
"descada01",2012,1,"SLN","NL",374,4,0.0106951871657754
"descada01",2013,1,"SLN","NL",328,5,0.0152439024390244
"descada01",2016,1,"COL","NL",250,8,0.032
"descada01",2017,1,"ARI","NL",344,10,0.0290697674418605
"descada01",2018,1,"ARI","NL",349,13,0.0372492836676218
"deshide01",1990,1,"MON","NL",499,4,0.00801603206412826
"deshide01",1991,1,"MON","NL",563,10,0.0177619893428064
"deshide01",1992,1,"MON","NL",530,7,0.0132075471698113
"deshide01",1993,1,"MON","NL",481,2,0.00415800415800416
"deshide01",1994,1,"LAN","NL",320,2,0.00625
"deshide01",1995,1,"LAN","NL",425,8,0.0188235294117647
"deshide01",1996,1,"LAN","NL",581,5,0.00860585197934595
"deshide01",1997,1,"SLN","NL",572,11,0.0192307692307692
"deshide01",1998,1,"SLN","NL",420,7,0.0166666666666667
"deshide01",1999,1,"BAL","AL",330,6,0.0181818181818182
"deshide01",2000,1,"BAL","AL",561,10,0.017825311942959
"deshide02",2015,1,"TEX","AL",425,2,0.00470588235294118
"deshide02",2017,1,"TEX","AL",376,6,0.0159574468085106
"deshide02",2018,1,"TEX","AL",334,2,0.00598802395209581
"deshide02",2019,1,"TEX","AL",357,4,0.0112044817927171
"desmoia01",2010,1,"WAS","NL",525,10,0.019047619047619
"desmoia01",2011,1,"WAS","NL",584,8,0.0136986301369863
"desmoia01",2012,1,"WAS","NL",513,25,0.0487329434697856
"desmoia01",2013,1,"WAS","NL",600,20,0.0333333333333333
"desmoia01",2014,1,"WAS","NL",593,24,0.0404721753794266
"desmoia01",2015,1,"WAS","NL",583,19,0.032590051457976
"desmoia01",2016,1,"TEX","AL",625,22,0.0352
"desmoia01",2017,1,"COL","NL",339,7,0.0206489675516224
"desmoia01",2018,1,"COL","NL",555,22,0.0396396396396396
"desmoia01",2019,1,"COL","NL",443,20,0.0451467268623025
"destror01",1993,1,"FLO","NL",569,20,0.0351493848857645
"devermi01",1989,1,"BAL","AL",391,8,0.020460358056266
"devermi01",1990,1,"BAL","AL",367,12,0.0326975476839237
"devermi01",1991,1,"BAL","AL",608,19,0.03125
"devermi01",1992,1,"BAL","AL",653,24,0.0367534456355283
"devermi01",1993,1,"BAL","AL",527,14,0.0265654648956357
"devermi01",1994,1,"BAL","AL",301,9,0.0299003322259136
"devermi01",1995,1,"CHA","AL",333,10,0.03003003003003
"devermi01",1996,1,"BAL","AL",323,8,0.0247678018575851
"deverra01",2017,1,"BOS","AL",222,10,0.045045045045045
"deverra01",2018,1,"BOS","AL",450,21,0.0466666666666667
"deverra01",2019,1,"BOS","AL",647,32,0.0494590417310665
"deverra01",2020,1,"BOS","AL",232,11,0.0474137931034483
"deverra01",2021,1,"BOS","AL",591,38,0.0642978003384095
"deverra01",2022,1,"BOS","AL",555,27,0.0486486486486486
"deverra01",2023,1,"BOS","AL",580,33,0.0568965517241379
"deverra01",2024,1,"BOS","AL",525,28,0.0533333333333333
"deverra01",2025,1,"BOS","AL",272,15,0.0551470588235294
"deverra01",2025,2,"SFN","NL",335,20,0.0597014925373134
"dewitbl01",2008,1,"LAN","NL",368,9,0.0244565217391304
"dewitbl01",2010,1,"LAN","NL",256,1,0.00390625
"dewitbl01",2011,1,"CHN","NL",230,5,0.0217391304347826
"diazal01",1995,1,"SEA","AL",270,3,0.0111111111111111
"diazal02",2016,1,"SLN","NL",404,17,0.0420792079207921
"diazal02",2017,1,"SLN","NL",286,7,0.0244755244755245
"diazal02",2018,1,"TOR","AL",422,18,0.042654028436019
"diazal02",2019,1,"HOU","AL",210,9,0.0428571428571429
"diazal02",2021,1,"HOU","AL",294,8,0.0272108843537415
"diazal02",2022,1,"HOU","AL",305,12,0.039344262295082
"diazal02",2023,1,"OAK","AL",315,4,0.0126984126984127
"diazbo01",1980,1,"CLE","AL",207,3,0.0144927536231884
"diazbo01",1982,1,"PHI","NL",525,18,0.0342857142857143
"diazbo01",1983,1,"PHI","NL",471,15,0.0318471337579618
"diazbo01",1986,1,"CIN","NL",474,10,0.0210970464135021
"diazbo01",1987,1,"CIN","NL",496,15,0.030241935483871
"diazbo01",1988,1,"CIN","NL",315,10,0.0317460317460317
"diazei01",1999,1,"CLE","AL",392,3,0.0076530612244898
"diazei01",2000,1,"CLE","AL",250,4,0.016
"diazei01",2001,1,"CLE","AL",437,4,0.0091533180778032
"diazei01",2002,1,"CLE","AL",320,2,0.00625
"diazei01",2003,1,"TEX","AL",334,4,0.0119760479041916
"diazel01",2018,1,"PIT","NL",252,10,0.0396825396825397
"diazel01",2019,1,"PIT","NL",303,2,0.0066006600660066
"diazel01",2021,1,"COL","NL",338,18,0.0532544378698225
"diazel01",2022,1,"COL","NL",351,9,0.0256410256410256
"diazel01",2023,1,"COL","NL",486,14,0.0288065843621399
"diazel01",2024,1,"COL","NL",304,5,0.0164473684210526
"diazel01",2025,1,"SDN","NL",255,9,0.0352941176470588
"diazis01",2021,1,"MIA","NL",238,4,0.0168067226890756
"diazjo03",2023,1,"OAK","AL",272,10,0.0367647058823529
"diazma01",1993,1,"TEX","AL",205,2,0.00975609756097561
"diazma02",2006,1,"ATL","NL",297,7,0.0235690235690236
"diazma02",2007,1,"ATL","NL",358,12,0.0335195530726257
"diazma02",2009,1,"ATL","NL",371,13,0.0350404312668464
"diazma02",2010,1,"ATL","NL",224,7,0.03125
"diazmi01",1986,1,"PIT","NL",209,12,0.0574162679425837
"diazmi01",1987,1,"PIT","NL",241,16,0.0663900414937759
"diazvi01",2005,1,"NYN","NL",280,12,0.0428571428571429
"diazya01",2019,1,"TBA","AL",307,14,0.0456026058631922
"diazya01",2021,1,"TBA","AL",465,13,0.0279569892473118
"diazya01",2022,1,"TBA","AL",473,9,0.0190274841437632
"diazya01",2023,1,"TBA","AL",525,22,0.0419047619047619
"diazya01",2024,1,"TBA","AL",563,14,0.024866785079929
"diazya01",2025,1,"TBA","AL",583,25,0.0428816466552316
"diazya02",2023,1,"HOU","AL",355,23,0.0647887323943662
"diazya02",2024,1,"HOU","AL",585,16,0.0273504273504274
"diazya02",2025,1,"HOU","AL",542,20,0.03690036900369
"dickeal01",2016,1,"SDN","NL",253,10,0.0395256916996047
"dickeal01",2021,1,"SFN","NL",283,13,0.0459363957597173
"dickech01",2009,1,"CIN","NL",255,2,0.00784313725490196
"dickeco01",2014,1,"COL","NL",436,24,0.055045871559633
"dickeco01",2015,1,"COL","NL",224,10,0.0446428571428571
"dickeco01",2016,1,"TBA","AL",510,24,0.0470588235294118
"dickeco01",2017,1,"TBA","AL",588,27,0.0459183673469388
"dickeco01",2018,1,"PIT","NL",504,13,0.0257936507936508
"dickeco01",2021,1,"MIA","NL",205,2,0.00975609756097561
"dickeco01",2022,1,"SLN","NL",281,6,0.0213523131672598
"dietrde01",2013,1,"MIA","NL",215,9,0.0418604651162791
"dietrde01",2015,1,"MIA","NL",250,10,0.04
"dietrde01",2016,1,"MIA","NL",351,7,0.0199430199430199
"dietrde01",2017,1,"MIA","NL",406,13,0.0320197044334975
"dietrde01",2018,1,"MIA","NL",499,16,0.032064128256513
"dietrde01",2019,1,"CIN","NL",251,19,0.0756972111553785
"dietzdi01",1970,1,"SFN","NL",493,22,0.0446247464503043
"dietzdi01",1971,1,"SFN","NL",453,19,0.0419426048565121
"difelmi01",1997,1,"SLN","NL",260,4,0.0153846153846154
"difelmi01",1998,1,"TBA","AL",248,3,0.0120967741935484
"difelmi01",2000,1,"TBA","AL",204,6,0.0294117647058824
"difowi01",2017,1,"WAS","NL",332,5,0.0150602409638554
"difowi01",2018,1,"WAS","NL",408,7,0.017156862745098
"difowi01",2021,1,"PIT","NL",219,4,0.0182648401826484
"dillast01",1980,1,"CHN","NL",244,4,0.0163934426229508
"dilonmi01",1978,1,"OAK","AL",258,1,0.00387596899224806
"dilonmi01",1982,1,"CLE","AL",379,3,0.0079155672823219
"dingldi01",2025,1,"DET","AL",435,13,0.0298850574712644
"dirksan01",2011,1,"DET","AL",219,7,0.0319634703196347
"dirksan01",2012,1,"DET","AL",314,8,0.0254777070063694
"dirksan01",2013,1,"DET","AL",438,9,0.0205479452054794
"disarga01",1992,1,"CAL","AL",518,3,0.00579150579150579
"disarga01",1993,1,"CAL","AL",416,3,0.00721153846153846
"disarga01",1994,1,"CAL","AL",389,3,0.0077120822622108
"disarga01",1995,1,"CAL","AL",362,5,0.0138121546961326
"disarga01",1996,1,"CAL","AL",536,5,0.00932835820895522
"disarga01",1997,1,"ANA","AL",549,4,0.00728597449908925
"disarga01",1998,1,"ANA","AL",551,3,0.00544464609800363
"disarga01",1999,1,"ANA","AL",271,1,0.003690036900369
"dixonbr01",2019,1,"DET","AL",391,15,0.0383631713554987
"dobbsgr01",2007,1,"PHI","NL",324,10,0.0308641975308642
"dobbsgr01",2008,1,"PHI","NL",226,9,0.0398230088495575
"dobbsgr01",2011,1,"FLO","NL",411,8,0.0194647201946472
"dobbsgr01",2012,1,"MIA","NL",319,5,0.0156739811912226
"dobbsgr01",2013,1,"MIA","NL",237,2,0.00843881856540084
"doherjo01",1974,1,"CAL","AL",223,3,0.0134529147982063
"dominja01",2025,1,"NYA","AL",381,10,0.026246719160105
"dominma01",2013,1,"HOU","AL",543,21,0.0386740331491713
"dominma01",2014,1,"HOU","AL",564,16,0.0283687943262411
"donalja01",2010,1,"CLE","AL",296,4,0.0135135135135135
"donaljo02",2012,1,"OAK","AL",274,9,0.0328467153284672
"donaljo02",2013,1,"OAK","AL",579,24,0.0414507772020725
"donaljo02",2014,1,"OAK","AL",608,29,0.0476973684210526
"donaljo02",2015,1,"TOR","AL",620,41,0.0661290322580645
"donaljo02",2016,1,"TOR","AL",577,37,0.0641247833622184
"donaljo02",2017,1,"TOR","AL",415,33,0.0795180722891566
"donaljo02",2019,1,"ATL","NL",549,37,0.0673952641165756
"donaljo02",2021,1,"MIN","AL",457,26,0.0568927789934355
"donaljo02",2022,1,"NYA","AL",478,15,0.0313807531380753
"donohto01",1980,1,"CAL","AL",218,2,0.0091743119266055
"donovbr01",2022,1,"SLN","NL",391,5,0.0127877237851662
"donovbr01",2023,1,"SLN","NL",327,11,0.0336391437308868
"donovbr01",2024,1,"SLN","NL",587,14,0.0238500851788756
"donovbr01",2025,1,"SLN","NL",460,10,0.0217391304347826
"doranbi02",1983,1,"HOU","NL",535,8,0.0149532710280374
"doranbi02",1984,1,"HOU","NL",548,4,0.0072992700729927
"doranbi02",1985,1,"HOU","NL",578,14,0.0242214532871972
"doranbi02",1986,1,"HOU","NL",550,6,0.0109090909090909
"doranbi02",1987,1,"HOU","NL",625,16,0.0256
"doranbi02",1988,1,"HOU","NL",480,7,0.0145833333333333
"doranbi02",1989,1,"HOU","NL",507,8,0.0157790927021696
"doranbi02",1990,1,"HOU","NL",344,6,0.0174418604651163
"doranbi02",1991,1,"CIN","NL",361,6,0.0166204986149584
"doranbi02",1992,1,"CIN","NL",387,8,0.020671834625323
"dorsebr01",1994,1,"CIN","NL",216,5,0.0231481481481481
"doumiry01",2005,1,"PIT","NL",231,6,0.025974025974026
"doumiry01",2007,1,"PIT","NL",252,9,0.0357142857142857
"doumiry01",2008,1,"PIT","NL",431,15,0.0348027842227378
"doumiry01",2009,1,"PIT","NL",280,10,0.0357142857142857
"doumiry01",2010,1,"PIT","NL",406,13,0.0320197044334975
"doumiry01",2011,1,"PIT","NL",218,8,0.036697247706422
"doumiry01",2012,1,"MIN","AL",484,18,0.0371900826446281
"doumiry01",2013,1,"MIN","AL",485,14,0.0288659793814433
"downibr01",1974,1,"CHA","AL",293,10,0.0341296928327645
"downibr01",1975,1,"CHA","AL",420,7,0.0166666666666667
"downibr01",1976,1,"CHA","AL",317,3,0.00946372239747634
"downibr01",1978,1,"CAL","AL",412,7,0.0169902912621359
"downibr01",1979,1,"CAL","AL",509,12,0.0235756385068762
"downibr01",1981,1,"CAL","AL",317,9,0.028391167192429
"downibr01",1982,1,"CAL","AL",623,28,0.0449438202247191
"downibr01",1983,1,"CAL","AL",403,19,0.0471464019851117
"downibr01",1984,1,"CAL","AL",539,23,0.0426716141001855
"downibr01",1985,1,"CAL","AL",520,20,0.0384615384615385
"downibr01",1986,1,"CAL","AL",513,20,0.0389863547758285
"downibr01",1987,1,"CAL","AL",567,29,0.0511463844797178
"downibr01",1988,1,"CAL","AL",484,25,0.0516528925619835
"downibr01",1989,1,"CAL","AL",544,14,0.0257352941176471
"downibr01",1990,1,"CAL","AL",330,14,0.0424242424242424
"downibr01",1991,1,"TEX","AL",407,17,0.0417690417690418
"downibr01",1992,1,"TEX","AL",320,10,0.03125
"doylebr02",2023,1,"COL","NL",399,10,0.025062656641604
"doylebr02",2024,1,"COL","NL",542,23,0.0424354243542435
"doylebr02",2025,1,"COL","NL",502,15,0.0298804780876494
"doylede01",1970,1,"PHI","NL",413,2,0.00484261501210654
"doylede01",1971,1,"PHI","NL",342,3,0.0087719298245614
"doylede01",1972,1,"PHI","NL",442,1,0.00226244343891403
"doylede01",1973,1,"PHI","NL",370,3,0.00810810810810811
"doylede01",1974,1,"CAL","AL",511,1,0.00195694716242661
"doylede01",1975,2,"BOS","AL",310,4,0.0129032258064516
"doylede01",1977,1,"BOS","AL",455,2,0.0043956043956044
"doziebr01",2012,1,"MIN","AL",316,6,0.0189873417721519
"doziebr01",2013,1,"MIN","AL",558,18,0.032258064516129
"doziebr01",2014,1,"MIN","AL",598,23,0.0384615384615385
"doziebr01",2015,1,"MIN","AL",628,28,0.0445859872611465
"doziebr01",2016,1,"MIN","AL",615,42,0.0682926829268293
"doziebr01",2017,1,"MIN","AL",617,34,0.0551053484602917
"doziebr01",2018,1,"MIN","AL",410,16,0.0390243902439024
"doziebr01",2019,1,"WAS","NL",416,20,0.0480769230769231
"doziehu01",2018,1,"KCA","AL",362,11,0.0303867403314917
"doziehu01",2019,1,"KCA","AL",523,26,0.0497131931166348
"doziehu01",2021,1,"KCA","AL",487,16,0.0328542094455852
"doziehu01",2022,1,"KCA","AL",462,12,0.025974025974026
"drewjd01",1999,1,"SLN","NL",368,13,0.0353260869565217
"drewjd01",2000,1,"SLN","NL",407,18,0.0442260442260442
"drewjd01",2001,1,"SLN","NL",375,27,0.072
"drewjd01",2002,1,"SLN","NL",424,18,0.0424528301886792
"drewjd01",2003,1,"SLN","NL",287,15,0.0522648083623693
"drewjd01",2004,1,"ATL","NL",518,31,0.0598455598455598
"drewjd01",2005,1,"LAN","NL",252,15,0.0595238095238095
"drewjd01",2006,1,"LAN","NL",494,20,0.0404858299595142
"drewjd01",2007,1,"BOS","AL",466,11,0.0236051502145923
"drewjd01",2008,1,"BOS","AL",368,19,0.0516304347826087
"drewjd01",2009,1,"BOS","AL",452,24,0.0530973451327434
"drewjd01",2010,1,"BOS","AL",478,22,0.0460251046025105
"drewjd01",2011,1,"BOS","AL",248,4,0.0161290322580645
"drewst01",2006,1,"ARI","NL",209,5,0.0239234449760766
"drewst01",2007,1,"ARI","NL",543,12,0.0220994475138122
"drewst01",2008,1,"ARI","NL",611,21,0.0343698854337152
"drewst01",2009,1,"ARI","NL",533,12,0.0225140712945591
"drewst01",2010,1,"ARI","NL",565,15,0.0265486725663717
"drewst01",2011,1,"ARI","NL",321,5,0.0155763239875389
"drewst01",2013,1,"BOS","AL",442,13,0.0294117647058824
"drewst01",2015,1,"NYA","AL",383,17,0.0443864229765013
"driesda01",1973,1,"CIN","NL",366,4,0.0109289617486339
"driesda01",1974,1,"CIN","NL",470,7,0.0148936170212766
"driesda01",1975,1,"CIN","NL",210,7,0.0333333333333333
"driesda01",1976,1,"CIN","NL",219,7,0.0319634703196347
"driesda01",1977,1,"CIN","NL",536,17,0.0317164179104478
"driesda01",1978,1,"CIN","NL",524,16,0.0305343511450382
"driesda01",1979,1,"CIN","NL",515,18,0.0349514563106796
"driesda01",1980,1,"CIN","NL",524,14,0.0267175572519084
"driesda01",1981,1,"CIN","NL",233,7,0.0300429184549356
"driesda01",1982,1,"CIN","NL",516,17,0.0329457364341085
"driesda01",1983,1,"CIN","NL",386,12,0.0310880829015544
"driesda01",1984,1,"CIN","NL",218,7,0.0321100917431193
"driesda01",1985,1,"MON","NL",312,6,0.0192307692307692
"drurybr01",2016,1,"ARI","NL",461,16,0.03470715835141
"drurybr01",2017,1,"ARI","NL",445,13,0.0292134831460674
"drurybr01",2019,1,"TOR","AL",418,15,0.0358851674641148
"drurybr01",2022,1,"CIN","NL",350,20,0.0571428571428571
"drurybr01",2023,1,"LAA","AL",485,26,0.0536082474226804
"drurybr01",2024,1,"LAA","AL",325,4,0.0123076923076923
"dubonma01",2023,1,"HOU","AL",467,10,0.0214132762312634
"dubonma01",2024,1,"HOU","AL",402,4,0.0099502487562189
"dubonma01",2025,1,"HOU","AL",369,7,0.018970189701897
"duceyro01",1998,1,"SEA","AL",217,5,0.0230414746543779
"dudalu01",2011,1,"NYN","NL",301,10,0.0332225913621262
"dudalu01",2012,1,"NYN","NL",401,15,0.0374064837905237
"dudalu01",2013,1,"NYN","NL",318,15,0.0471698113207547
"dudalu01",2014,1,"NYN","NL",514,30,0.0583657587548638
"dudalu01",2015,1,"NYN","NL",471,27,0.0573248407643312
"dudalu01",2017,1,"NYN","NL",252,17,0.0674603174603175
"dudalu01",2018,1,"KCA","AL",310,13,0.0419354838709677
"duffych01",2006,1,"PIT","NL",314,2,0.00636942675159236
"duffych01",2007,1,"PIT","NL",241,3,0.012448132780083
"duffyfr01",1972,1,"CLE","AL",385,3,0.00779220779220779
"duffyfr01",1973,1,"CLE","AL",361,8,0.0221606648199446
"duffyfr01",1974,1,"CLE","AL",549,8,0.0145719489981785
"duffyfr01",1975,1,"CLE","AL",482,1,0.0020746887966805
"duffyfr01",1976,1,"CLE","AL",392,2,0.00510204081632653
"duffyfr01",1977,1,"CLE","AL",334,4,0.0119760479041916
"duffyma01",2015,1,"SFN","NL",573,12,0.0209424083769634
"duffyma01",2016,1,"SFN","NL",257,4,0.0155642023346303
"duffyma01",2018,1,"TBA","AL",503,4,0.00795228628230616
"duffyma01",2021,1,"CHN","NL",289,5,0.0173010380622837
"duffyma01",2022,1,"LAA","AL",228,2,0.0087719298245614
"duggast01",2019,1,"SFN","NL",261,4,0.0153256704980843
"duggast01",2021,1,"SFN","NL",268,8,0.0298507462686567
"dukesel01",2008,1,"WAS","NL",276,13,0.0471014492753623
"dukesel01",2009,1,"WAS","NL",364,8,0.021978021978022
"duncach01",2006,1,"SLN","NL",280,22,0.0785714285714286
"duncach01",2007,1,"SLN","NL",375,21,0.056
"duncach01",2008,1,"SLN","NL",222,6,0.027027027027027
"duncach01",2009,1,"SLN","NL",260,5,0.0192307692307692
"duncada01",1970,1,"OAK","AL",232,10,0.0431034482758621
"duncada01",1971,1,"OAK","AL",363,15,0.0413223140495868
"duncada01",1972,1,"OAK","AL",403,19,0.0471464019851117
"duncada01",1973,1,"CLE","AL",344,17,0.0494186046511628
"duncada01",1974,1,"CLE","AL",425,16,0.0376470588235294
"duncada01",1975,1,"BAL","AL",307,12,0.0390879478827362
"duncada01",1976,1,"BAL","AL",284,4,0.0140845070422535
"duncama01",1985,1,"LAN","NL",562,6,0.0106761565836299
"duncama01",1986,1,"LAN","NL",407,8,0.0196560196560197
"duncama01",1987,1,"LAN","NL",261,6,0.0229885057471264
"duncama01",1990,1,"CIN","NL",435,10,0.0229885057471264
"duncama01",1991,1,"CIN","NL",333,12,0.036036036036036
"duncama01",1992,1,"PHI","NL",574,8,0.0139372822299652
"duncama01",1993,1,"PHI","NL",496,11,0.0221774193548387
"duncama01",1994,1,"PHI","NL",347,8,0.0230547550432277
"duncama01",1996,1,"NYA","AL",400,8,0.02
"duncash01",2010,1,"CLE","AL",229,11,0.0480349344978166
"duncash01",2011,1,"CLE","AL",223,11,0.0493273542600897
"duncash01",2012,1,"CLE","AL",232,11,0.0474137931034483
"duncata01",1978,1,"OAK","AL",319,2,0.00626959247648903
"dunnad01",2001,1,"CIN","NL",244,19,0.0778688524590164
"dunnad01",2002,1,"CIN","NL",535,26,0.0485981308411215
"dunnad01",2003,1,"CIN","NL",381,27,0.0708661417322835
"dunnad01",2004,1,"CIN","NL",568,46,0.0809859154929578
"dunnad01",2005,1,"CIN","NL",543,40,0.0736648250460405
"dunnad01",2006,1,"CIN","NL",561,40,0.071301247771836
"dunnad01",2007,1,"CIN","NL",522,40,0.0766283524904214
"dunnad01",2008,1,"CIN","NL",373,32,0.0857908847184987
"dunnad01",2009,1,"WAS","NL",546,38,0.0695970695970696
"dunnad01",2010,1,"WAS","NL",558,38,0.0681003584229391
"dunnad01",2011,1,"CHA","AL",415,11,0.0265060240963855
"dunnad01",2012,1,"CHA","AL",539,41,0.0760667903525046
"dunnad01",2013,1,"CHA","AL",525,34,0.0647619047619048
"dunnad01",2014,1,"CHA","AL",363,20,0.0550964187327824
"dunstsh01",1985,1,"CHN","NL",250,4,0.016
"dunstsh01",1986,1,"CHN","NL",581,17,0.0292598967297762
"dunstsh01",1987,1,"CHN","NL",346,5,0.0144508670520231
"dunstsh01",1988,1,"CHN","NL",575,9,0.0156521739130435
"dunstsh01",1989,1,"CHN","NL",471,9,0.0191082802547771
"dunstsh01",1990,1,"CHN","NL",545,17,0.0311926605504587
"dunstsh01",1991,1,"CHN","NL",492,12,0.024390243902439
"dunstsh01",1994,1,"CHN","NL",331,11,0.0332326283987915
"dunstsh01",1995,1,"CHN","NL",477,14,0.0293501048218029
"dunstsh01",1996,1,"SFN","NL",287,5,0.0174216027874564
"dunstsh01",1997,1,"CHN","NL",419,9,0.0214797136038186
"dunstsh01",2000,1,"SLN","NL",216,12,0.0555555555555556
"dunwoto01",1998,1,"FLO","NL",434,5,0.0115207373271889
"duranez01",2022,1,"TEX","AL",208,5,0.0240384615384615
"duranez01",2023,1,"TEX","AL",406,14,0.0344827586206897
"duranez01",2024,1,"TEX","AL",268,3,0.0111940298507463
"duranja01",2022,1,"BOS","AL",204,3,0.0147058823529412
"duranja01",2023,1,"BOS","AL",332,8,0.0240963855421687
"duranja01",2024,1,"BOS","AL",671,21,0.0312965722801788
"duranja01",2025,1,"BOS","AL",620,16,0.0258064516129032
"durazer01",2002,1,"ARI","NL",222,16,0.0720720720720721
"durazer01",2003,1,"OAK","AL",537,21,0.0391061452513966
"durazer01",2004,1,"OAK","AL",511,22,0.0430528375733855
"durbica01",2025,1,"MIL","NL",445,11,0.0247191011235955
"durhale01",1980,1,"SLN","NL",303,8,0.0264026402640264
"durhale01",1981,1,"CHN","NL",328,10,0.0304878048780488
"durhale01",1982,1,"CHN","NL",539,22,0.0408163265306122
"durhale01",1983,1,"CHN","NL",337,12,0.0356083086053413
"durhale01",1984,1,"CHN","NL",473,23,0.0486257928118393
"durhale01",1985,1,"CHN","NL",542,21,0.0387453874538745
"durhale01",1986,1,"CHN","NL",484,20,0.0413223140495868
"durhale01",1987,1,"CHN","NL",439,27,0.061503416856492
"durhara01",1995,1,"CHA","AL",471,7,0.0148619957537155
"durhara01",1996,1,"CHA","AL",557,10,0.0179533213644524
"durhara01",1997,1,"CHA","AL",634,11,0.0173501577287066
"durhara01",1998,1,"CHA","AL",635,19,0.0299212598425197
"durhara01",1999,1,"CHA","AL",612,13,0.0212418300653595
"durhara01",2000,1,"CHA","AL",614,17,0.0276872964169381
"durhara01",2001,1,"CHA","AL",611,20,0.0327332242225859
"durhara01",2002,1,"CHA","AL",345,9,0.0260869565217391
"durhara01",2002,2,"OAK","AL",219,6,0.0273972602739726
"durhara01",2003,1,"SFN","NL",410,8,0.0195121951219512
"durhara01",2004,1,"SFN","NL",471,17,0.0360934182590234
"durhara01",2005,1,"SFN","NL",497,12,0.0241448692152917
"durhara01",2006,1,"SFN","NL",498,26,0.0522088353413655
"durhara01",2007,1,"SFN","NL",464,11,0.0237068965517241
"durhara01",2008,1,"SFN","NL",263,3,0.0114068441064639
"duvalad01",2016,1,"CIN","NL",552,33,0.0597826086956522
"duvalad01",2017,1,"CIN","NL",587,31,0.0528109028960818
"duvalad01",2018,1,"CIN","NL",331,15,0.0453172205438066
"duvalad01",2021,1,"MIA","NL",314,22,0.0700636942675159
"duvalad01",2022,1,"ATL","NL",287,12,0.0418118466898955
"duvalad01",2023,1,"BOS","AL",320,21,0.065625
"duvalad01",2024,1,"ATL","NL",303,11,0.0363036303630363
"dwyerji01",1980,1,"BOS","AL",260,9,0.0346153846153846
"dwyerji01",1985,1,"BAL","AL",233,7,0.0300429184549356
"dwyerji01",1987,1,"BAL","AL",241,15,0.0622406639004149
"dwyerji01",1989,1,"MIN","AL",225,3,0.0133333333333333
"dybzije01",1980,1,"CLE","AL",248,1,0.00403225806451613
"dybzije01",1983,1,"CHA","AL",256,1,0.00390625
"dyeje01",1996,1,"ATL","NL",292,12,0.0410958904109589
"dyeje01",1997,1,"KCA","AL",263,7,0.026615969581749
"dyeje01",1998,1,"KCA","AL",214,5,0.0233644859813084
"dyeje01",1999,1,"KCA","AL",608,27,0.0444078947368421
"dyeje01",2000,1,"KCA","AL",601,33,0.0549084858569052
"dyeje01",2001,1,"KCA","AL",367,13,0.0354223433242507
"dyeje01",2001,2,"OAK","AL",232,13,0.0560344827586207
"dyeje01",2002,1,"OAK","AL",488,24,0.0491803278688525
"dyeje01",2003,1,"OAK","AL",221,4,0.0180995475113122
"dyeje01",2004,1,"OAK","AL",532,23,0.0432330827067669
"dyeje01",2005,1,"CHA","AL",529,31,0.0586011342155009
"dyeje01",2006,1,"CHA","AL",539,44,0.0816326530612245
"dyeje01",2007,1,"CHA","AL",508,28,0.0551181102362205
"dyeje01",2008,1,"CHA","AL",590,34,0.0576271186440678
"dyeje01",2009,1,"CHA","AL",503,27,0.0536779324055666
"dyerdu01",1972,1,"NYN","NL",325,8,0.0246153846153846
"dyerdu01",1977,1,"PIT","NL",270,3,0.0111111111111111
"dykstle01",1985,1,"NYN","NL",236,1,0.00423728813559322
"dykstle01",1986,1,"NYN","NL",431,8,0.0185614849187935
"dykstle01",1987,1,"NYN","NL",431,10,0.0232018561484919
"dykstle01",1988,1,"NYN","NL",429,8,0.0186480186480186
"dykstle01",1989,2,"PHI","NL",352,4,0.0113636363636364
"dykstle01",1990,1,"PHI","NL",590,9,0.0152542372881356
"dykstle01",1991,1,"PHI","NL",246,3,0.0121951219512195
"dykstle01",1992,1,"PHI","NL",345,6,0.0173913043478261
"dykstle01",1993,1,"PHI","NL",637,19,0.0298273155416013
"dykstle01",1994,1,"PHI","NL",315,5,0.0158730158730159
"dykstle01",1995,1,"PHI","NL",254,2,0.0078740157480315
"dysonja01",2013,1,"KCA","AL",213,2,0.00938967136150235
"dysonja01",2014,1,"KCA","AL",260,1,0.00384615384615385
"dysonja01",2015,1,"KCA","AL",200,2,0.01
"dysonja01",2016,1,"KCA","AL",299,1,0.00334448160535117
"dysonja01",2017,1,"SEA","AL",346,5,0.0144508670520231
"dysonja01",2018,1,"ARI","NL",206,2,0.00970873786407767
"dysonja01",2019,1,"ARI","NL",400,7,0.0175
"easleda01",1993,1,"CAL","AL",230,2,0.00869565217391304
"easleda01",1994,1,"CAL","AL",316,6,0.0189873417721519
"easleda01",1995,1,"CAL","AL",357,4,0.0112044817927171
"easleda01",1997,1,"DET","AL",527,22,0.0417457305502846
"easleda01",1998,1,"DET","AL",594,27,0.0454545454545455
"easleda01",1999,1,"DET","AL",549,20,0.0364298724954463
"easleda01",2000,1,"DET","AL",464,14,0.0301724137931034
"easleda01",2001,1,"DET","AL",585,11,0.0188034188034188
"easleda01",2002,1,"DET","AL",304,8,0.0263157894736842
"easleda01",2004,1,"FLO","NL",223,9,0.0403587443946188
"easleda01",2005,1,"FLO","NL",267,9,0.0337078651685393
"easleda01",2008,1,"NYN","NL",316,6,0.0189873417721519
"easlemi01",1980,1,"PIT","NL",393,21,0.0534351145038168
"easlemi01",1981,1,"PIT","NL",339,7,0.0206489675516224
"easlemi01",1982,1,"PIT","NL",475,15,0.0315789473684211
"easlemi01",1983,1,"PIT","NL",381,10,0.026246719160105
"easlemi01",1984,1,"BOS","AL",601,27,0.0449251247920133
"easlemi01",1985,1,"BOS","AL",568,16,0.028169014084507
"easlemi01",1986,1,"NYA","AL",490,14,0.0285714285714286
"eatonad02",2013,1,"ARI","NL",250,3,0.012
"eatonad02",2014,1,"CHA","AL",486,1,0.00205761316872428
"eatonad02",2015,1,"CHA","AL",610,14,0.0229508196721311
"eatonad02",2016,1,"CHA","AL",619,14,0.0226171243941842
"eatonad02",2018,1,"WAS","NL",319,5,0.0156739811912226
"eatonad02",2019,1,"WAS","NL",566,15,0.0265017667844523
"eckstda01",2001,1,"ANA","AL",582,4,0.00687285223367698
"eckstda01",2002,1,"ANA","AL",608,8,0.0131578947368421
"eckstda01",2003,1,"ANA","AL",452,3,0.00663716814159292
"eckstda01",2004,1,"ANA","AL",566,2,0.00353356890459364
"eckstda01",2005,1,"SLN","NL",630,8,0.0126984126984127
"eckstda01",2006,1,"SLN","NL",500,2,0.004
"eckstda01",2007,1,"SLN","NL",434,3,0.00691244239631336
"eckstda01",2008,1,"TOR","AL",260,1,0.00384615384615385
"eckstda01",2009,1,"SDN","NL",503,2,0.00397614314115308
"eckstda01",2010,1,"SDN","NL",442,1,0.00226244343891403
"edmanto01",2019,1,"SLN","NL",326,11,0.0337423312883436
"edmanto01",2020,1,"SLN","NL",204,5,0.0245098039215686
"edmanto01",2021,1,"SLN","NL",641,11,0.0171606864274571
"edmanto01",2022,1,"SLN","NL",577,13,0.0225303292894281
"edmanto01",2023,1,"SLN","NL",479,13,0.0271398747390397
"edmanto01",2025,1,"LAN","NL",346,13,0.0375722543352601
"edmonji01",1994,1,"CAL","AL",289,5,0.0173010380622837
"edmonji01",1995,1,"CAL","AL",558,33,0.0591397849462366
"edmonji01",1996,1,"CAL","AL",431,27,0.0626450116009281
"edmonji01",1997,1,"ANA","AL",502,26,0.051792828685259
"edmonji01",1998,1,"ANA","AL",599,25,0.0417362270450751
"edmonji01",1999,1,"ANA","AL",204,5,0.0245098039215686
"edmonji01",2000,1,"SLN","NL",525,42,0.08
"edmonji01",2001,1,"SLN","NL",500,30,0.06
"edmonji01",2002,1,"SLN","NL",476,28,0.0588235294117647
"edmonji01",2003,1,"SLN","NL",447,39,0.087248322147651
"edmonji01",2004,1,"SLN","NL",498,42,0.0843373493975904
"edmonji01",2005,1,"SLN","NL",467,29,0.0620985010706638
"edmonji01",2006,1,"SLN","NL",350,19,0.0542857142857143
"edmonji01",2007,1,"SLN","NL",365,12,0.0328767123287671
"edmonji01",2008,2,"CHN","NL",250,19,0.076
"edmonji01",2010,1,"MIL","NL",217,8,0.0368663594470046
"edwarda01",1979,1,"MIN","AL",229,8,0.0349344978165939
"edwarda01",1980,1,"MIN","AL",200,2,0.01
"edwarjo01",1970,1,"HOU","NL",458,7,0.0152838427947598
"edwarjo01",1971,1,"HOU","NL",317,1,0.00315457413249211
"edwarjo01",1972,1,"HOU","NL",332,5,0.0150602409638554
"edwarjo01",1973,1,"HOU","NL",250,5,0.02
"edwarmi01",1978,1,"OAK","AL",414,1,0.00241545893719807
"edwarmi01",1979,1,"OAK","AL",400,1,0.0025
"edwarmi02",2005,1,"LAN","NL",239,3,0.0125523012552301
"edwarxa01",2024,1,"MIA","NL",265,1,0.00377358490566038
"edwarxa01",2025,1,"MIA","NL",561,3,0.0053475935828877
"eganto01",1970,1,"CAL","AL",210,4,0.019047619047619
"eganto01",1971,1,"CHA","AL",251,10,0.0398406374501992
"eisenji01",1988,1,"KCA","AL",202,1,0.00495049504950495
"eisenji01",1989,1,"KCA","AL",475,9,0.0189473684210526
"eisenji01",1990,1,"KCA","AL",496,5,0.0100806451612903
"eisenji01",1991,1,"KCA","AL",375,2,0.00533333333333333
"eisenji01",1992,1,"KCA","AL",353,2,0.0056657223796034
"eisenji01",1993,1,"PHI","NL",362,7,0.0193370165745856
"eisenji01",1994,1,"PHI","NL",290,4,0.0137931034482759
"eisenji01",1995,1,"PHI","NL",377,10,0.026525198938992
"eisenji01",1996,1,"PHI","NL",338,3,0.00887573964497042
"eisenji01",1997,1,"FLO","NL",293,2,0.0068259385665529
"ellisaj01",2012,1,"LAN","NL",423,13,0.0307328605200946
"ellisaj01",2013,1,"LAN","NL",390,10,0.0256410256410256
"ellisaj01",2014,1,"LAN","NL",283,3,0.0106007067137809
"ellisja01",2005,1,"SFN","NL",352,4,0.0113636363636364
"ellisjo01",1970,1,"NYA","AL",226,7,0.0309734513274336
"ellisjo01",1971,1,"NYA","AL",238,3,0.0126050420168067
"ellisjo01",1973,1,"CLE","AL",437,14,0.0320366132723112
"ellisjo01",1974,1,"CLE","AL",477,10,0.0209643605870021
"ellisjo01",1975,1,"CLE","AL",296,7,0.0236486486486486
"ellisjo01",1979,1,"TEX","AL",316,12,0.0379746835443038
"ellisma01",2002,1,"OAK","AL",345,6,0.0173913043478261
"ellisma01",2003,1,"OAK","AL",553,9,0.0162748643761302
"ellisma01",2005,1,"OAK","AL",434,13,0.0299539170506912
"ellisma01",2006,1,"OAK","AL",441,11,0.0249433106575964
"ellisma01",2007,1,"OAK","AL",583,19,0.032590051457976
"ellisma01",2008,1,"OAK","AL",442,12,0.0271493212669683
"ellisma01",2009,1,"OAK","AL",377,10,0.026525198938992
"ellisma01",2010,1,"OAK","AL",436,5,0.0114678899082569
"ellisma01",2011,1,"OAK","AL",217,1,0.00460829493087558
"ellisma01",2011,2,"COL","NL",263,6,0.0228136882129278
"ellisma01",2012,1,"LAN","NL",415,7,0.0168674698795181
"ellisma01",2013,1,"LAN","NL",433,6,0.0138568129330254
"ellsbja01",2008,1,"BOS","AL",554,9,0.0162454873646209
"ellsbja01",2009,1,"BOS","AL",624,8,0.0128205128205128
"ellsbja01",2011,1,"BOS","AL",660,32,0.0484848484848485
"ellsbja01",2012,1,"BOS","AL",303,4,0.0132013201320132
"ellsbja01",2013,1,"BOS","AL",577,9,0.0155979202772964
"ellsbja01",2014,1,"NYA","AL",575,16,0.0278260869565217
"ellsbja01",2015,1,"NYA","AL",452,7,0.0154867256637168
"ellsbja01",2016,1,"NYA","AL",551,9,0.0163339382940109
"ellsbja01",2017,1,"NYA","AL",356,7,0.0196629213483146
"elsteke01",1988,1,"NYN","NL",406,9,0.0221674876847291
"elsteke01",1989,1,"NYN","NL",458,10,0.0218340611353712
"elsteke01",1990,1,"NYN","NL",314,9,0.0286624203821656
"elsteke01",1991,1,"NYN","NL",348,6,0.0172413793103448
"elsteke01",1996,1,"TEX","AL",515,24,0.0466019417475728
"elsteke01",1998,1,"TEX","AL",297,8,0.0269360269360269
"elsteke01",2000,1,"LAN","NL",220,14,0.0636363636363636
"encarch01",2023,1,"CIN","NL",222,13,0.0585585585585586
"encared01",2005,1,"CIN","NL",211,9,0.042654028436019
"encared01",2006,1,"CIN","NL",406,15,0.0369458128078818
"encared01",2007,1,"CIN","NL",502,16,0.0318725099601594
"encared01",2008,1,"CIN","NL",506,26,0.0513833992094862
"encared01",2010,1,"TOR","AL",332,21,0.0632530120481928
"encared01",2011,1,"TOR","AL",481,17,0.0353430353430353
"encared01",2012,1,"TOR","AL",542,42,0.0774907749077491
"encared01",2013,1,"TOR","AL",530,36,0.0679245283018868
"encared01",2014,1,"TOR","AL",477,34,0.0712788259958071
"encared01",2015,1,"TOR","AL",528,39,0.0738636363636364
"encared01",2016,1,"TOR","AL",601,42,0.0698835274542429
"encared01",2017,1,"CLE","AL",554,38,0.0685920577617328
"encared01",2018,1,"CLE","AL",500,32,0.064
"encared01",2019,1,"SEA","AL",241,21,0.0871369294605809
"encarju01",1999,1,"DET","AL",509,19,0.037328094302554
"encarju01",2000,1,"DET","AL",547,14,0.0255941499085923
"encarju01",2001,1,"DET","AL",417,12,0.0287769784172662
"encarju01",2002,1,"CIN","NL",321,16,0.0498442367601246
"encarju01",2002,2,"FLO","NL",263,8,0.0304182509505703
"encarju01",2003,1,"FLO","NL",601,19,0.0316139767054908
"encarju01",2004,1,"LAN","NL",324,13,0.0401234567901235
"encarju01",2005,1,"FLO","NL",506,16,0.0316205533596838
"encarju01",2006,1,"SLN","NL",557,19,0.0341113105924596
"encarju01",2007,1,"SLN","NL",283,9,0.0318021201413428
"engelad01",2017,1,"CHA","AL",301,6,0.0199335548172757
"engelad01",2018,1,"CHA","AL",429,6,0.013986013986014
"engelad01",2019,1,"CHA","AL",227,6,0.026431718061674
"engelad01",2022,1,"CHA","AL",245,2,0.00816326530612245
"engleda01",1981,1,"MIN","AL",248,5,0.0201612903225806
"engleda01",1983,1,"MIN","AL",374,8,0.0213903743315508
"engleda01",1984,1,"MIN","AL",391,4,0.010230179028133
"ensbemo01",2003,1,"HOU","NL",385,25,0.0649350649350649
"ensbemo01",2004,1,"HOU","NL",411,10,0.024330900243309
"ensbemo01",2005,1,"HOU","NL",526,36,0.0684410646387833
"ensbemo01",2006,1,"HOU","NL",387,23,0.0594315245478036
"ensbemo01",2007,1,"HOU","NL",224,8,0.0357142857142857
"epstemi01",1970,1,"WS2","AL",430,20,0.0465116279069767
"epstemi01",1971,2,"OAK","AL",329,18,0.0547112462006079
"epstemi01",1972,1,"OAK","AL",455,26,0.0571428571428571
"epstemi01",1973,2,"CAL","AL",312,8,0.0256410256410256
"erstada01",1996,1,"CAL","AL",208,4,0.0192307692307692
"erstada01",1997,1,"ANA","AL",539,16,0.0296846011131725
"erstada01",1998,1,"ANA","AL",537,19,0.0353817504655493
"erstada01",1999,1,"ANA","AL",585,13,0.0222222222222222
"erstada01",2000,1,"ANA","AL",676,25,0.0369822485207101
"erstada01",2001,1,"ANA","AL",631,9,0.0142630744849445
"erstada01",2002,1,"ANA","AL",625,10,0.016
"erstada01",2003,1,"ANA","AL",258,4,0.0155038759689922
"erstada01",2004,1,"ANA","AL",495,7,0.0141414141414141
"erstada01",2005,1,"LAA","AL",609,7,0.0114942528735632
"erstada01",2007,1,"CHA","AL",310,4,0.0129032258064516
"erstada01",2008,1,"HOU","NL",322,4,0.0124223602484472
"ervinph01",2018,1,"CIN","NL",218,7,0.0321100917431193
"ervinph01",2019,1,"CIN","NL",236,7,0.0296610169491525
"esaskni01",1983,1,"CIN","NL",302,12,0.0397350993377483
"esaskni01",1984,1,"CIN","NL",322,10,0.031055900621118
"esaskni01",1985,1,"CIN","NL",413,21,0.0508474576271186
"esaskni01",1986,1,"CIN","NL",330,12,0.0363636363636364
"esaskni01",1987,1,"CIN","NL",346,22,0.0635838150289017
"esaskni01",1988,1,"CIN","NL",391,15,0.0383631713554987
"esaskni01",1989,1,"BOS","AL",564,30,0.0531914893617021
"escobal02",2010,1,"MIL","NL",506,4,0.00790513833992095
"escobal02",2011,1,"KCA","AL",548,4,0.0072992700729927
"escobal02",2012,1,"KCA","AL",605,5,0.00826446280991736
"escobal02",2013,1,"KCA","AL",607,4,0.00658978583196046
"escobal02",2014,1,"KCA","AL",579,3,0.00518134715025907
"escobal02",2015,1,"KCA","AL",612,3,0.00490196078431372
"escobal02",2016,1,"KCA","AL",637,7,0.010989010989011
"escobal02",2017,1,"KCA","AL",599,6,0.010016694490818
"escobal02",2018,1,"KCA","AL",485,4,0.00824742268041237
"escobal02",2021,1,"WAS","NL",319,4,0.0125391849529781
"escobed01",2014,1,"MIN","AL",433,6,0.0138568129330254
"escobed01",2015,1,"MIN","AL",409,12,0.0293398533007335
"escobed01",2016,1,"MIN","AL",352,6,0.0170454545454545
"escobed01",2017,1,"MIN","AL",457,21,0.0459518599562363
"escobed01",2018,1,"MIN","AL",368,15,0.0407608695652174
"escobed01",2019,1,"ARI","NL",636,35,0.0550314465408805
"escobed01",2020,1,"ARI","NL",203,4,0.0197044334975369
"escobed01",2021,1,"ARI","NL",370,22,0.0594594594594595
"escobed01",2022,1,"NYN","NL",495,20,0.0404040404040404
"escobyu01",2007,1,"ATL","NL",319,5,0.0156739811912226
"escobyu01",2008,1,"ATL","NL",514,10,0.0194552529182879
"escobyu01",2009,1,"ATL","NL",528,14,0.0265151515151515
"escobyu01",2010,2,"TOR","AL",236,4,0.0169491525423729
"escobyu01",2011,1,"TOR","AL",513,11,0.0214424951267056
"escobyu01",2012,1,"TOR","AL",558,9,0.0161290322580645
"escobyu01",2013,1,"TBA","AL",508,9,0.0177165354330709
"escobyu01",2014,1,"TBA","AL",476,7,0.0147058823529412
"escobyu01",2015,1,"WAS","NL",535,9,0.0168224299065421
"escobyu01",2016,1,"LAA","AL",517,5,0.00967117988394584
"escobyu01",2017,1,"LAA","AL",350,7,0.02
"espinal01",1990,1,"NYA","AL",438,2,0.0045662100456621
"espinal01",1991,1,"NYA","AL",480,5,0.0104166666666667
"espinal01",1993,1,"CLE","AL",263,4,0.0152091254752852
"espinal01",1994,1,"CLE","AL",231,1,0.00432900432900433
"espinda01",2011,1,"WAS","NL",573,21,0.0366492146596859
"espinda01",2012,1,"WAS","NL",594,17,0.0286195286195286
"espinda01",2014,1,"WAS","NL",333,8,0.024024024024024
"espinda01",2015,1,"WAS","NL",367,13,0.0354223433242507
"espinda01",2016,1,"WAS","NL",516,24,0.0465116279069767
"espinda01",2017,1,"LAA","AL",228,6,0.0263157894736842
"espinsa01",2021,1,"TOR","AL",222,2,0.00900900900900901
"espinsa01",2022,1,"TOR","AL",449,7,0.0155902004454343
"espinsa01",2023,1,"TOR","AL",230,2,0.00869565217391304
"espinsa01",2024,1,"CIN","NL",357,9,0.0252100840336134
"espyce01",1988,1,"TEX","AL",347,2,0.00576368876080692
"espyce01",1989,1,"TEX","AL",475,3,0.00631578947368421
"essiaji01",1977,1,"CHA","AL",322,10,0.031055900621118
"essiaji01",1978,1,"OAK","AL",278,3,0.0107913669064748
"essiaji01",1979,1,"OAK","AL",313,8,0.0255591054313099
"essiaji01",1980,1,"OAK","AL",285,5,0.0175438596491228
"estalbo02",2000,1,"SFN","NL",299,14,0.0468227424749164
"estrajo01",2001,1,"PHI","NL",298,8,0.0268456375838926
"estrajo01",2004,1,"ATL","NL",462,9,0.0194805194805195
"estrajo01",2005,1,"ATL","NL",357,4,0.0112044817927171
"estrajo01",2006,1,"ARI","NL",414,11,0.0265700483091787
"estrajo01",2007,1,"MIL","NL",442,10,0.0226244343891403
"estrath01",2022,1,"SFN","NL",488,14,0.0286885245901639
"estrath01",2023,1,"SFN","NL",495,14,0.0282828282828283
"estrath01",2024,1,"SFN","NL",364,9,0.0247252747252747
"etchean01",1970,1,"BAL","AL",230,4,0.0173913043478261
"etchean01",1971,1,"BAL","AL",222,9,0.0405405405405405
"ethiean01",2006,1,"LAN","NL",396,11,0.0277777777777778
"ethiean01",2007,1,"LAN","NL",447,13,0.029082774049217
"ethiean01",2008,1,"LAN","NL",525,20,0.0380952380952381
"ethiean01",2009,1,"LAN","NL",596,31,0.052013422818792
"ethiean01",2010,1,"LAN","NL",517,23,0.0444874274661509
"ethiean01",2011,1,"LAN","NL",487,11,0.0225872689938398
"ethiean01",2012,1,"LAN","NL",556,20,0.0359712230215827
"ethiean01",2013,1,"LAN","NL",482,12,0.024896265560166
"ethiean01",2014,1,"LAN","NL",341,4,0.0117302052785924
"ethiean01",2015,1,"LAN","NL",395,14,0.0354430379746835
"eusebto01",1995,1,"HOU","NL",368,6,0.016304347826087
"eusebto01",1999,1,"HOU","NL",323,4,0.0123839009287926
"eusebto01",2000,1,"HOU","NL",218,7,0.0321100917431193
"evansda01",1971,1,"ATL","NL",260,12,0.0461538461538462
"evansda01",1972,1,"ATL","NL",418,19,0.0454545454545455
"evansda01",1973,1,"ATL","NL",595,41,0.0689075630252101
"evansda01",1974,1,"ATL","NL",571,25,0.0437828371278459
"evansda01",1975,1,"ATL","NL",567,22,0.0388007054673721
"evansda01",1976,2,"SFN","NL",257,10,0.0389105058365759
"evansda01",1977,1,"SFN","NL",461,17,0.0368763557483731
"evansda01",1978,1,"SFN","NL",547,20,0.036563071297989
"evansda01",1979,1,"SFN","NL",562,17,0.0302491103202847
"evansda01",1980,1,"SFN","NL",556,20,0.0359712230215827
"evansda01",1981,1,"SFN","NL",357,12,0.0336134453781513
"evansda01",1982,1,"SFN","NL",465,16,0.0344086021505376
"evansda01",1983,1,"SFN","NL",523,30,0.0573613766730402
"evansda01",1984,1,"DET","AL",401,16,0.0399002493765586
"evansda01",1985,1,"DET","AL",505,40,0.0792079207920792
"evansda01",1986,1,"DET","AL",507,29,0.0571992110453649
"evansda01",1987,1,"DET","AL",499,34,0.0681362725450902
"evansda01",1988,1,"DET","AL",437,22,0.0503432494279176
"evansda01",1989,1,"ATL","NL",276,11,0.0398550724637681
"evansdw01",1973,1,"BOS","AL",282,10,0.0354609929078014
"evansdw01",1974,1,"BOS","AL",463,10,0.0215982721382289
"evansdw01",1975,1,"BOS","AL",412,13,0.0315533980582524
"evansdw01",1976,1,"BOS","AL",501,17,0.0339321357285429
"evansdw01",1977,1,"BOS","AL",230,14,0.0608695652173913
"evansdw01",1978,1,"BOS","AL",497,24,0.0482897384305835
"evansdw01",1979,1,"BOS","AL",489,21,0.0429447852760736
"evansdw01",1980,1,"BOS","AL",463,18,0.0388768898488121
"evansdw01",1981,1,"BOS","AL",412,22,0.0533980582524272
"evansdw01",1982,1,"BOS","AL",609,32,0.0525451559934319
"evansdw01",1983,1,"BOS","AL",470,22,0.0468085106382979
"evansdw01",1984,1,"BOS","AL",630,32,0.0507936507936508
"evansdw01",1985,1,"BOS","AL",617,29,0.047001620745543
"evansdw01",1986,1,"BOS","AL",529,26,0.0491493383742911
"evansdw01",1987,1,"BOS","AL",541,34,0.0628465804066543
"evansdw01",1988,1,"BOS","AL",559,21,0.037567084078712
"evansdw01",1989,1,"BOS","AL",520,20,0.0384615384615385
"evansdw01",1990,1,"BOS","AL",445,13,0.0292134831460674
"evansdw01",1991,1,"BAL","AL",270,6,0.0222222222222222
"evansph01",2021,1,"PIT","NL",214,5,0.0233644859813084
"everead01",2003,1,"HOU","NL",387,8,0.020671834625323
"everead01",2004,1,"HOU","NL",384,8,0.0208333333333333
"everead01",2005,1,"HOU","NL",549,11,0.0200364298724954
"everead01",2006,1,"HOU","NL",514,6,0.0116731517509728
"everead01",2007,1,"HOU","NL",220,2,0.00909090909090909
"everead01",2009,1,"DET","AL",345,3,0.00869565217391304
"evereca01",1995,1,"NYN","NL",289,12,0.041522491349481
"evereca01",1997,1,"NYN","NL",443,14,0.0316027088036117
"evereca01",1998,1,"HOU","NL",467,15,0.0321199143468951
"evereca01",1999,1,"HOU","NL",464,25,0.0538793103448276
"evereca01",2000,1,"BOS","AL",496,34,0.0685483870967742
"evereca01",2001,1,"BOS","AL",409,14,0.0342298288508557
"evereca01",2002,1,"TEX","AL",374,16,0.0427807486631016
"evereca01",2003,1,"TEX","AL",270,18,0.0666666666666667
"evereca01",2003,2,"CHA","AL",256,10,0.0390625
"evereca01",2005,1,"CHA","AL",490,23,0.0469387755102041
"evereca01",2006,1,"SEA","AL",308,11,0.0357142857142857
"ewingsa01",1977,1,"TOR","AL",244,4,0.0163934426229508
"fabrejo01",1995,1,"CAL","AL",227,1,0.00440528634361234
"fabrejo01",1996,1,"CAL","AL",254,2,0.0078740157480315
"fabrejo01",1997,2,"CHA","AL",322,7,0.0217391304347826
"fabrejo01",1999,1,"FLO","NL",223,3,0.0134529147982063
"faedole01",1982,1,"MIN","AL",255,3,0.0117647058823529
"faheybi01",1979,1,"SDN","NL",209,3,0.0143540669856459
"faheybi01",1980,1,"SDN","NL",241,1,0.004149377593361
"faheybr01",2006,1,"BAL","AL",251,2,0.00796812749003984
"faircst01",2023,1,"CIN","NL",219,5,0.0228310502283105
"faircst01",2024,1,"CIN","NL",209,8,0.0382775119617225
"faireji01",1970,1,"MON","NL",211,3,0.014218009478673
"faireji01",1971,1,"MON","NL",200,1,0.005
"fairlro01",1970,1,"MON","NL",385,15,0.038961038961039
"fairlro01",1971,1,"MON","NL",447,13,0.029082774049217
"fairlro01",1972,1,"MON","NL",446,17,0.0381165919282511
"fairlro01",1973,1,"MON","NL",413,17,0.0411622276029056
"fairlro01",1974,1,"MON","NL",282,12,0.0425531914893617
"fairlro01",1975,1,"SLN","NL",229,7,0.0305676855895197
"fairlro01",1977,1,"TOR","AL",458,19,0.0414847161572052
"fairlro01",1978,1,"CAL","AL",235,10,0.0425531914893617
"fanzoca01",1972,1,"CHN","NL",222,8,0.036036036036036
"farmeky01",2021,1,"CIN","NL",483,16,0.0331262939958592
"farmeky01",2022,1,"CIN","NL",526,14,0.026615969581749
"farmeky01",2023,1,"MIN","AL",336,11,0.0327380952380952
"farmeky01",2024,1,"MIN","AL",215,5,0.0232558139534884
"farmeky01",2025,1,"COL","NL",277,8,0.0288808664259928
"fasansa01",1998,1,"KCA","AL",216,8,0.037037037037037
"febleca01",1999,1,"KCA","AL",453,10,0.022075055187638
"febleca01",2000,1,"KCA","AL",339,2,0.00589970501474926
"febleca01",2001,1,"KCA","AL",292,8,0.0273972602739726
"febleca01",2002,1,"KCA","AL",351,4,0.0113960113960114
"feldemi01",1987,1,"ML4","AL",289,2,0.0069204152249135
"feldemi01",1989,1,"ML4","AL",315,3,0.00952380952380952
"feldemi01",1990,1,"ML4","AL",237,3,0.0126582278481013
"feldemi01",1992,1,"SFN","NL",322,4,0.0124223602484472
"feldemi01",1993,1,"SEA","AL",342,1,0.00292397660818713
"felixju01",1989,1,"TOR","AL",415,9,0.0216867469879518
"felixju01",1990,1,"TOR","AL",463,15,0.0323974082073434
"felixju01",1991,1,"CAL","AL",230,2,0.00869565217391304
"felixju01",1992,1,"CAL","AL",509,9,0.0176817288801572
"felixju01",1993,1,"FLO","NL",214,7,0.0327102803738318
"felixju01",1994,1,"DET","AL",301,13,0.0431893687707641
"felizpe01",2001,1,"SFN","NL",220,7,0.0318181818181818
"felizpe01",2003,1,"SFN","NL",235,16,0.0680851063829787
"felizpe01",2004,1,"SFN","NL",503,22,0.0437375745526839
"felizpe01",2005,1,"SFN","NL",569,20,0.0351493848857645
"felizpe01",2006,1,"SFN","NL",603,22,0.0364842454394693
"felizpe01",2007,1,"SFN","NL",557,20,0.0359066427289048
"felizpe01",2008,1,"PHI","NL",425,14,0.0329411764705882
"felizpe01",2009,1,"PHI","NL",580,12,0.0206896551724138
"felizpe01",2010,1,"HOU","NL",289,4,0.013840830449827
"fergujo01",1973,1,"LAN","NL",487,25,0.0513347022587269
"fergujo01",1974,1,"LAN","NL",349,16,0.0458452722063037
"fergujo01",1975,1,"LAN","NL",202,5,0.0247524752475248
"fergujo01",1977,1,"HOU","NL",421,16,0.0380047505938242
"fergujo01",1979,1,"LAN","NL",363,20,0.0550964187327824
"fermife01",1990,1,"CLE","AL",414,1,0.00241545893719807
"fermife01",1993,1,"CLE","AL",480,2,0.00416666666666667
"fermife01",1994,1,"SEA","AL",379,1,0.00263852242744063
"fermifr01",2023,1,"KCA","AL",217,9,0.0414746543778802
"fermifr01",2024,1,"KCA","AL",339,6,0.0176991150442478
"fernafr01",1970,1,"OAK","AL",252,15,0.0595238095238095
"fernato01",1984,1,"TOR","AL",233,3,0.0128755364806867
"fernato01",1985,1,"TOR","AL",564,2,0.00354609929078014
"fernato01",1986,1,"TOR","AL",687,10,0.0145560407569141
"fernato01",1987,1,"TOR","AL",578,5,0.00865051903114187
"fernato01",1988,1,"TOR","AL",648,5,0.00771604938271605
"fernato01",1989,1,"TOR","AL",573,11,0.0191972076788831
"fernato01",1990,1,"TOR","AL",635,4,0.0062992125984252
"fernato01",1991,1,"SDN","NL",558,4,0.00716845878136201
"fernato01",1992,1,"SDN","NL",622,4,0.00643086816720257
"fernato01",1993,2,"TOR","AL",353,4,0.0113314447592068
"fernato01",1994,1,"CIN","NL",366,8,0.0218579234972678
"fernato01",1995,1,"NYA","AL",384,5,0.0130208333333333
"fernato01",1997,1,"CLE","AL",409,11,0.0268948655256724
"fernato01",1998,1,"TOR","AL",486,9,0.0185185185185185
"fernato01",1999,1,"TOR","AL",485,6,0.0123711340206186
"ferraal01",1970,1,"SDN","NL",372,13,0.0349462365591398
"ferrami01",1972,1,"ML4","AL",381,2,0.005249343832021
"fickro01",2001,1,"DET","AL",401,19,0.0473815461346633
"fickro01",2002,1,"DET","AL",556,17,0.0305755395683453
"fickro01",2003,1,"ATL","NL",409,11,0.0268948655256724
"fickro01",2004,1,"TBA","AL",214,6,0.0280373831775701
"fickro01",2005,1,"SDN","NL",230,3,0.0130434782608696
"fieldce01",1990,1,"DET","AL",573,51,0.0890052356020942
"fieldce01",1991,1,"DET","AL",624,44,0.0705128205128205
"fieldce01",1992,1,"DET","AL",594,35,0.0589225589225589
"fieldce01",1993,1,"DET","AL",573,30,0.0523560209424084
"fieldce01",1994,1,"DET","AL",425,28,0.0658823529411765
"fieldce01",1995,1,"DET","AL",494,31,0.062753036437247
"fieldce01",1996,1,"DET","AL",391,26,0.0664961636828645
"fieldce01",1996,2,"NYA","AL",200,13,0.065
"fieldce01",1997,1,"NYA","AL",361,13,0.03601108033241
"fieldce01",1998,1,"ANA","AL",381,17,0.0446194225721785
"fieldjo02",2007,1,"CHA","AL",373,23,0.0616621983914209
"fieldjo02",2009,1,"CHA","AL",239,7,0.0292887029288703
"fieldpr01",2006,1,"MIL","NL",569,28,0.0492091388400703
"fieldpr01",2007,1,"MIL","NL",573,50,0.087260034904014
"fieldpr01",2008,1,"MIL","NL",588,34,0.0578231292517007
"fieldpr01",2009,1,"MIL","NL",591,46,0.077834179357022
"fieldpr01",2010,1,"MIL","NL",578,32,0.055363321799308
"fieldpr01",2011,1,"MIL","NL",569,38,0.0667838312829526
"fieldpr01",2012,1,"DET","AL",581,30,0.0516351118760757
"fieldpr01",2013,1,"DET","AL",624,25,0.0400641025641026
"fieldpr01",2015,1,"TEX","AL",613,23,0.0375203915171289
"fieldpr01",2016,1,"TEX","AL",326,8,0.0245398773006135
"figgich01",2004,1,"ANA","AL",577,5,0.00866551126516464
"figgich01",2005,1,"LAA","AL",642,8,0.0124610591900312
"figgich01",2006,1,"LAA","AL",604,9,0.0149006622516556
"figgich01",2007,1,"LAA","AL",442,3,0.00678733031674208
"figgich01",2008,1,"LAA","AL",453,1,0.0022075055187638
"figgich01",2009,1,"LAA","AL",615,5,0.00813008130081301
"figgich01",2010,1,"SEA","AL",602,1,0.00166112956810631
"figgich01",2011,1,"SEA","AL",288,1,0.00347222222222222
"finlest01",1989,1,"BAL","AL",217,2,0.00921658986175115
"finlest01",1990,1,"BAL","AL",464,3,0.00646551724137931
"finlest01",1991,1,"HOU","NL",596,8,0.0134228187919463
"finlest01",1992,1,"HOU","NL",607,5,0.00823723228995058
"finlest01",1993,1,"HOU","NL",545,8,0.0146788990825688
"finlest01",1994,1,"HOU","NL",373,11,0.0294906166219839
"finlest01",1995,1,"SDN","NL",562,10,0.0177935943060498
"finlest01",1996,1,"SDN","NL",655,30,0.0458015267175572
"finlest01",1997,1,"SDN","NL",560,28,0.05
"finlest01",1998,1,"SDN","NL",619,14,0.0226171243941842
"finlest01",1999,1,"ARI","NL",590,34,0.0576271186440678
"finlest01",2000,1,"ARI","NL",539,35,0.0649350649350649
"finlest01",2001,1,"ARI","NL",495,14,0.0282828282828283
"finlest01",2002,1,"ARI","NL",505,25,0.0495049504950495
"finlest01",2003,1,"ARI","NL",516,22,0.0426356589147287
"finlest01",2004,1,"ARI","NL",404,23,0.0569306930693069
"finlest01",2004,2,"LAN","NL",224,13,0.0580357142857143
"finlest01",2005,1,"LAA","AL",406,12,0.0295566502463054
"finlest01",2006,1,"SFN","NL",426,6,0.0140845070422535
"fischmi01",1983,1,"CLE","AL",225,2,0.00888888888888889
"fiskca01",1972,1,"BOS","AL",457,22,0.0481400437636762
"fiskca01",1973,1,"BOS","AL",508,26,0.0511811023622047
"fiskca01",1975,1,"BOS","AL",263,10,0.0380228136882129
"fiskca01",1976,1,"BOS","AL",487,17,0.0349075975359343
"fiskca01",1977,1,"BOS","AL",536,26,0.0485074626865672
"fiskca01",1978,1,"BOS","AL",571,20,0.0350262697022767
"fiskca01",1979,1,"BOS","AL",320,10,0.03125
"fiskca01",1980,1,"BOS","AL",478,18,0.0376569037656904
"fiskca01",1981,1,"CHA","AL",338,7,0.0207100591715976
"fiskca01",1982,1,"CHA","AL",476,14,0.0294117647058824
"fiskca01",1983,1,"CHA","AL",488,26,0.0532786885245902
"fiskca01",1984,1,"CHA","AL",359,21,0.0584958217270195
"fiskca01",1985,1,"CHA","AL",543,37,0.0681399631675875
"fiskca01",1986,1,"CHA","AL",457,14,0.0306345733041575
"fiskca01",1987,1,"CHA","AL",454,23,0.0506607929515418
"fiskca01",1988,1,"CHA","AL",253,19,0.075098814229249
"fiskca01",1989,1,"CHA","AL",375,13,0.0346666666666667
"fiskca01",1990,1,"CHA","AL",452,18,0.0398230088495575
"fiskca01",1991,1,"CHA","AL",460,18,0.0391304347826087
"fitzgmi02",1984,1,"NYN","NL",360,2,0.00555555555555556
"fitzgmi02",1985,1,"MON","NL",295,5,0.0169491525423729
"fitzgmi02",1986,1,"MON","NL",209,6,0.0287081339712919
"fitzgmi02",1987,1,"MON","NL",287,3,0.0104529616724739
"fitzgmi02",1989,1,"MON","NL",290,7,0.0241379310344828
"fitzgmi02",1990,1,"MON","NL",313,9,0.0287539936102236
"fitzgty01",2024,1,"SFN","NL",314,15,0.0477707006369427
"fitzgty01",2025,1,"SFN","NL",217,4,0.0184331797235023
"flahejo01",1995,1,"DET","AL",354,11,0.0310734463276836
"flahejo01",1996,2,"SDN","NL",264,9,0.0340909090909091
"flahejo01",1997,1,"SDN","NL",439,9,0.020501138952164
"flahejo01",1998,1,"TBA","AL",304,3,0.00986842105263158
"flahejo01",1999,1,"TBA","AL",446,14,0.031390134529148
"flahejo01",2000,1,"TBA","AL",394,10,0.0253807106598985
"flahejo01",2001,1,"TBA","AL",248,4,0.0161290322580645
"flahejo01",2002,1,"TBA","AL",281,4,0.0142348754448399
"flahery01",2013,1,"BAL","AL",246,10,0.040650406504065
"flahery01",2014,1,"BAL","AL",281,7,0.0249110320284698
"flahery01",2015,1,"BAL","AL",267,9,0.0337078651685393
"flannti01",1983,1,"SDN","NL",214,3,0.014018691588785
"flannti01",1985,1,"SDN","NL",384,1,0.00260416666666667
"flannti01",1986,1,"SDN","NL",368,3,0.00815217391304348
"fletcda01",1992,1,"MON","NL",222,2,0.00900900900900901
"fletcda01",1993,1,"MON","NL",396,9,0.0227272727272727
"fletcda01",1994,1,"MON","NL",285,10,0.0350877192982456
"fletcda01",1995,1,"MON","NL",350,11,0.0314285714285714
"fletcda01",1996,1,"MON","NL",394,12,0.0304568527918782
"fletcda01",1997,1,"MON","NL",310,17,0.0548387096774194
"fletcda01",1998,1,"TOR","AL",407,9,0.0221130221130221
"fletcda01",1999,1,"TOR","AL",412,18,0.0436893203883495
"fletcda01",2000,1,"TOR","AL",416,20,0.0480769230769231
"fletcda01",2001,1,"TOR","AL",416,11,0.0264423076923077
"fletcda02",2018,1,"LAA","AL",284,1,0.00352112676056338
"fletcda02",2019,1,"LAA","AL",596,6,0.0100671140939597
"fletcda02",2020,1,"LAA","AL",207,3,0.0144927536231884
"fletcda02",2021,1,"LAA","AL",626,2,0.00319488817891374
"fletcda02",2022,1,"LAA","AL",216,2,0.00925925925925926
"fletcdo01",2024,1,"CHA","AL",223,1,0.00448430493273543
"fletcsc01",1983,1,"CHA","AL",262,3,0.0114503816793893
"fletcsc01",1984,1,"CHA","AL",456,3,0.00657894736842105
"fletcsc01",1985,1,"CHA","AL",301,2,0.00664451827242525
"fletcsc01",1986,1,"TEX","AL",530,3,0.00566037735849057
"fletcsc01",1987,1,"TEX","AL",588,5,0.00850340136054422
"fletcsc01",1989,2,"CHA","AL",232,1,0.00431034482758621
"fletcsc01",1990,1,"CHA","AL",509,4,0.00785854616895874
"fletcsc01",1991,1,"CHA","AL",248,1,0.00403225806451613
"fletcsc01",1992,1,"ML4","AL",386,3,0.0077720207253886
"fletcsc01",1993,1,"BOS","AL",480,5,0.0104166666666667
"floregi01",1977,1,"CAL","AL",342,1,0.00292397660818713
"floreje02",2008,1,"WAS","NL",301,8,0.026578073089701
"floreje02",2012,1,"WAS","NL",277,6,0.0216606498194946
"florera02",2016,1,"MIL","NL",249,2,0.00803212851405623
"florewi01",2014,1,"NYN","NL",259,6,0.0231660231660232
"florewi01",2015,1,"NYN","NL",483,16,0.0331262939958592
"florewi01",2016,1,"NYN","NL",307,16,0.0521172638436482
"florewi01",2017,1,"NYN","NL",336,18,0.0535714285714286
"florewi01",2018,1,"NYN","NL",386,11,0.0284974093264249
"florewi01",2019,1,"ARI","NL",265,9,0.0339622641509434
"florewi01",2021,1,"SFN","NL",389,18,0.0462724935732648
"florewi01",2022,1,"SFN","NL",525,19,0.0361904761904762
"florewi01",2023,1,"SFN","NL",405,23,0.0567901234567901
"florewi01",2024,1,"SFN","NL",214,4,0.0186915887850467
"florewi01",2025,1,"SFN","NL",419,16,0.0381861575178998
"floripe01",2013,1,"MIN","AL",403,9,0.0223325062034739
"flowety01",2013,1,"CHA","AL",256,10,0.0390625
"flowety01",2014,1,"CHA","AL",407,15,0.0368550368550369
"flowety01",2015,1,"CHA","AL",331,9,0.027190332326284
"flowety01",2016,1,"ATL","NL",281,8,0.0284697508896797
"flowety01",2017,1,"ATL","NL",317,12,0.0378548895899054
"flowety01",2018,1,"ATL","NL",251,8,0.0318725099601594
"flowety01",2019,1,"ATL","NL",271,11,0.040590405904059
"floydcl01",1994,1,"MON","NL",334,4,0.0119760479041916
"floydcl01",1996,1,"MON","NL",227,6,0.026431718061674
"floydcl01",1998,1,"FLO","NL",588,22,0.0374149659863946
"floydcl01",1999,1,"FLO","NL",251,11,0.0438247011952191
"floydcl01",2000,1,"FLO","NL",420,22,0.0523809523809524
"floydcl01",2001,1,"FLO","NL",555,31,0.0558558558558559
"floydcl01",2002,1,"FLO","NL",296,18,0.0608108108108108
"floydcl01",2003,1,"NYN","NL",365,18,0.0493150684931507
"floydcl01",2004,1,"NYN","NL",396,18,0.0454545454545455
"floydcl01",2005,1,"NYN","NL",550,34,0.0618181818181818
"floydcl01",2006,1,"NYN","NL",332,11,0.0331325301204819
"floydcl01",2007,1,"CHN","NL",282,9,0.0319148936170213
"floydcl01",2008,1,"TBA","AL",246,11,0.0447154471544715
"flynndo01",1976,1,"CIN","NL",219,1,0.0045662100456621
"flynndo01",1979,1,"NYN","NL",555,4,0.00720720720720721
"flynndo01",1981,1,"NYN","NL",325,1,0.00307692307692308
"foleyto02",1984,1,"CIN","NL",277,5,0.0180505415162455
"foleyto02",1986,2,"MON","NL",202,1,0.00495049504950495
"foleyto02",1987,1,"MON","NL",280,5,0.0178571428571429
"foleyto02",1988,1,"MON","NL",377,5,0.013262599469496
"foleyto02",1989,1,"MON","NL",375,7,0.0186666666666667
"foliti01",1972,1,"MON","NL",540,2,0.0037037037037037
"foliti01",1973,1,"MON","NL",458,2,0.00436681222707424
"foliti01",1975,1,"MON","NL",572,1,0.00174825174825175
"foliti01",1976,1,"MON","NL",546,6,0.010989010989011
"foliti01",1977,2,"SFN","NL",368,4,0.0108695652173913
"foliti01",1978,1,"NYN","NL",413,1,0.00242130750605327
"foliti01",1979,2,"PIT","NL",525,1,0.0019047619047619
"foliti01",1980,1,"PIT","NL",495,3,0.00606060606060606
"foliti01",1982,1,"CAL","AL",480,3,0.00625
"foliti01",1983,1,"CAL","AL",330,2,0.00606060606060606
"fontemi01",2007,1,"CHN","NL",234,3,0.0128205128205128
"fontemi01",2008,1,"CHN","NL",243,9,0.037037037037037
"fontemi01",2009,1,"CHN","NL",377,9,0.0238726790450928
"fontemi01",2011,1,"SFN","NL",220,4,0.0181818181818182
"footeba01",1974,1,"MON","NL",420,11,0.0261904761904762
"footeba01",1975,1,"MON","NL",387,7,0.0180878552971576
"footeba01",1976,1,"MON","NL",350,7,0.02
"footeba01",1979,1,"CHN","NL",429,16,0.0372960372960373
"footeba01",1980,1,"CHN","NL",202,6,0.0297029702970297
"fordcu01",1986,1,"SLN","NL",214,2,0.00934579439252336
"fordcu01",1987,1,"SLN","NL",228,3,0.0131578947368421
"fordda01",1975,1,"MIN","AL",440,15,0.0340909090909091
"fordda01",1976,1,"MIN","AL",514,20,0.0389105058365759
"fordda01",1977,1,"MIN","AL",453,11,0.0242825607064018
"fordda01",1978,1,"MIN","AL",592,11,0.0185810810810811
"fordda01",1979,1,"CAL","AL",569,21,0.0369068541300527
"fordda01",1980,1,"CAL","AL",226,7,0.0309734513274336
"fordda01",1981,1,"CAL","AL",375,15,0.04
"fordda01",1982,1,"BAL","AL",421,10,0.0237529691211401
"fordda01",1983,1,"BAL","AL",407,9,0.0221130221130221
"fordle01",2004,1,"MIN","AL",569,15,0.0263620386643234
"fordle01",2005,1,"MIN","AL",522,7,0.0134099616858238
"fordle01",2006,1,"MIN","AL",234,4,0.0170940170940171
"fordmi01",2023,1,"SEA","AL",219,16,0.0730593607305936
"fordte01",1972,1,"TEX","AL",429,14,0.0326340326340326
"fordybr01",1999,1,"CHA","AL",333,9,0.027027027027027
"fordybr01",2001,1,"BAL","AL",292,5,0.0171232876712329
"fordybr01",2003,1,"BAL","AL",348,6,0.0172413793103448
"forsylo01",2012,1,"SDN","NL",315,6,0.019047619047619
"forsylo01",2013,1,"SDN","NL",220,6,0.0272727272727273
"forsylo01",2014,1,"TBA","AL",301,6,0.0199335548172757
"forsylo01",2015,1,"TBA","AL",540,17,0.0314814814814815
"forsylo01",2016,1,"TBA","AL",511,20,0.0391389432485323
"forsylo01",2017,1,"LAN","NL",361,6,0.0166204986149584
"forsylo01",2019,1,"TEX","AL",317,7,0.0220820189274448
"forteni01",2022,1,"MIA","NL",217,9,0.0414746543778802
"forteni01",2023,1,"MIA","NL",294,6,0.0204081632653061
"forteni01",2024,1,"MIA","NL",308,4,0.012987012987013
"fossera01",1970,1,"CLE","AL",450,18,0.04
"fossera01",1971,1,"CLE","AL",486,12,0.0246913580246914
"fossera01",1972,1,"CLE","AL",457,10,0.0218818380743982
"fossera01",1973,1,"OAK","AL",492,7,0.0142276422764228
"fossera01",1974,1,"OAK","AL",204,4,0.0196078431372549
"fossera01",1976,1,"CLE","AL",276,2,0.0072463768115942
"fossera01",1977,1,"CLE","AL",238,6,0.0252100840336134
"fostege01",1971,2,"CIN","NL",368,10,0.0271739130434783
"fostege01",1974,1,"CIN","NL",276,7,0.0253623188405797
"fostege01",1975,1,"CIN","NL",463,23,0.0496760259179266
"fostege01",1976,1,"CIN","NL",562,29,0.0516014234875445
"fostege01",1977,1,"CIN","NL",615,52,0.0845528455284553
"fostege01",1978,1,"CIN","NL",604,40,0.0662251655629139
"fostege01",1979,1,"CIN","NL",440,30,0.0681818181818182
"fostege01",1980,1,"CIN","NL",528,25,0.0473484848484849
"fostege01",1981,1,"CIN","NL",414,22,0.0531400966183575
"fostege01",1982,1,"NYN","NL",550,13,0.0236363636363636
"fostege01",1983,1,"NYN","NL",601,28,0.0465890183028286
"fostege01",1984,1,"NYN","NL",553,24,0.0433996383363472
"fostege01",1985,1,"NYN","NL",452,21,0.0464601769911504
"fostege01",1986,1,"NYN","NL",233,13,0.055793991416309
"fostero01",1970,1,"CLE","AL",477,23,0.0482180293501048
"fostero01",1971,1,"CLE","AL",396,18,0.0454545454545455
"fowlede01",2009,1,"COL","NL",433,4,0.0092378752886836
"fowlede01",2010,1,"COL","NL",439,6,0.0136674259681093
"fowlede01",2011,1,"COL","NL",481,5,0.0103950103950104
"fowlede01",2012,1,"COL","NL",454,13,0.0286343612334802
"fowlede01",2013,1,"COL","NL",415,12,0.0289156626506024
"fowlede01",2014,1,"HOU","AL",434,8,0.0184331797235023
"fowlede01",2015,1,"CHN","NL",596,17,0.0285234899328859
"fowlede01",2016,1,"CHN","NL",456,13,0.0285087719298246
"fowlede01",2017,1,"SLN","NL",420,18,0.0428571428571429
"fowlede01",2018,1,"SLN","NL",289,8,0.027681660899654
"fowlede01",2019,1,"SLN","NL",487,19,0.0390143737166324
"foxan01",1998,1,"ARI","NL",502,9,0.0179282868525896
"foxan01",1999,1,"ARI","NL",274,6,0.0218978102189781
"foxan01",2002,1,"FLO","NL",435,4,0.00919540229885057
"foxja02",2009,1,"CHN","NL",216,11,0.0509259259259259
"foyjo01",1970,1,"NYN","NL",322,6,0.0186335403726708
"fraleja01",2021,1,"SEA","AL",214,9,0.0420560747663551
"fraleja01",2022,1,"CIN","NL",216,12,0.0555555555555556
"fraleja01",2023,1,"CIN","NL",336,15,0.0446428571428571
"fraleja01",2024,1,"CIN","NL",350,5,0.0142857142857143
"francbe01",2008,1,"CLE","AL",447,15,0.0335570469798658
"francbe01",2009,1,"CLE","AL",308,10,0.0324675324675325
"francbe01",2011,1,"PHI","NL",250,6,0.024
"francje02",2005,1,"ATL","NL",257,14,0.0544747081712062
"francje02",2006,1,"ATL","NL",651,29,0.0445468509984639
"francje02",2007,1,"ATL","NL",642,19,0.029595015576324
"francje02",2008,1,"ATL","NL",599,11,0.0183639398998331
"francje02",2009,1,"ATL","NL",304,5,0.0164473684210526
"francje02",2009,2,"NYN","NL",289,10,0.0346020761245675
"francje02",2010,1,"NYN","NL",401,11,0.027431421446384
"francje02",2011,1,"KCA","AL",601,20,0.0332778702163062
"francje02",2012,1,"KCA","AL",561,16,0.0285204991087344
"francje02",2015,1,"PHI","NL",326,13,0.0398773006134969
"francje02",2016,1,"ATL","NL",257,7,0.0272373540856031
"francju01",1983,1,"CLE","AL",560,8,0.0142857142857143
"francju01",1984,1,"CLE","AL",658,3,0.00455927051671733
"francju01",1985,1,"CLE","AL",636,6,0.00943396226415094
"francju01",1986,1,"CLE","AL",599,10,0.01669449081803
"francju01",1987,1,"CLE","AL",495,8,0.0161616161616162
"francju01",1988,1,"CLE","AL",613,10,0.0163132137030995
"francju01",1989,1,"TEX","AL",548,13,0.0237226277372263
"francju01",1990,1,"TEX","AL",582,11,0.0189003436426117
"francju01",1991,1,"TEX","AL",589,15,0.0254668930390492
"francju01",1993,1,"TEX","AL",532,14,0.0263157894736842
"francju01",1994,1,"CHA","AL",433,20,0.046189376443418
"francju01",1996,1,"CLE","AL",432,14,0.0324074074074074
"francju01",1997,1,"CLE","AL",289,3,0.0103806228373702
"francju01",2002,1,"ATL","NL",338,6,0.0177514792899408
"francju01",2004,1,"ATL","NL",320,6,0.01875
"francju01",2005,1,"ATL","NL",233,9,0.0386266094420601
"francju02",2013,2,"MIL","NL",240,13,0.0541666666666667
"francju02",2014,1,"TOR","AL",287,16,0.0557491289198606
"francma01",2002,1,"ATL","NL",205,6,0.0292682926829268
"francma02",2015,1,"PHI","NL",304,14,0.0460526315789474
"francma02",2016,1,"PHI","NL",581,25,0.0430292598967298
"francma02",2017,1,"PHI","NL",575,24,0.0417391304347826
"francma02",2018,1,"PHI","NL",433,22,0.0508083140877598
"francma02",2019,1,"PHI","NL",389,17,0.0437017994858612
"francma02",2020,1,"KCA","AL",223,8,0.0358744394618834
"francma02",2021,1,"BAL","AL",377,11,0.0291777188328912
"francma02",2022,1,"WAS","NL",371,9,0.0242587601078167
"francte01",1983,1,"MON","NL",230,3,0.0130434782608696
"francte01",1984,1,"MON","NL",214,1,0.00467289719626168
"francte01",1985,1,"MON","NL",281,2,0.00711743772241993
"francte01",1987,1,"CIN","NL",207,3,0.0144927536231884
"francte01",1988,1,"CLE","AL",212,1,0.00471698113207547
"francte01",1989,1,"ML4","AL",233,3,0.0128755364806867
"francty01",2021,1,"SEA","AL",571,18,0.031523642732049
"francty01",2022,1,"SEA","AL",551,20,0.0362976406533575
"francty01",2023,1,"SEA","AL",587,12,0.020442930153322
"francty01",2024,1,"SEA","AL",300,8,0.0266666666666667
"francty01",2025,1,"MIN","AL",350,6,0.0171428571428571
"francwa01",2021,1,"TBA","AL",281,7,0.0249110320284698
"francwa01",2022,1,"TBA","AL",314,6,0.0191082802547771
"francwa01",2023,1,"TBA","AL",442,17,0.0384615384615385
"frandke01",2007,1,"SFN","NL",264,5,0.0189393939393939
"frandke01",2013,1,"PHI","NL",252,5,0.0198412698412698
"frandke01",2014,1,"WAS","NL",220,1,0.00454545454545455
"frankni01",2013,1,"SEA","AL",369,12,0.032520325203252
"fraziad01",2017,1,"PIT","NL",406,6,0.0147783251231527
"fraziad01",2018,1,"PIT","NL",318,10,0.0314465408805031
"fraziad01",2019,1,"PIT","NL",554,10,0.0180505415162455
"fraziad01",2020,1,"PIT","NL",209,7,0.0334928229665072
"fraziad01",2021,1,"PIT","NL",386,4,0.0103626943005181
"fraziad01",2022,1,"SEA","AL",541,3,0.0055452865064695
"fraziad01",2023,1,"BAL","AL",412,13,0.0315533980582524
"fraziad01",2024,1,"KCA","AL",262,4,0.0152671755725191
"fraziad01",2025,1,"PIT","NL",235,3,0.0127659574468085
"frazicl01",2019,1,"NYA","AL",225,12,0.0533333333333333
"frazito01",2012,1,"CIN","NL",422,19,0.0450236966824645
"frazito01",2013,1,"CIN","NL",531,19,0.0357815442561205
"frazito01",2014,1,"CIN","NL",597,29,0.0485762144053601
"frazito01",2015,1,"CIN","NL",619,35,0.0565428109854604
"frazito01",2016,1,"CHA","AL",590,40,0.0677966101694915
"frazito01",2017,1,"CHA","AL",280,16,0.0571428571428571
"frazito01",2018,1,"NYN","NL",408,18,0.0441176470588235
"frazito01",2019,1,"NYN","NL",447,21,0.0469798657718121
"freedro01",1971,1,"PHI","NL",348,6,0.0172413793103448
"freehbi01",1970,1,"DET","AL",395,16,0.040506329113924
"freehbi01",1971,1,"DET","AL",516,21,0.0406976744186047
"freehbi01",1972,1,"DET","AL",374,10,0.0267379679144385
"freehbi01",1973,1,"DET","AL",380,6,0.0157894736842105
"freehbi01",1974,1,"DET","AL",445,18,0.0404494382022472
"freehbi01",1975,1,"DET","AL",427,14,0.0327868852459016
"freehbi01",1976,1,"DET","AL",237,5,0.0210970464135021
"freelry01",2004,1,"CIN","NL",505,3,0.00594059405940594
"freelry01",2005,1,"CIN","NL",369,4,0.010840108401084
"freelry01",2006,1,"CIN","NL",454,8,0.0176211453744493
"freelry01",2007,1,"CIN","NL",277,3,0.0108303249097473
"freemfr01",2011,1,"ATL","NL",571,21,0.0367775831873905
"freemfr01",2012,1,"ATL","NL",540,23,0.0425925925925926
"freemfr01",2013,1,"ATL","NL",551,23,0.0417422867513612
"freemfr01",2014,1,"ATL","NL",607,18,0.0296540362438221
"freemfr01",2015,1,"ATL","NL",416,18,0.0432692307692308
"freemfr01",2016,1,"ATL","NL",589,34,0.0577249575551783
"freemfr01",2017,1,"ATL","NL",440,28,0.0636363636363636
"freemfr01",2018,1,"ATL","NL",618,23,0.0372168284789644
"freemfr01",2019,1,"ATL","NL",597,38,0.0636515912897822
"freemfr01",2020,1,"ATL","NL",214,13,0.0607476635514019
"freemfr01",2021,1,"ATL","NL",600,31,0.0516666666666667
"freemfr01",2022,1,"LAN","NL",612,21,0.0343137254901961
"freemfr01",2023,1,"LAN","NL",637,29,0.0455259026687598
"freemfr01",2024,1,"LAN","NL",542,22,0.040590405904059
"freemfr01",2025,1,"LAN","NL",556,24,0.0431654676258993
"freemty01",2024,1,"CLE","AL",330,7,0.0212121212121212
"freemty01",2025,1,"COL","NL",377,2,0.00530503978779841
"freesda01",2010,1,"SLN","NL",240,4,0.0166666666666667
"freesda01",2011,1,"SLN","NL",333,10,0.03003003003003
"freesda01",2012,1,"SLN","NL",501,20,0.0399201596806387
"freesda01",2013,1,"SLN","NL",462,9,0.0194805194805195
"freesda01",2014,1,"LAA","AL",462,10,0.0216450216450216
"freesda01",2015,1,"LAA","AL",424,14,0.0330188679245283
"freesda01",2016,1,"PIT","NL",437,13,0.0297482837528604
"freesda01",2017,1,"PIT","NL",426,10,0.0234741784037559
"freesda01",2018,1,"PIT","NL",241,9,0.037344398340249
"fregoji01",1970,1,"CAL","AL",601,22,0.0366056572379368
"fregoji01",1971,1,"CAL","AL",347,5,0.0144092219020173
"fregoji01",1972,1,"NYN","NL",340,5,0.0147058823529412
"fregoji01",1974,1,"TEX","AL",230,12,0.0521739130434783
"frelisa01",2024,1,"MIL","NL",475,2,0.00421052631578947
"frelisa01",2025,1,"MIL","NL",528,12,0.0227272727272727
"friaspe01",1979,1,"ATL","NL",475,1,0.00210526315789474
"friedtj01",2022,1,"CIN","NL",225,8,0.0355555555555556
"friedtj01",2023,1,"CIN","NL",488,18,0.0368852459016393
"friedtj01",2024,1,"CIN","NL",297,13,0.0437710437710438
"friedtj01",2025,1,"CIN","NL",579,14,0.0241796200345423
"frobedo01",1984,1,"PIT","NL",276,12,0.0434782608695652
"fryda01",2024,1,"CLE","AL",335,14,0.0417910447761194
"fryeje01",1995,1,"TEX","AL",313,4,0.012779552715655
"fryeje01",1996,1,"BOS","AL",419,4,0.00954653937947494
"fryeje01",1997,1,"BOS","AL",404,3,0.00742574257425743
"fryeje01",2000,1,"BOS","AL",239,1,0.00418410041841004
"frymatr01",1990,1,"DET","AL",232,9,0.0387931034482759
"frymatr01",1991,1,"DET","AL",557,21,0.0377019748653501
"frymatr01",1992,1,"DET","AL",659,20,0.0303490136570561
"frymatr01",1993,1,"DET","AL",607,22,0.0362438220757825
"frymatr01",1994,1,"DET","AL",464,18,0.0387931034482759
"frymatr01",1995,1,"DET","AL",567,15,0.0264550264550265
"frymatr01",1996,1,"DET","AL",616,22,0.0357142857142857
"frymatr01",1997,1,"DET","AL",595,22,0.0369747899159664
"frymatr01",1998,1,"CLE","AL",557,28,0.0502692998204668
"frymatr01",1999,1,"CLE","AL",322,10,0.031055900621118
"frymatr01",2000,1,"CLE","AL",574,22,0.0383275261324042
"frymatr01",2001,1,"CLE","AL",334,3,0.00898203592814371
"frymatr01",2002,1,"CLE","AL",397,11,0.0277078085642317
"fuentjo01",2021,1,"COL","NL",271,7,0.025830258302583
"fuentti01",1970,1,"SFN","NL",435,2,0.00459770114942529
"fuentti01",1971,1,"SFN","NL",630,4,0.00634920634920635
"fuentti01",1972,1,"SFN","NL",572,7,0.0122377622377622
"fuentti01",1973,1,"SFN","NL",656,6,0.00914634146341463
"fuentti01",1975,1,"SDN","NL",565,4,0.00707964601769912
"fuentti01",1976,1,"SDN","NL",520,2,0.00384615384615385
"fuentti01",1977,1,"DET","AL",615,5,0.00813008130081301
"fukudko01",2008,1,"CHN","NL",501,10,0.0199600798403194
"fukudko01",2009,1,"CHN","NL",499,11,0.0220440881763527
"fukudko01",2010,1,"CHN","NL",358,13,0.0363128491620112
"fukudko01",2011,1,"CHN","NL",293,3,0.0102389078498294
"fukudko01",2011,2,"CLE","AL",237,5,0.0210970464135021
"fuldsa01",2011,1,"TBA","AL",308,3,0.00974025974025974
"fuldsa01",2015,1,"OAK","AL",290,2,0.00689655172413793
"fullmbr01",1998,1,"MON","NL",505,13,0.0257425742574257
"fullmbr01",1999,1,"MON","NL",347,9,0.0259365994236311
"fullmbr01",2000,1,"TOR","AL",482,32,0.0663900414937759
"fullmbr01",2001,1,"TOR","AL",522,18,0.0344827586206897
"fullmbr01",2002,1,"ANA","AL",429,19,0.0442890442890443
"fullmbr01",2003,1,"ANA","AL",206,9,0.0436893203883495
"fullmbr01",2004,1,"TEX","AL",258,11,0.0426356589147287
"furcara01",2000,1,"ATL","NL",455,4,0.00879120879120879
"furcara01",2001,1,"ATL","NL",324,4,0.0123456790123457
"furcara01",2002,1,"ATL","NL",636,8,0.0125786163522013
"furcara01",2003,1,"ATL","NL",664,15,0.0225903614457831
"furcara01",2004,1,"ATL","NL",563,14,0.024866785079929
"furcara01",2005,1,"ATL","NL",616,12,0.0194805194805195
"furcara01",2006,1,"LAN","NL",654,15,0.0229357798165138
"furcara01",2007,1,"LAN","NL",581,6,0.0103270223752151
"furcara01",2009,1,"LAN","NL",613,9,0.0146818923327896
"furcara01",2010,1,"LAN","NL",383,8,0.02088772845953
"furcara01",2012,1,"SLN","NL",477,5,0.010482180293501
"gaettga01",1982,1,"MIN","AL",508,25,0.0492125984251969
"gaettga01",1983,1,"MIN","AL",584,21,0.035958904109589
"gaettga01",1984,1,"MIN","AL",588,5,0.00850340136054422
"gaettga01",1985,1,"MIN","AL",560,20,0.0357142857142857
"gaettga01",1986,1,"MIN","AL",596,34,0.0570469798657718
"gaettga01",1987,1,"MIN","AL",584,31,0.0530821917808219
"gaettga01",1988,1,"MIN","AL",468,28,0.0598290598290598
"gaettga01",1989,1,"MIN","AL",498,19,0.0381526104417671
"gaettga01",1990,1,"MIN","AL",577,16,0.0277296360485269
"gaettga01",1991,1,"CAL","AL",586,18,0.0307167235494881
"gaettga01",1992,1,"CAL","AL",456,12,0.0263157894736842
"gaettga01",1993,2,"KCA","AL",281,14,0.0498220640569395
"gaettga01",1994,1,"KCA","AL",327,12,0.036697247706422
"gaettga01",1995,1,"KCA","AL",514,35,0.0680933852140078
"gaettga01",1996,1,"SLN","NL",522,23,0.0440613026819923
"gaettga01",1997,1,"SLN","NL",502,17,0.0338645418326693
"gaettga01",1998,1,"SLN","NL",306,11,0.0359477124183007
"gaettga01",1999,1,"CHN","NL",280,9,0.0321428571428571
"gagnegr01",1985,1,"MIN","AL",293,2,0.0068259385665529
"gagnegr01",1986,1,"MIN","AL",472,12,0.0254237288135593
"gagnegr01",1987,1,"MIN","AL",437,10,0.022883295194508
"gagnegr01",1988,1,"MIN","AL",461,14,0.0303687635574837
"gagnegr01",1989,1,"MIN","AL",460,9,0.0195652173913043
"gagnegr01",1990,1,"MIN","AL",388,7,0.0180412371134021
"gagnegr01",1991,1,"MIN","AL",408,8,0.0196078431372549
"gagnegr01",1992,1,"MIN","AL",439,7,0.0159453302961276
"gagnegr01",1993,1,"KCA","AL",540,10,0.0185185185185185
"gagnegr01",1994,1,"KCA","AL",375,7,0.0186666666666667
"gagnegr01",1995,1,"KCA","AL",430,6,0.013953488372093
"gagnegr01",1996,1,"LAN","NL",428,10,0.0233644859813084
"gagnegr01",1997,1,"LAN","NL",514,9,0.0175097276264591
"galaran01",1986,1,"MON","NL",321,10,0.0311526479750779
"galaran01",1987,1,"MON","NL",551,13,0.0235934664246824
"galaran01",1988,1,"MON","NL",609,29,0.0476190476190476
"galaran01",1989,1,"MON","NL",572,23,0.0402097902097902
"galaran01",1990,1,"MON","NL",579,20,0.0345423143350604
"galaran01",1991,1,"MON","NL",375,9,0.024
"galaran01",1992,1,"SLN","NL",325,10,0.0307692307692308
"galaran01",1993,1,"COL","NL",470,22,0.0468085106382979
"galaran01",1994,1,"COL","NL",417,31,0.0743405275779376
"galaran01",1995,1,"COL","NL",554,31,0.055956678700361
"galaran01",1996,1,"COL","NL",626,47,0.0750798722044729
"galaran01",1997,1,"COL","NL",600,41,0.0683333333333333
"galaran01",1998,1,"ATL","NL",555,44,0.0792792792792793
"galaran01",2000,1,"ATL","NL",494,28,0.0566801619433198
"galaran01",2001,1,"TEX","AL",243,10,0.0411522633744856
"galaran01",2002,1,"MON","NL",292,9,0.0308219178082192
"galaran01",2003,1,"SFN","NL",272,12,0.0441176470588235
"gallaal01",1970,1,"SFN","NL",282,4,0.0141843971631206
"gallaal01",1971,1,"SFN","NL",429,5,0.0116550116550117
"gallaal01",1972,1,"SFN","NL",233,2,0.00858369098712446
"gallada01",1988,1,"CHA","AL",347,5,0.0144092219020173
"gallada01",1989,1,"CHA","AL",601,1,0.00166389351081531
"gallada01",1991,1,"CAL","AL",270,1,0.0037037037037037
"gallada01",1993,1,"NYN","NL",201,6,0.0298507462686567
"gallemi01",1988,1,"OAK","AL",277,2,0.0072202166064982
"gallemi01",1989,1,"OAK","AL",357,3,0.00840336134453781
"gallemi01",1990,1,"OAK","AL",389,3,0.0077120822622108
"gallemi01",1991,1,"OAK","AL",482,12,0.024896265560166
"gallemi01",1993,1,"NYA","AL",403,10,0.0248138957816377
"gallemi01",1994,1,"NYA","AL",306,6,0.0196078431372549
"gallojo01",2017,1,"TEX","AL",449,41,0.0913140311804009
"gallojo01",2018,1,"TEX","AL",500,40,0.08
"gallojo01",2019,1,"TEX","AL",241,22,0.0912863070539419
"gallojo01",2021,1,"TEX","AL",310,25,0.0806451612903226
"gallojo01",2022,1,"NYA","AL",233,12,0.0515021459227468
"gallojo01",2023,1,"MIN","AL",282,21,0.074468085106383
"gallojo01",2024,1,"WAS","NL",223,10,0.0448430493273543
"galvifr01",2013,1,"PHI","NL",205,6,0.0292682926829268
"galvifr01",2015,1,"PHI","NL",559,7,0.0125223613595707
"galvifr01",2016,1,"PHI","NL",584,20,0.0342465753424658
"galvifr01",2017,1,"PHI","NL",608,12,0.0197368421052632
"galvifr01",2018,1,"SDN","NL",602,13,0.0215946843853821
"galvifr01",2019,1,"TOR","AL",450,18,0.04
"galvifr01",2021,1,"BAL","AL",249,9,0.036144578313253
"gamblos01",1970,1,"PHI","NL",275,1,0.00363636363636364
"gamblos01",1971,1,"PHI","NL",280,6,0.0214285714285714
"gamblos01",1973,1,"CLE","AL",390,20,0.0512820512820513
"gamblos01",1974,1,"CLE","AL",454,19,0.0418502202643172
"gamblos01",1975,1,"CLE","AL",348,15,0.0431034482758621
"gamblos01",1976,1,"NYA","AL",340,17,0.05
"gamblos01",1977,1,"CHA","AL",408,31,0.0759803921568627
"gamblos01",1978,1,"SDN","NL",375,7,0.0186666666666667
"gamblos01",1982,1,"NYA","AL",316,18,0.0569620253164557
"gamelbe01",2017,1,"SEA","AL",509,11,0.0216110019646365
"gamelbe01",2018,1,"SEA","AL",257,1,0.00389105058365759
"gamelbe01",2019,1,"MIL","NL",311,7,0.022508038585209
"gamelbe01",2021,2,"PIT","NL",326,8,0.0245398773006135
"gamelbe01",2022,1,"PIT","NL",371,9,0.0242587601078167
"gantnji01",1979,1,"ML4","AL",208,2,0.00961538461538461
"gantnji01",1980,1,"ML4","AL",415,4,0.00963855421686747
"gantnji01",1981,1,"ML4","AL",352,2,0.00568181818181818
"gantnji01",1982,1,"ML4","AL",447,4,0.00894854586129754
"gantnji01",1983,1,"ML4","AL",603,11,0.0182421227197347
"gantnji01",1984,1,"ML4","AL",613,3,0.00489396411092985
"gantnji01",1985,1,"ML4","AL",523,5,0.00956022944550669
"gantnji01",1986,1,"ML4","AL",497,7,0.0140845070422535
"gantnji01",1987,1,"ML4","AL",265,4,0.0150943396226415
"gantnji01",1991,1,"ML4","AL",526,2,0.00380228136882129
"gantnji01",1992,1,"ML4","AL",256,1,0.00390625
"gantro01",1988,1,"ATL","NL",563,19,0.0337477797513321
"gantro01",1989,1,"ATL","NL",260,9,0.0346153846153846
"gantro01",1990,1,"ATL","NL",575,32,0.0556521739130435
"gantro01",1991,1,"ATL","NL",561,32,0.0570409982174688
"gantro01",1992,1,"ATL","NL",544,17,0.03125
"gantro01",1993,1,"ATL","NL",606,36,0.0594059405940594
"gantro01",1995,1,"CIN","NL",410,29,0.0707317073170732
"gantro01",1996,1,"SLN","NL",419,30,0.071599045346062
"gantro01",1997,1,"SLN","NL",502,17,0.0338645418326693
"gantro01",1998,1,"SLN","NL",383,26,0.0678851174934726
"gantro01",1999,1,"PHI","NL",516,17,0.0329457364341085
"gantro01",2000,1,"PHI","NL",343,20,0.0583090379008746
"gantro01",2002,1,"SDN","NL",309,18,0.058252427184466
"garbeba01",1984,1,"DET","AL",327,5,0.0152905198776758
"garbeba01",1985,1,"DET","AL",237,6,0.0253164556962025
"garciad01",2016,1,"ATL","NL",532,14,0.0263157894736842
"garciad02",2021,1,"TEX","AL",581,31,0.0533562822719449
"garciad02",2022,1,"TEX","AL",605,27,0.0446280991735537
"garciad02",2023,1,"TEX","AL",555,39,0.0702702702702703
"garciad02",2024,1,"TEX","AL",580,25,0.0431034482758621
"garciad02",2025,1,"TEX","AL",507,19,0.0374753451676529
"garciav01",2015,1,"CHA","AL",553,13,0.0235081374321881
"garciav01",2016,1,"CHA","AL",413,12,0.0290556900726392
"garciav01",2017,1,"CHA","AL",518,18,0.0347490347490347
"garciav01",2018,1,"CHA","AL",356,19,0.0533707865168539
"garciav01",2019,1,"TBA","AL",489,20,0.0408997955010225
"garciav01",2021,1,"MIL","NL",461,29,0.0629067245119306
"garciav01",2022,1,"MIA","NL",357,8,0.0224089635854342
"garcica01",1993,1,"PIT","NL",546,12,0.021978021978022
"garcica01",1994,1,"PIT","NL",412,6,0.0145631067961165
"garcica01",1995,1,"PIT","NL",367,6,0.0163487738419619
"garcica01",1996,1,"PIT","NL",390,6,0.0153846153846154
"garcica01",1997,1,"TOR","AL",350,3,0.00857142857142857
"garcida01",1980,1,"TOR","AL",543,4,0.00736648250460405
"garcida01",1981,1,"TOR","AL",250,1,0.004
"garcida01",1982,1,"TOR","AL",597,5,0.0083752093802345
"garcida01",1983,1,"TOR","AL",525,3,0.00571428571428571
"garcida01",1984,1,"TOR","AL",633,5,0.00789889415481833
"garcida01",1985,1,"TOR","AL",600,8,0.0133333333333333
"garcida01",1986,1,"TOR","AL",424,6,0.0141509433962264
"garcida01",1989,1,"MON","NL",203,3,0.0147783251231527
"garcigr01",2016,1,"SLN","NL",214,3,0.014018691588785
"garcigr01",2017,1,"SLN","NL",241,2,0.00829875518672199
"garcigr01",2019,1,"SDN","NL",311,4,0.0128617363344051
"garcika01",1998,1,"ARI","NL",333,9,0.027027027027027
"garcika01",1999,1,"DET","AL",288,14,0.0486111111111111
"garciki01",1979,1,"BAL","AL",417,5,0.0119904076738609
"garciki01",1980,1,"BAL","AL",311,1,0.00321543408360129
"garcile02",2017,1,"CHA","AL",300,9,0.03
"garcile02",2018,1,"CHA","AL",258,4,0.0155038759689922
"garcile02",2019,1,"CHA","AL",577,8,0.0138648180242634
"garcile02",2021,1,"CHA","AL",415,5,0.0120481927710843
"garcile02",2022,1,"CHA","AL",300,3,0.01
"garcilu04",2021,1,"WAS","NL",236,6,0.0254237288135593
"garcilu04",2022,1,"WAS","NL",360,7,0.0194444444444444
"garcilu04",2023,1,"WAS","NL",447,9,0.0201342281879195
"garcilu04",2024,1,"WAS","NL",500,18,0.036
"garcilu04",2025,1,"WAS","NL",488,16,0.0327868852459016
"garcima01",2023,1,"KCA","AL",464,4,0.00862068965517241
"garcima01",2024,1,"KCA","AL",575,7,0.0121739130434783
"garcima01",2025,1,"KCA","AL",595,16,0.026890756302521
"garcino01",1997,1,"BOS","AL",684,30,0.043859649122807
"garcino01",1998,1,"BOS","AL",604,35,0.0579470198675497
"garcino01",1999,1,"BOS","AL",532,27,0.0507518796992481
"garcino01",2000,1,"BOS","AL",529,21,0.0396975425330813
"garcino01",2002,1,"BOS","AL",635,24,0.0377952755905512
"garcino01",2003,1,"BOS","AL",658,28,0.0425531914893617
"garcino01",2005,1,"CHN","NL",230,9,0.0391304347826087
"garcino01",2006,1,"LAN","NL",469,20,0.0426439232409382
"garcino01",2007,1,"LAN","NL",431,7,0.0162412993039443
"garcipe01",1973,1,"ML4","AL",580,15,0.0258620689655172
"garcipe01",1974,1,"ML4","AL",452,12,0.0265486725663717
"garcipe01",1975,1,"ML4","AL",302,6,0.0198675496688742
"garcipe01",1976,2,"DET","AL",227,3,0.013215859030837
"gardero01",1982,1,"NYN","NL",384,3,0.0078125
"gardero01",1984,1,"NYN","NL",207,1,0.00483091787439614
"gardnbr01",2009,1,"NYA","AL",248,3,0.0120967741935484
"gardnbr01",2010,1,"NYA","AL",477,5,0.010482180293501
"gardnbr01",2011,1,"NYA","AL",510,7,0.0137254901960784
"gardnbr01",2013,1,"NYA","AL",539,8,0.0148423005565863
"gardnbr01",2014,1,"NYA","AL",555,17,0.0306306306306306
"gardnbr01",2015,1,"NYA","AL",571,16,0.0280210157618214
"gardnbr01",2016,1,"NYA","AL",547,7,0.0127970749542962
"gardnbr01",2017,1,"NYA","AL",594,21,0.0353535353535354
"gardnbr01",2018,1,"NYA","AL",530,12,0.0226415094339623
"gardnbr01",2019,1,"NYA","AL",491,28,0.0570264765784114
"gardnbr01",2021,1,"NYA","AL",387,10,0.0258397932816537
"gardnje01",1993,1,"SDN","NL",404,1,0.00247524752475248
"garkory01",2007,1,"CLE","AL",484,21,0.0433884297520661
"garkory01",2008,1,"CLE","AL",495,14,0.0282828282828283
"garkory01",2009,1,"CLE","AL",239,11,0.0460251046025105
"garneph01",1975,1,"OAK","AL",488,6,0.0122950819672131
"garneph01",1976,1,"OAK","AL",555,8,0.0144144144144144
"garneph01",1977,1,"PIT","NL",585,17,0.0290598290598291
"garneph01",1978,1,"PIT","NL",528,10,0.0189393939393939
"garneph01",1979,1,"PIT","NL",549,11,0.0200364298724954
"garneph01",1980,1,"PIT","NL",548,5,0.00912408759124088
"garneph01",1982,1,"HOU","NL",588,13,0.022108843537415
"garneph01",1983,1,"HOU","NL",567,14,0.0246913580246914
"garneph01",1984,1,"HOU","NL",374,4,0.0106951871657754
"garneph01",1985,1,"HOU","NL",463,6,0.0129589632829374
"garneph01",1986,1,"HOU","NL",313,9,0.0287539936102236
"garrest01",2023,1,"WAS","NL",234,9,0.0384615384615385
"garrewa01",1970,1,"NYN","NL",366,12,0.0327868852459016
"garrewa01",1971,1,"NYN","NL",202,1,0.00495049504950495
"garrewa01",1972,1,"NYN","NL",298,2,0.00671140939597315
"garrewa01",1973,1,"NYN","NL",504,16,0.0317460317460317
"garrewa01",1974,1,"NYN","NL",522,13,0.024904214559387
"garrewa01",1975,1,"NYN","NL",274,6,0.0218978102189781
"garrewa01",1976,1,"NYN","NL",251,4,0.0159362549800797
"garrigi01",1970,1,"ATL","NL",367,1,0.00272479564032698
"garrra01",1971,1,"ATL","NL",639,9,0.0140845070422535
"garrra01",1972,1,"ATL","NL",554,12,0.0216606498194946
"garrra01",1973,1,"ATL","NL",668,11,0.0164670658682635
"garrra01",1974,1,"ATL","NL",606,11,0.0181518151815182
"garrra01",1975,1,"ATL","NL",625,6,0.0096
"garrra01",1976,1,"CHA","AL",527,4,0.00759013282732448
"garrra01",1977,1,"CHA","AL",543,10,0.0184162062615101
"garrra01",1978,1,"CHA","AL",443,3,0.00677200902934537
"garrra01",1979,1,"CHA","AL",307,9,0.0293159609120521
"garvemi01",2018,1,"MIN","AL",302,7,0.0231788079470199
"garvemi01",2019,1,"MIN","AL",311,31,0.0996784565916399
"garvemi01",2021,1,"MIN","AL",207,13,0.0628019323671498
"garvemi01",2023,1,"TEX","AL",296,19,0.0641891891891892
"garvemi01",2024,1,"SEA","AL",367,15,0.0408719346049046
"garvemi01",2025,1,"SEA","AL",254,9,0.0354330708661417
"garvest01",1971,1,"LAN","NL",225,7,0.0311111111111111
"garvest01",1972,1,"LAN","NL",294,9,0.0306122448979592
"garvest01",1973,1,"LAN","NL",349,8,0.0229226361031519
"garvest01",1974,1,"LAN","NL",642,21,0.0327102803738318
"garvest01",1975,1,"LAN","NL",659,18,0.0273141122913505
"garvest01",1976,1,"LAN","NL",631,13,0.0206022187004754
"garvest01",1977,1,"LAN","NL",646,33,0.0510835913312694
"garvest01",1978,1,"LAN","NL",639,21,0.0328638497652582
"garvest01",1979,1,"LAN","NL",648,28,0.0432098765432099
"garvest01",1980,1,"LAN","NL",658,26,0.0395136778115502
"garvest01",1981,1,"LAN","NL",431,10,0.0232018561484919
"garvest01",1982,1,"LAN","NL",625,16,0.0256
"garvest01",1983,1,"SDN","NL",388,14,0.0360824742268041
"garvest01",1984,1,"SDN","NL",617,8,0.0129659643435981
"garvest01",1985,1,"SDN","NL",654,17,0.0259938837920489
"garvest01",1986,1,"SDN","NL",557,21,0.0377019748653501
"gastoci01",1970,1,"SDN","NL",584,29,0.0496575342465753
"gastoci01",1971,1,"SDN","NL",518,17,0.0328185328185328
"gastoci01",1972,1,"SDN","NL",379,7,0.0184696569920844
"gastoci01",1973,1,"SDN","NL",476,16,0.0336134453781513
"gastoci01",1974,1,"SDN","NL",267,6,0.0224719101123596
"gatesbr01",1993,1,"OAK","AL",535,7,0.0130841121495327
"gatesbr01",1994,1,"OAK","AL",233,2,0.00858369098712446
"gatesbr01",1995,1,"OAK","AL",524,5,0.00954198473282443
"gatesbr01",1996,1,"OAK","AL",247,2,0.00809716599190283
"gatesbr01",1998,1,"MIN","AL",333,3,0.00900900900900901
"gatesbr01",1999,1,"MIN","AL",306,3,0.00980392156862745
"gathrjo01",2006,2,"KCA","AL",229,1,0.00436681222707424
"gattiev01",2013,1,"ATL","NL",354,21,0.0593220338983051
"gattiev01",2014,1,"ATL","NL",369,22,0.0596205962059621
"gattiev01",2015,1,"HOU","AL",566,27,0.0477031802120141
"gattiev01",2016,1,"HOU","AL",447,32,0.0715883668903803
"gattiev01",2017,1,"HOU","AL",300,12,0.04
"gattiev01",2018,1,"HOU","AL",407,25,0.0614250614250614
"gedmari01",1981,1,"BOS","AL",205,5,0.024390243902439
"gedmari01",1982,1,"BOS","AL",289,4,0.013840830449827
"gedmari01",1983,1,"BOS","AL",204,2,0.00980392156862745
"gedmari01",1984,1,"BOS","AL",449,24,0.0534521158129176
"gedmari01",1985,1,"BOS","AL",498,18,0.036144578313253
"gedmari01",1986,1,"BOS","AL",462,16,0.0346320346320346
"gedmari01",1988,1,"BOS","AL",299,9,0.0301003344481605
"gedmari01",1989,1,"BOS","AL",260,4,0.0153846153846154
"gelofza01",2023,1,"OAK","AL",270,14,0.0518518518518519
"gelofza01",2024,1,"OAK","AL",497,17,0.03420523138833
"gennesc01",2013,1,"MIL","NL",213,6,0.028169014084507
"gennesc01",2014,1,"MIL","NL",440,9,0.0204545454545455
"gennesc01",2015,1,"MIL","NL",375,6,0.016
"gennesc01",2016,1,"MIL","NL",498,14,0.0281124497991968
"gennesc01",2017,1,"CIN","NL",461,27,0.0585683297180043
"gennesc01",2018,1,"CIN","NL",584,23,0.0393835616438356
"gentrcr01",2012,1,"TEX","AL",240,1,0.00416666666666667
"gentrcr01",2013,1,"TEX","AL",246,2,0.00813008130081301
"gerenbo01",1989,1,"NYA","AL",205,9,0.0439024390243902
"gerenbo01",1990,1,"NYA","AL",277,8,0.0288808664259928
"gerhake01",1987,1,"BAL","AL",284,14,0.0492957746478873
"gerhake01",1988,1,"BAL","AL",262,9,0.0343511450381679
"germaes01",2006,1,"KCA","AL",279,3,0.010752688172043
"germaes01",2007,1,"KCA","AL",348,4,0.0114942528735632
"geronce01",1972,1,"CIN","NL",255,4,0.0156862745098039
"geronce01",1973,1,"CIN","NL",324,4,0.0123456790123457
"geronce01",1974,1,"CIN","NL",474,7,0.0147679324894515
"geronce01",1975,1,"CIN","NL",501,6,0.0119760479041916
"geronce01",1976,1,"CIN","NL",486,2,0.00411522633744856
"geronce01",1977,1,"CIN","NL",492,10,0.0203252032520325
"geronce01",1978,1,"CIN","NL",296,5,0.0168918918918919
"geronce01",1979,1,"CIN","NL",356,4,0.0112359550561798
"gerutjo01",2003,1,"CLE","AL",480,22,0.0458333333333333
"gerutjo01",2004,1,"CLE","AL",481,11,0.0228690228690229
"gerutjo01",2008,1,"SDN","NL",328,14,0.0426829268292683
"getzch01",2009,1,"CHA","AL",375,2,0.00533333333333333
"getzch01",2013,1,"KCA","AL",209,1,0.00478468899521531
"giambja01",1996,1,"OAK","AL",536,20,0.0373134328358209
"giambja01",1997,1,"OAK","AL",519,20,0.0385356454720617
"giambja01",1998,1,"OAK","AL",562,27,0.0480427046263345
"giambja01",1999,1,"OAK","AL",575,33,0.0573913043478261
"giambja01",2000,1,"OAK","AL",510,43,0.0843137254901961
"giambja01",2001,1,"OAK","AL",520,38,0.0730769230769231
"giambja01",2002,1,"NYA","AL",560,41,0.0732142857142857
"giambja01",2003,1,"NYA","AL",535,41,0.0766355140186916
"giambja01",2004,1,"NYA","AL",264,12,0.0454545454545455
"giambja01",2005,1,"NYA","AL",417,32,0.0767386091127098
"giambja01",2006,1,"NYA","AL",446,37,0.0829596412556054
"giambja01",2007,1,"NYA","AL",254,14,0.0551181102362205
"giambja01",2008,1,"NYA","AL",458,32,0.0698689956331878
"giambja01",2009,1,"OAK","AL",269,11,0.0408921933085502
"giambje01",1999,1,"KCA","AL",288,3,0.0104166666666667
"giambje01",2000,1,"OAK","AL",260,10,0.0384615384615385
"giambje01",2001,1,"OAK","AL",371,12,0.032345013477089
"giavojo01",2015,1,"LAA","AL",453,4,0.00883002207505519
"giavojo01",2016,1,"LAA","AL",346,6,0.0173410404624277
"gibboja01",2001,1,"BAL","AL",225,15,0.0666666666666667
"gibboja01",2002,1,"BAL","AL",490,28,0.0571428571428571
"gibboja01",2003,1,"BAL","AL",625,23,0.0368
"gibboja01",2004,1,"BAL","AL",346,10,0.0289017341040462
"gibboja01",2005,1,"BAL","AL",488,26,0.0532786885245902
"gibboja01",2006,1,"BAL","AL",343,13,0.0379008746355685
"gibboja01",2007,1,"BAL","AL",270,6,0.0222222222222222
"gibbsja01",1971,1,"NYA","AL",206,5,0.0242718446601942
"gibsoki01",1981,1,"DET","AL",290,9,0.0310344827586207
"gibsoki01",1982,1,"DET","AL",266,8,0.0300751879699248
"gibsoki01",1983,1,"DET","AL",401,15,0.0374064837905237
"gibsoki01",1984,1,"DET","AL",531,27,0.0508474576271186
"gibsoki01",1985,1,"DET","AL",581,29,0.0499139414802065
"gibsoki01",1986,1,"DET","AL",441,28,0.0634920634920635
"gibsoki01",1987,1,"DET","AL",487,24,0.0492813141683778
"gibsoki01",1988,1,"LAN","NL",542,25,0.0461254612546125
"gibsoki01",1989,1,"LAN","NL",253,9,0.0355731225296443
"gibsoki01",1990,1,"LAN","NL",315,8,0.0253968253968254
"gibsoki01",1991,1,"KCA","AL",462,16,0.0346320346320346
"gibsoki01",1993,1,"DET","AL",403,13,0.032258064516129
"gibsoki01",1994,1,"DET","AL",330,23,0.0696969696969697
"gibsoki01",1995,1,"DET","AL",227,9,0.039647577092511
"gilbe01",1995,1,"TEX","AL",415,9,0.0216867469879518
"gilbe01",1997,1,"TEX","AL",317,5,0.0157728706624606
"gilbe01",2000,1,"ANA","AL",301,6,0.0199335548172757
"gilbe01",2001,1,"ANA","AL",260,8,0.0307692307692308
"gilbrro01",1975,1,"ATL","NL",202,2,0.0099009900990099
"gilbrro01",1976,1,"ATL","NL",383,1,0.00261096605744125
"gilbrro01",1977,1,"ATL","NL",407,8,0.0196560196560197
"gilbrro01",1978,1,"ATL","NL",326,3,0.00920245398773006
"gilesbr01",1983,1,"NYN","NL",400,2,0.005
"gilesbr02",1997,1,"CLE","AL",377,17,0.0450928381962865
"gilesbr02",1998,1,"CLE","AL",350,16,0.0457142857142857
"gilesbr02",1999,1,"PIT","NL",521,39,0.0748560460652591
"gilesbr02",2000,1,"PIT","NL",559,35,0.0626118067978533
"gilesbr02",2001,1,"PIT","NL",576,37,0.0642361111111111
"gilesbr02",2002,1,"PIT","NL",497,38,0.0764587525150905
"gilesbr02",2003,1,"PIT","NL",388,16,0.0412371134020619
"gilesbr02",2004,1,"SDN","NL",609,23,0.0377668308702791
"gilesbr02",2005,1,"SDN","NL",545,15,0.0275229357798165
"gilesbr02",2006,1,"SDN","NL",604,14,0.0231788079470199
"gilesbr02",2007,1,"SDN","NL",483,13,0.0269151138716356
"gilesbr02",2008,1,"SDN","NL",559,12,0.0214669051878354
"gilesbr02",2009,1,"SDN","NL",225,2,0.00888888888888889
"gilesma01",2001,1,"ATL","NL",244,9,0.0368852459016393
"gilesma01",2002,1,"ATL","NL",213,8,0.0375586854460094
"gilesma01",2003,1,"ATL","NL",551,21,0.0381125226860254
"gilesma01",2004,1,"ATL","NL",379,8,0.0211081794195251
"gilesma01",2005,1,"ATL","NL",577,15,0.0259965337954939
"gilesma01",2006,1,"ATL","NL",550,11,0.02
"gilesma01",2007,1,"SDN","NL",420,4,0.00952380952380952
"gilge01",2002,1,"BAL","AL",422,12,0.028436018957346
"gilkebe01",1991,1,"SLN","NL",268,5,0.0186567164179104
"gilkebe01",1992,1,"SLN","NL",384,7,0.0182291666666667
"gilkebe01",1993,1,"SLN","NL",557,16,0.0287253141831239
"gilkebe01",1994,1,"SLN","NL",380,6,0.0157894736842105
"gilkebe01",1995,1,"SLN","NL",480,17,0.0354166666666667
"gilkebe01",1996,1,"NYN","NL",571,30,0.0525394045534151
"gilkebe01",1997,1,"NYN","NL",518,18,0.0347490347490347
"gilkebe01",1998,1,"NYN","NL",264,4,0.0151515151515152
"gilkebe01",1999,1,"ARI","NL",204,8,0.0392156862745098
"gillaco01",2013,1,"CHA","AL",408,13,0.0318627450980392
"gillaco01",2014,1,"CHA","AL",464,7,0.0150862068965517
"gimenan01",2022,1,"CLE","AL",491,17,0.0346232179226069
"gimenan01",2023,1,"CLE","AL",557,15,0.0269299820466786
"gimenan01",2024,1,"CLE","AL",583,9,0.0154373927958834
"gimenan01",2025,1,"TOR","AL",329,7,0.0212765957446809
"ginteke01",2003,1,"MIL","NL",358,14,0.0391061452513966
"ginteke01",2004,1,"MIL","NL",386,19,0.0492227979274611
"girarjo01",1990,1,"CHN","NL",419,1,0.00238663484486874
"girarjo01",1992,1,"CHN","NL",270,1,0.0037037037037037
"girarjo01",1993,1,"COL","NL",310,3,0.00967741935483871
"girarjo01",1994,1,"COL","NL",330,4,0.0121212121212121
"girarjo01",1995,1,"COL","NL",462,8,0.0173160173160173
"girarjo01",1996,1,"NYA","AL",422,2,0.004739336492891
"girarjo01",1997,1,"NYA","AL",398,1,0.00251256281407035
"girarjo01",1998,1,"NYA","AL",254,3,0.0118110236220472
"girarjo01",1999,1,"NYA","AL",209,2,0.00956937799043062
"girarjo01",2000,1,"CHN","NL",363,6,0.0165289256198347
"girarjo01",2001,1,"CHN","NL",229,3,0.0131004366812227
"girarjo01",2002,1,"CHN","NL",234,1,0.00427350427350427
"gladdda01",1984,1,"SFN","NL",342,4,0.0116959064327485
"gladdda01",1985,1,"SFN","NL",502,7,0.0139442231075697
"gladdda01",1986,1,"SFN","NL",351,4,0.0113960113960114
"gladdda01",1987,1,"MIN","AL",438,8,0.0182648401826484
"gladdda01",1988,1,"MIN","AL",576,11,0.0190972222222222
"gladdda01",1989,1,"MIN","AL",461,8,0.017353579175705
"gladdda01",1990,1,"MIN","AL",534,5,0.00936329588014981
"gladdda01",1991,1,"MIN","AL",461,6,0.0130151843817787
"gladdda01",1992,1,"DET","AL",417,7,0.0167865707434053
"gladdda01",1993,1,"DET","AL",356,13,0.0365168539325843
"glanvdo01",1997,1,"CHN","NL",474,4,0.00843881856540084
"glanvdo01",1998,1,"PHI","NL",678,8,0.0117994100294985
"glanvdo01",1999,1,"PHI","NL",628,11,0.017515923566879
"glanvdo01",2000,1,"PHI","NL",637,8,0.0125588697017268
"glanvdo01",2001,1,"PHI","NL",634,14,0.0220820189274448
"glanvdo01",2002,1,"PHI","NL",422,6,0.014218009478673
"glaustr01",1999,1,"ANA","AL",551,29,0.0526315789473684
"glaustr01",2000,1,"ANA","AL",563,47,0.08348134991119
"glaustr01",2001,1,"ANA","AL",588,41,0.0697278911564626
"glaustr01",2002,1,"ANA","AL",569,30,0.0527240773286468
"glaustr01",2003,1,"ANA","AL",319,16,0.0501567398119122
"glaustr01",2004,1,"ANA","AL",207,18,0.0869565217391304
"glaustr01",2005,1,"ARI","NL",538,37,0.0687732342007435
"glaustr01",2006,1,"TOR","AL",540,38,0.0703703703703704
"glaustr01",2007,1,"TOR","AL",385,20,0.051948051948052
"glaustr01",2008,1,"SLN","NL",544,27,0.0496323529411765
"glaustr01",2010,1,"ATL","NL",412,16,0.0388349514563107
"gloadro01",2004,1,"CHA","AL",234,7,0.0299145299145299
"gloadro01",2007,1,"KCA","AL",320,7,0.021875
"gloadro01",2008,1,"KCA","AL",388,3,0.0077319587628866
"gloadro01",2009,1,"FLO","NL",230,6,0.0260869565217391
"goeddty01",2016,1,"PHI","NL",213,4,0.0187793427230047
"goinsry01",2015,1,"TOR","AL",376,5,0.0132978723404255
"goinsry01",2017,1,"TOR","AL",418,9,0.0215311004784689
"goldspa01",2012,1,"ARI","NL",514,20,0.0389105058365759
"goldspa01",2013,1,"ARI","NL",602,36,0.0598006644518272
"goldspa01",2014,1,"ARI","NL",406,19,0.0467980295566502
"goldspa01",2015,1,"ARI","NL",567,33,0.0582010582010582
"goldspa01",2016,1,"ARI","NL",579,24,0.0414507772020725
"goldspa01",2017,1,"ARI","NL",558,36,0.0645161290322581
"goldspa01",2018,1,"ARI","NL",593,33,0.0556492411467116
"goldspa01",2019,1,"SLN","NL",597,34,0.0569514237855946
"goldspa01",2021,1,"SLN","NL",603,31,0.0514096185737977
"goldspa01",2022,1,"SLN","NL",561,35,0.0623885918003565
"goldspa01",2023,1,"SLN","NL",593,25,0.0421585160202361
"goldspa01",2024,1,"SLN","NL",599,22,0.0367278797996661
"goldspa01",2025,1,"NYA","AL",489,10,0.0204498977505112
"gomesjo01",2005,1,"TBA","AL",348,21,0.0603448275862069
"gomesjo01",2006,1,"TBA","AL",385,20,0.051948051948052
"gomesjo01",2007,1,"TBA","AL",348,17,0.0488505747126437
"gomesjo01",2009,1,"CIN","NL",281,20,0.0711743772241993
"gomesjo01",2010,1,"CIN","NL",511,18,0.0352250489236791
"gomesjo01",2011,1,"CIN","NL",218,11,0.0504587155963303
"gomesjo01",2012,1,"OAK","AL",279,18,0.0645161290322581
"gomesjo01",2013,1,"BOS","AL",312,13,0.0416666666666667
"gomesjo01",2014,1,"BOS","AL",209,6,0.0287081339712919
"gomesya01",2013,1,"CLE","AL",293,11,0.037542662116041
"gomesya01",2014,1,"CLE","AL",485,21,0.043298969072165
"gomesya01",2015,1,"CLE","AL",363,12,0.0330578512396694
"gomesya01",2016,1,"CLE","AL",251,9,0.0358565737051793
"gomesya01",2017,1,"CLE","AL",341,14,0.0410557184750733
"gomesya01",2018,1,"CLE","AL",403,16,0.0397022332506203
"gomesya01",2019,1,"WAS","NL",314,12,0.0382165605095541
"gomesya01",2021,1,"WAS","NL",218,9,0.0412844036697248
"gomesya01",2022,1,"CHN","NL",277,8,0.0288808664259928
"gomesya01",2023,1,"CHN","NL",382,10,0.0261780104712042
"gomezca01",2008,1,"MIN","AL",577,7,0.0121317157712305
"gomezca01",2009,1,"MIN","AL",315,3,0.00952380952380952
"gomezca01",2010,1,"MIL","NL",291,5,0.0171821305841924
"gomezca01",2011,1,"MIL","NL",231,8,0.0346320346320346
"gomezca01",2012,1,"MIL","NL",415,19,0.0457831325301205
"gomezca01",2013,1,"MIL","NL",536,24,0.0447761194029851
"gomezca01",2014,1,"MIL","NL",574,23,0.0400696864111498
"gomezca01",2015,1,"MIL","NL",286,8,0.027972027972028
"gomezca01",2016,1,"HOU","AL",295,5,0.0169491525423729
"gomezca01",2017,1,"TEX","AL",368,17,0.046195652173913
"gomezca01",2018,1,"TBA","AL",360,9,0.025
"gomezch02",1994,1,"DET","AL",296,8,0.027027027027027
"gomezch02",1995,1,"DET","AL",431,11,0.0255220417633411
"gomezch02",1996,2,"SDN","NL",328,3,0.00914634146341463
"gomezch02",1997,1,"SDN","NL",522,5,0.00957854406130268
"gomezch02",1998,1,"SDN","NL",449,4,0.0089086859688196
"gomezch02",1999,1,"SDN","NL",234,1,0.00427350427350427
"gomezch02",2002,1,"TBA","AL",461,10,0.0216919739696312
"gomezch02",2004,1,"TOR","AL",341,3,0.00879765395894428
"gomezch02",2005,1,"BAL","AL",219,1,0.0045662100456621
"gomezle02",1991,1,"BAL","AL",391,16,0.040920716112532
"gomezle02",1992,1,"BAL","AL",468,17,0.0363247863247863
"gomezle02",1993,1,"BAL","AL",244,10,0.040983606557377
"gomezle02",1994,1,"BAL","AL",285,15,0.0526315789473684
"gomezle02",1996,1,"CHN","NL",362,17,0.0469613259668508
"gonzaad01",2006,1,"SDN","NL",570,24,0.0421052631578947
"gonzaad01",2007,1,"SDN","NL",646,30,0.0464396284829721
"gonzaad01",2008,1,"SDN","NL",616,36,0.0584415584415584
"gonzaad01",2009,1,"SDN","NL",552,40,0.072463768115942
"gonzaad01",2010,1,"SDN","NL",591,31,0.0524534686971235
"gonzaad01",2011,1,"BOS","AL",630,27,0.0428571428571429
"gonzaad01",2012,1,"BOS","AL",484,15,0.0309917355371901
"gonzaad01",2013,1,"LAN","NL",583,22,0.0377358490566038
"gonzaad01",2014,1,"LAN","NL",591,27,0.0456852791878173
"gonzaad01",2015,1,"LAN","NL",571,28,0.0490367775831874
"gonzaad01",2016,1,"LAN","NL",568,18,0.0316901408450704
"gonzaad01",2017,1,"LAN","NL",231,3,0.012987012987013
"gonzaal01",1995,1,"TOR","AL",367,10,0.0272479564032698
"gonzaal01",1996,1,"TOR","AL",527,14,0.0265654648956357
"gonzaal01",1997,1,"TOR","AL",426,12,0.028169014084507
"gonzaal01",1998,1,"TOR","AL",568,13,0.022887323943662
"gonzaal01",2000,1,"TOR","AL",527,15,0.0284629981024668
"gonzaal01",2001,1,"TOR","AL",636,17,0.0267295597484277
"gonzaal01",2002,1,"CHN","NL",513,18,0.0350877192982456
"gonzaal01",2003,1,"CHN","NL",536,20,0.0373134328358209
"gonzaal01",2005,1,"TBA","AL",349,9,0.0257879656160458
"gonzaal02",1999,1,"FLO","NL",560,14,0.025
"gonzaal02",2000,1,"FLO","NL",385,7,0.0181818181818182
"gonzaal02",2001,1,"FLO","NL",515,9,0.0174757281553398
"gonzaal02",2003,1,"FLO","NL",528,18,0.0340909090909091
"gonzaal02",2004,1,"FLO","NL",561,23,0.0409982174688057
"gonzaal02",2005,1,"FLO","NL",435,5,0.0114942528735632
"gonzaal02",2006,1,"BOS","AL",388,9,0.0231958762886598
"gonzaal02",2007,1,"CIN","NL",393,16,0.0407124681933842
"gonzaal02",2009,1,"CIN","NL",243,3,0.0123456790123457
"gonzaal02",2010,1,"TOR","AL",328,17,0.0518292682926829
"gonzaal02",2010,2,"ATL","NL",267,6,0.0224719101123596
"gonzaal02",2011,1,"ATL","NL",564,15,0.0265957446808511
"gonzaal03",2009,1,"WAS","NL",291,1,0.00343642611683849
"gonzaal03",2011,1,"SDN","NL",247,1,0.00404858299595142
"gonzaca01",2008,1,"OAK","AL",302,4,0.0132450331125828
"gonzaca01",2009,1,"COL","NL",278,13,0.0467625899280575
"gonzaca01",2010,1,"COL","NL",587,34,0.0579216354344123
"gonzaca01",2011,1,"COL","NL",481,26,0.0540540540540541
"gonzaca01",2012,1,"COL","NL",518,22,0.0424710424710425
"gonzaca01",2013,1,"COL","NL",391,26,0.0664961636828645
"gonzaca01",2014,1,"COL","NL",260,11,0.0423076923076923
"gonzaca01",2015,1,"COL","NL",554,40,0.072202166064982
"gonzaca01",2016,1,"COL","NL",584,25,0.0428082191780822
"gonzaca01",2017,1,"COL","NL",470,14,0.0297872340425532
"gonzaca01",2018,1,"COL","NL",463,16,0.0345572354211663
"gonzaed02",2008,1,"SDN","NL",325,7,0.0215384615384615
"gonzaer01",2021,1,"PIT","NL",220,2,0.00909090909090909
"gonzafe01",1978,2,"SDN","NL",320,2,0.00625
"gonzafe01",1979,1,"SDN","NL",323,9,0.0278637770897833
"gonzajo02",1989,1,"LAN","NL",261,3,0.0114942528735632
"gonzaju02",1977,1,"HOU","NL",383,1,0.00261096605744125
"gonzaju02",1978,1,"HOU","NL",223,1,0.00448430493273543
"gonzaju03",1991,1,"TEX","AL",545,27,0.0495412844036697
"gonzaju03",1992,1,"TEX","AL",584,43,0.0736301369863014
"gonzaju03",1993,1,"TEX","AL",536,46,0.0858208955223881
"gonzaju03",1994,1,"TEX","AL",422,19,0.0450236966824645
"gonzaju03",1995,1,"TEX","AL",352,27,0.0767045454545455
"gonzaju03",1996,1,"TEX","AL",541,47,0.0868761552680222
"gonzaju03",1997,1,"TEX","AL",533,42,0.0787992495309568
"gonzaju03",1998,1,"TEX","AL",606,45,0.0742574257425743
"gonzaju03",1999,1,"TEX","AL",562,39,0.0693950177935943
"gonzaju03",2000,1,"DET","AL",461,22,0.0477223427331887
"gonzaju03",2001,1,"CLE","AL",532,35,0.0657894736842105
"gonzaju03",2002,1,"TEX","AL",277,8,0.0288808664259928
"gonzaju03",2003,1,"TEX","AL",327,24,0.073394495412844
"gonzalu01",1991,1,"HOU","NL",473,13,0.0274841437632135
"gonzalu01",1992,1,"HOU","NL",387,10,0.0258397932816537
"gonzalu01",1993,1,"HOU","NL",540,15,0.0277777777777778
"gonzalu01",1994,1,"HOU","NL",392,8,0.0204081632653061
"gonzalu01",1995,1,"HOU","NL",209,6,0.0287081339712919
"gonzalu01",1995,2,"CHN","NL",262,7,0.0267175572519084
"gonzalu01",1996,1,"CHN","NL",483,15,0.031055900621118
"gonzalu01",1997,1,"HOU","NL",550,10,0.0181818181818182
"gonzalu01",1998,1,"DET","AL",547,23,0.0420475319926874
"gonzalu01",1999,1,"ARI","NL",614,26,0.0423452768729642
"gonzalu01",2000,1,"ARI","NL",618,31,0.0501618122977346
"gonzalu01",2001,1,"ARI","NL",609,57,0.0935960591133005
"gonzalu01",2002,1,"ARI","NL",524,28,0.0534351145038168
"gonzalu01",2003,1,"ARI","NL",579,26,0.0449050086355786
"gonzalu01",2004,1,"ARI","NL",379,17,0.0448548812664908
"gonzalu01",2005,1,"ARI","NL",579,24,0.0414507772020725
"gonzalu01",2006,1,"ARI","NL",586,15,0.0255972696245734
"gonzalu01",2007,1,"LAN","NL",464,15,0.0323275862068966
"gonzalu01",2008,1,"FLO","NL",341,8,0.0234604105571848
"gonzalu02",2004,1,"COL","NL",322,12,0.0372670807453416
"gonzalu02",2005,1,"COL","NL",404,9,0.0222772277227723
"gonzalu03",2022,1,"SFN","NL",311,4,0.0128617363344051
"gonzama01",2012,1,"HOU","NL",205,2,0.00975609756097561
"gonzama01",2013,1,"HOU","AL",204,4,0.0196078431372549
"gonzama01",2014,1,"HOU","AL",285,6,0.0210526315789474
"gonzama01",2015,1,"HOU","AL",344,12,0.0348837209302326
"gonzama01",2016,1,"HOU","AL",484,13,0.0268595041322314
"gonzama01",2017,1,"HOU","AL",455,23,0.0505494505494505
"gonzama01",2018,1,"HOU","AL",489,16,0.032719836400818
"gonzama01",2019,1,"MIN","AL",425,15,0.0352941176470588
"gonzama01",2021,1,"BOS","AL",242,2,0.00826446280991736
"gonzani01",2024,1,"PIT","NL",359,7,0.0194986072423398
"gonzani01",2025,1,"PIT","NL",381,5,0.0131233595800525
"gonzaos01",2022,1,"CLE","AL",362,11,0.0303867403314917
"gonzara01",2003,1,"NYN","NL",217,2,0.00921658986175115
"gonzare01",1988,1,"BAL","AL",237,2,0.00843881856540084
"gonzare01",1992,1,"CAL","AL",329,7,0.0212765957446809
"gonzare01",1993,1,"CAL","AL",335,2,0.00597014925373134
"gonzaro01",2025,1,"BOS","AL",315,9,0.0285714285714286
"gonzato01",1970,1,"ATL","NL",430,7,0.0162790697674419
"gonzato01",1971,1,"CAL","AL",314,3,0.00955414012738853
"gonzawi01",2000,1,"SDN","NL",284,5,0.0176056338028169
"goodmhu01",2024,1,"COL","NL",211,13,0.0616113744075829
"goodmhu01",2025,1,"COL","NL",540,31,0.0574074074074074
"goodrni01",2018,1,"DET","AL",444,16,0.036036036036036
"goodrni01",2019,1,"DET","AL",423,12,0.0283687943262411
"goodrni01",2021,1,"DET","AL",290,9,0.0310344827586207
"goodsed01",1973,1,"SFN","NL",384,12,0.03125
"goodsed01",1974,1,"SFN","NL",298,6,0.0201342281879195
"goodwbr01",2017,1,"WAS","NL",251,13,0.051792828685259
"goodwbr01",2019,1,"LAA","AL",413,17,0.0411622276029056
"goodwbr01",2021,1,"CHA","AL",235,8,0.0340425531914894
"goodwcu01",1995,1,"BAL","AL",289,1,0.00346020761245675
"goodwcu01",1997,1,"CIN","NL",265,1,0.00377358490566038
"goodwto01",1995,1,"KCA","AL",480,4,0.00833333333333333
"goodwto01",1996,1,"KCA","AL",524,1,0.00190839694656489
"goodwto01",1997,1,"KCA","AL",367,2,0.00544959128065395
"goodwto01",1998,1,"TEX","AL",520,2,0.00384615384615385
"goodwto01",1999,1,"TEX","AL",405,3,0.00740740740740741
"goodwto01",2000,1,"COL","NL",317,5,0.0157728706624606
"goodwto01",2000,2,"LAN","NL",211,1,0.004739336492891
"goodwto01",2001,1,"LAN","NL",286,4,0.013986013986014
"gordoal01",2007,1,"KCA","AL",543,15,0.0276243093922652
"gordoal01",2008,1,"KCA","AL",493,16,0.0324543610547667
"gordoal01",2010,1,"KCA","AL",242,8,0.0330578512396694
"gordoal01",2011,1,"KCA","AL",611,23,0.0376432078559738
"gordoal01",2012,1,"KCA","AL",642,14,0.0218068535825545
"gordoal01",2013,1,"KCA","AL",633,20,0.0315955766192733
"gordoal01",2014,1,"KCA","AL",563,19,0.0337477797513321
"gordoal01",2015,1,"KCA","AL",354,13,0.0367231638418079
"gordoal01",2016,1,"KCA","AL",445,17,0.0382022471910112
"gordoal01",2017,1,"KCA","AL",476,9,0.0189075630252101
"gordoal01",2018,1,"KCA","AL",506,13,0.0256916996047431
"gordoal01",2019,1,"KCA","AL",556,13,0.0233812949640288
"gordode01",2012,1,"LAN","NL",303,1,0.0033003300330033
"gordode01",2014,1,"LAN","NL",609,2,0.00328407224958949
"gordode01",2015,1,"MIA","NL",615,4,0.00650406504065041
"gordode01",2016,1,"MIA","NL",325,1,0.00307692307692308
"gordode01",2017,1,"MIA","NL",653,2,0.00306278713629403
"gordode01",2018,1,"SEA","AL",556,4,0.00719424460431655
"gordode01",2019,1,"SEA","AL",393,3,0.00763358778625954
"gordoni01",2021,1,"MIN","AL",200,4,0.02
"gordoni01",2022,1,"MIN","AL",405,9,0.0222222222222222
"gordoni01",2024,1,"MIA","NL",260,8,0.0307692307692308
"gormano01",2022,1,"SLN","NL",283,14,0.049469964664311
"gormano01",2023,1,"SLN","NL",406,27,0.0665024630541872
"gormano01",2024,1,"SLN","NL",365,19,0.0520547945205479
"gormano01",2025,1,"SLN","NL",351,14,0.0398860398860399
"gosean01",2014,1,"TOR","AL",239,2,0.00836820083682008
"gosean01",2015,1,"DET","AL",485,5,0.0103092783505155
"gosgeji01",1970,1,"MON","NL",274,5,0.0182481751824818
"gosseph01",2016,1,"ARI","NL",220,2,0.00909090909090909
"gosseph01",2021,1,"LAA","AL",345,7,0.0202898550724638
"gotayru01",2005,1,"KCA","AL",282,5,0.0177304964539007
"gourryu01",2017,1,"HOU","AL",529,18,0.0340264650283554
"gourryu01",2018,1,"HOU","AL",537,13,0.0242085661080074
"gourryu01",2019,1,"HOU","AL",564,31,0.0549645390070922
"gourryu01",2020,1,"HOU","AL",211,6,0.028436018957346
"gourryu01",2021,1,"HOU","AL",530,15,0.0283018867924528
"gourryu01",2022,1,"HOU","AL",545,8,0.0146788990825688
"gourryu01",2023,1,"MIA","NL",298,4,0.0134228187919463
"grababi01",1970,1,"LAN","NL",529,17,0.0321361058601134
"gracema01",1988,1,"CHN","NL",486,7,0.01440329218107
"gracema01",1989,1,"CHN","NL",510,13,0.0254901960784314
"gracema01",1990,1,"CHN","NL",589,9,0.0152801358234295
"gracema01",1991,1,"CHN","NL",619,8,0.012924071082391
"gracema01",1992,1,"CHN","NL",603,9,0.0149253731343284
"gracema01",1993,1,"CHN","NL",594,14,0.0235690235690236
"gracema01",1994,1,"CHN","NL",403,6,0.0148883374689826
"gracema01",1995,1,"CHN","NL",552,16,0.0289855072463768
"gracema01",1996,1,"CHN","NL",547,9,0.0164533820840951
"gracema01",1997,1,"CHN","NL",555,13,0.0234234234234234
"gracema01",1998,1,"CHN","NL",595,17,0.0285714285714286
"gracema01",1999,1,"CHN","NL",593,16,0.0269814502529511
"gracema01",2000,1,"CHN","NL",510,11,0.0215686274509804
"gracema01",2001,1,"ARI","NL",476,15,0.0315126050420168
"gracema01",2002,1,"ARI","NL",298,7,0.023489932885906
"graffto01",1998,1,"ATL","NL",289,5,0.0173010380622837
"graffto01",2002,1,"CHA","AL",229,6,0.0262008733624454
"graffto01",2003,1,"CHA","AL",250,7,0.028
"graffto01",2004,1,"KCA","AL",278,3,0.0107913669064748
"graffto01",2006,1,"KCA","AL",220,5,0.0227272727272727
"graffto01",2006,2,"MIL","NL",236,2,0.00847457627118644
"graffto01",2007,1,"MIL","NL",231,9,0.038961038961039
"grahada01",1980,1,"BAL","AL",266,15,0.056390977443609
"grandcu01",2006,1,"DET","AL",596,19,0.0318791946308725
"grandcu01",2007,1,"DET","AL",612,23,0.0375816993464052
"grandcu01",2008,1,"DET","AL",553,22,0.0397830018083183
"grandcu01",2009,1,"DET","AL",631,30,0.0475435816164818
"grandcu01",2010,1,"NYA","AL",466,24,0.0515021459227468
"grandcu01",2011,1,"NYA","AL",583,41,0.0703259005145798
"grandcu01",2012,1,"NYA","AL",596,43,0.0721476510067114
"grandcu01",2013,1,"NYA","AL",214,7,0.0327102803738318
"grandcu01",2014,1,"NYN","NL",564,20,0.0354609929078014
"grandcu01",2015,1,"NYN","NL",580,26,0.0448275862068965
"grandcu01",2016,1,"NYN","NL",545,30,0.055045871559633
"grandcu01",2017,1,"NYN","NL",337,19,0.056379821958457
"grandcu01",2018,1,"TOR","AL",302,11,0.0364238410596026
"grandcu01",2019,1,"MIA","NL",317,12,0.0378548895899054
"grandya01",2014,1,"SDN","NL",377,15,0.0397877984084881
"grandya01",2015,1,"LAN","NL",355,16,0.0450704225352113
"grandya01",2016,1,"LAN","NL",390,27,0.0692307692307692
"grandya01",2017,1,"LAN","NL",438,22,0.0502283105022831
"grandya01",2018,1,"LAN","NL",440,24,0.0545454545454545
"grandya01",2019,1,"MIL","NL",513,28,0.0545808966861598
"grandya01",2021,1,"CHA","AL",279,23,0.0824372759856631
"grandya01",2022,1,"CHA","AL",327,5,0.0152905198776758
"grandya01",2023,1,"CHA","AL",363,8,0.0220385674931129
"grandya01",2024,1,"PIT","NL",215,9,0.0418604651162791
"grayga01",1981,1,"SEA","AL",208,13,0.0625
"grayga01",1982,1,"SEA","AL",269,7,0.0260223048327138
"grebecr01",1991,1,"CHA","AL",224,6,0.0267857142857143
"grebecr01",1992,1,"CHA","AL",287,3,0.0104529616724739
"grebecr01",1998,1,"TOR","AL",301,2,0.00664451827242525
"grebecr01",2000,1,"TOR","AL",241,3,0.012448132780083
"greenda03",1983,1,"SLN","NL",422,8,0.018957345971564
"greenda03",1984,1,"SLN","NL",452,15,0.0331858407079646
"greenda03",1985,1,"SFN","NL",294,5,0.0170068027210884
"greendi01",1970,1,"OAK","AL",384,4,0.0104166666666667
"greendi01",1971,1,"OAK","AL",475,12,0.0252631578947368
"greendi01",1973,1,"OAK","AL",332,3,0.00903614457831325
"greendi01",1974,1,"OAK","AL",287,2,0.00696864111498258
"greenkh01",2004,1,"SDN","NL",484,15,0.0309917355371901
"greenkh01",2005,1,"SDN","NL",436,15,0.0344036697247706
"greenkh01",2006,1,"SDN","NL",412,15,0.0364077669902913
"greenkh01",2007,1,"SDN","NL",611,27,0.044189852700491
"greenkh01",2008,1,"SDN","NL",389,10,0.025706940874036
"greenmi01",1987,1,"BOS","AL",412,19,0.0461165048543689
"greenmi01",1988,1,"BOS","AL",590,22,0.0372881355932203
"greenmi01",1989,1,"BOS","AL",578,14,0.0242214532871972
"greenmi01",1990,1,"BOS","AL",610,14,0.0229508196721311
"greenmi01",1991,1,"BOS","AL",544,9,0.0165441176470588
"greenmi01",1993,1,"BOS","AL",540,13,0.0240740740740741
"greenmi01",1994,1,"BOS","AL",327,11,0.0336391437308868
"greenmi01",1995,1,"BOS","AL",481,15,0.0311850311850312
"greenmi01",1996,1,"BOS","AL",295,7,0.023728813559322
"greenni01",2004,1,"ATL","NL",264,3,0.0113636363636364
"greenni01",2005,1,"TBA","AL",318,5,0.0157232704402516
"greenni01",2009,1,"BOS","AL",276,6,0.0217391304347826
"greenri02",2022,1,"DET","AL",376,5,0.0132978723404255
"greenri02",2023,1,"DET","AL",378,11,0.0291005291005291
"greenri02",2024,1,"DET","AL",512,24,0.046875
"greenri02",2025,1,"DET","AL",600,36,0.06
"greensh01",1995,1,"TOR","AL",379,15,0.0395778364116095
"greensh01",1996,1,"TOR","AL",422,11,0.0260663507109005
"greensh01",1997,1,"TOR","AL",429,16,0.0372960372960373
"greensh01",1998,1,"TOR","AL",630,35,0.0555555555555556
"greensh01",1999,1,"TOR","AL",614,42,0.0684039087947883
"greensh01",2000,1,"LAN","NL",610,24,0.039344262295082
"greensh01",2001,1,"LAN","NL",619,49,0.0791599353796446
"greensh01",2002,1,"LAN","NL",582,42,0.0721649484536082
"greensh01",2003,1,"LAN","NL",611,19,0.0310965630114566
"greensh01",2004,1,"LAN","NL",590,28,0.0474576271186441
"greensh01",2005,1,"ARI","NL",581,22,0.0378657487091222
"greensh01",2006,1,"ARI","NL",417,11,0.026378896882494
"greensh01",2007,1,"NYN","NL",446,10,0.0224215246636771
"greento02",1999,1,"ANA","AL",321,14,0.043613707165109
"greento02",2003,1,"TEX","AL",205,10,0.048780487804878
"greenwi01",1996,1,"CIN","NL",287,19,0.0662020905923345
"greenwi01",1997,1,"CIN","NL",495,26,0.0525252525252525
"greenwi01",1998,1,"CIN","NL",356,14,0.0393258426966292
"greenwi01",1999,1,"TOR","AL",226,12,0.0530973451327434
"greenwi01",2000,1,"CHN","NL",299,10,0.0334448160535117
"greerru01",1994,1,"TEX","AL",277,10,0.036101083032491
"greerru01",1995,1,"TEX","AL",417,13,0.0311750599520384
"greerru01",1996,1,"TEX","AL",542,18,0.033210332103321
"greerru01",1997,1,"TEX","AL",601,26,0.043261231281198
"greerru01",1998,1,"TEX","AL",598,16,0.0267558528428094
"greerru01",1999,1,"TEX","AL",556,20,0.0359712230215827
"greerru01",2000,1,"TEX","AL",394,8,0.0203045685279188
"greerru01",2001,1,"TEX","AL",245,7,0.0285714285714286
"greggto01",1989,1,"ATL","NL",276,6,0.0217391304347826
"greggto01",1990,1,"ATL","NL",239,5,0.0209205020920502
"gregodi01",2013,1,"ARI","NL",357,7,0.0196078431372549
"gregodi01",2014,1,"ARI","NL",270,6,0.0222222222222222
"gregodi01",2015,1,"NYA","AL",525,9,0.0171428571428571
"gregodi01",2016,1,"NYA","AL",562,20,0.0355871886120996
"gregodi01",2017,1,"NYA","AL",534,25,0.0468164794007491
"gregodi01",2018,1,"NYA","AL",504,27,0.0535714285714286
"gregodi01",2019,1,"NYA","AL",324,16,0.0493827160493827
"gregodi01",2020,1,"PHI","NL",215,10,0.0465116279069767
"gregodi01",2021,1,"PHI","NL",368,13,0.0353260869565217
"gregodi01",2022,1,"PHI","NL",214,1,0.00467289719626168
"greingr01",2019,1,"DET","AL",208,5,0.0240384615384615
"grichbo01",1972,1,"BAL","AL",460,12,0.0260869565217391
"grichbo01",1973,1,"BAL","AL",581,12,0.0206540447504303
"grichbo01",1974,1,"BAL","AL",582,19,0.0326460481099656
"grichbo01",1975,1,"BAL","AL",524,13,0.0248091603053435
"grichbo01",1976,1,"BAL","AL",518,13,0.0250965250965251
"grichbo01",1978,1,"CAL","AL",487,6,0.0123203285420945
"grichbo01",1979,1,"CAL","AL",534,30,0.0561797752808989
"grichbo01",1980,1,"CAL","AL",498,14,0.0281124497991968
"grichbo01",1981,1,"CAL","AL",352,22,0.0625
"grichbo01",1982,1,"CAL","AL",506,19,0.0375494071146245
"grichbo01",1983,1,"CAL","AL",387,16,0.041343669250646
"grichbo01",1984,1,"CAL","AL",363,18,0.0495867768595041
"grichbo01",1985,1,"CAL","AL",479,13,0.0271398747390397
"grichbo01",1986,1,"CAL","AL",313,9,0.0287539936102236
"grichra01",2015,1,"SLN","NL",323,17,0.0526315789473684
"grichra01",2016,1,"SLN","NL",446,24,0.0538116591928251
"grichra01",2017,1,"SLN","NL",412,22,0.0533980582524272
"grichra01",2018,1,"TOR","AL",424,25,0.0589622641509434
"grichra01",2019,1,"TOR","AL",586,31,0.052901023890785
"grichra01",2020,1,"TOR","AL",216,12,0.0555555555555556
"grichra01",2021,1,"TOR","AL",511,22,0.0430528375733855
"grichra01",2022,1,"COL","NL",506,19,0.0375494071146245
"grichra01",2023,1,"COL","NL",240,8,0.0333333333333333
"grichra01",2024,1,"ARI","NL",254,12,0.047244094488189
"grievbe01",1998,1,"OAK","AL",583,18,0.0308747855917667
"grievbe01",1999,1,"OAK","AL",486,28,0.0576131687242798
"grievbe01",2000,1,"OAK","AL",594,27,0.0454545454545455
"grievbe01",2001,1,"TBA","AL",542,11,0.0202952029520295
"grievbe01",2002,1,"TBA","AL",482,19,0.0394190871369295
"grievbe01",2004,1,"MIL","NL",234,7,0.0299145299145299
"grievto01",1974,1,"TEX","AL",259,9,0.0347490347490347
"grievto01",1975,1,"TEX","AL",369,14,0.037940379403794
"grievto01",1976,1,"TEX","AL",546,20,0.0366300366300366
"grievto01",1977,1,"TEX","AL",236,7,0.0296610169491525
"griffal01",1979,1,"TOR","AL",624,2,0.0032051282051282
"griffal01",1980,1,"TOR","AL",653,2,0.00306278713629403
"griffal01",1982,1,"TOR","AL",539,1,0.00185528756957328
"griffal01",1983,1,"TOR","AL",528,4,0.00757575757575758
"griffal01",1984,1,"TOR","AL",419,4,0.00954653937947494
"griffal01",1985,1,"OAK","AL",614,2,0.00325732899022801
"griffal01",1986,1,"OAK","AL",594,4,0.00673400673400673
"griffal01",1987,1,"OAK","AL",494,3,0.00607287449392713
"griffal01",1988,1,"LAN","NL",316,1,0.00316455696202532
"griffal01",1990,1,"LAN","NL",461,1,0.00216919739696312
"griffdo01",1971,1,"BOS","AL",483,3,0.0062111801242236
"griffdo01",1972,1,"BOS","AL",470,2,0.00425531914893617
"griffdo01",1973,1,"BOS","AL",396,1,0.00252525252525253
"griffdo01",1975,1,"BOS","AL",287,1,0.00348432055749129
"griffke01",1974,1,"CIN","NL",227,2,0.00881057268722467
"griffke01",1975,1,"CIN","NL",463,4,0.00863930885529158
"griffke01",1976,1,"CIN","NL",562,6,0.0106761565836299
"griffke01",1977,1,"CIN","NL",585,12,0.0205128205128205
"griffke01",1978,1,"CIN","NL",614,10,0.0162866449511401
"griffke01",1979,1,"CIN","NL",380,8,0.0210526315789474
"griffke01",1980,1,"CIN","NL",544,13,0.0238970588235294
"griffke01",1981,1,"CIN","NL",396,2,0.00505050505050505
"griffke01",1982,1,"NYA","AL",484,12,0.0247933884297521
"griffke01",1983,1,"NYA","AL",458,11,0.0240174672489083
"griffke01",1984,1,"NYA","AL",399,7,0.0175438596491228
"griffke01",1985,1,"NYA","AL",438,10,0.0228310502283105
"griffke01",1986,2,"ATL","NL",292,12,0.0410958904109589
"griffke01",1987,1,"ATL","NL",399,14,0.0350877192982456
"griffke01",1989,1,"CIN","NL",236,8,0.0338983050847458
"griffke02",1989,1,"SEA","AL",455,16,0.0351648351648352
"griffke02",1990,1,"SEA","AL",597,22,0.0368509212730318
"griffke02",1991,1,"SEA","AL",548,22,0.0401459854014599
"griffke02",1992,1,"SEA","AL",565,27,0.047787610619469
"griffke02",1993,1,"SEA","AL",582,45,0.077319587628866
"griffke02",1994,1,"SEA","AL",433,40,0.092378752886836
"griffke02",1995,1,"SEA","AL",260,17,0.0653846153846154
"griffke02",1996,1,"SEA","AL",545,49,0.089908256880734
"griffke02",1997,1,"SEA","AL",608,56,0.0921052631578947
"griffke02",1998,1,"SEA","AL",633,56,0.0884676145339652
"griffke02",1999,1,"SEA","AL",606,48,0.0792079207920792
"griffke02",2000,1,"CIN","NL",520,40,0.0769230769230769
"griffke02",2001,1,"CIN","NL",364,22,0.0604395604395604
"griffke02",2004,1,"CIN","NL",300,20,0.0666666666666667
"griffke02",2005,1,"CIN","NL",491,35,0.0712830957230143
"griffke02",2006,1,"CIN","NL",428,27,0.0630841121495327
"griffke02",2007,1,"CIN","NL",528,30,0.0568181818181818
"griffke02",2008,1,"CIN","NL",359,15,0.0417827298050139
"griffke02",2009,1,"SEA","AL",387,19,0.0490956072351421
"grishtr01",2020,1,"SDN","NL",215,10,0.0465116279069767
"grishtr01",2021,1,"SDN","NL",462,15,0.0324675324675325
"grishtr01",2022,1,"SDN","NL",451,17,0.0376940133037694
"grishtr01",2023,1,"SDN","NL",469,13,0.0277185501066098
"grishtr01",2025,1,"NYA","AL",494,34,0.0688259109311741
"grissma02",1990,1,"MON","NL",288,3,0.0104166666666667
"grissma02",1991,1,"MON","NL",558,6,0.010752688172043
"grissma02",1992,1,"MON","NL",653,14,0.0214395099540582
"grissma02",1993,1,"MON","NL",630,19,0.0301587301587302
"grissma02",1994,1,"MON","NL",475,11,0.0231578947368421
"grissma02",1995,1,"ATL","NL",551,12,0.0217785843920145
"grissma02",1996,1,"ATL","NL",671,23,0.0342771982116244
"grissma02",1997,1,"CLE","AL",558,12,0.021505376344086
"grissma02",1998,1,"MIL","NL",542,10,0.018450184501845
"grissma02",1999,1,"MIL","NL",603,20,0.033167495854063
"grissma02",2000,1,"MIL","NL",595,14,0.0235294117647059
"grissma02",2001,1,"LAN","NL",448,21,0.046875
"grissma02",2002,1,"LAN","NL",343,17,0.0495626822157434
"grissma02",2003,1,"SFN","NL",587,20,0.0340715502555366
"grissma02",2004,1,"SFN","NL",562,22,0.0391459074733096
"grossga01",2006,1,"MIL","NL",208,9,0.0432692307692308
"grossga01",2008,2,"TBA","AL",302,13,0.043046357615894
"grossga01",2009,1,"TBA","AL",282,6,0.0212765957446809
"grossga01",2010,1,"OAK","AL",222,1,0.0045045045045045
"grossgr01",1977,1,"CHN","NL",239,5,0.0209205020920502
"grossgr01",1978,1,"CHN","NL",347,1,0.00288184438040346
"grossro01",2013,1,"HOU","AL",257,4,0.0155642023346303
"grossro01",2014,1,"HOU","AL",360,6,0.0166666666666667
"grossro01",2016,1,"MIN","AL",332,11,0.0331325301204819
"grossro01",2017,1,"MIN","AL",382,9,0.0235602094240838
"grossro01",2018,1,"MIN","AL",396,5,0.0126262626262626
"grossro01",2019,1,"OAK","AL",420,6,0.0142857142857143
"grossro01",2021,1,"DET","AL",557,23,0.0412926391382406
"grossro01",2022,1,"DET","AL",273,2,0.00732600732600733
"grossro01",2023,1,"TEX","AL",353,10,0.028328611898017
"grosswa01",1977,1,"OAK","AL",485,22,0.045360824742268
"grosswa01",1978,1,"OAK","AL",285,7,0.0245614035087719
"grosswa01",1979,1,"OAK","AL",442,14,0.0316742081447964
"grosswa01",1980,1,"OAK","AL",366,14,0.0382513661202186
"grosswa01",1981,1,"OAK","AL",243,10,0.0411522633744856
"grosswa01",1982,1,"OAK","AL",386,9,0.0233160621761658
"grosswa01",1983,1,"OAK","AL",339,12,0.0353982300884956
"grosswa01",1984,1,"BAL","AL",342,22,0.064327485380117
"grosswa01",1985,1,"BAL","AL",217,11,0.0506912442396313
"groteje01",1970,1,"NYN","NL",415,2,0.00481927710843373
"groteje01",1971,1,"NYN","NL",403,2,0.00496277915632754
"groteje01",1972,1,"NYN","NL",205,3,0.0146341463414634
"groteje01",1973,1,"NYN","NL",285,1,0.00350877192982456
"groteje01",1974,1,"NYN","NL",319,5,0.0156739811912226
"groteje01",1975,1,"NYN","NL",386,2,0.00518134715025907
"groteje01",1976,1,"NYN","NL",323,4,0.0123839009287926
"grubbjo01",1973,1,"SDN","NL",389,8,0.0205655526992288
"grubbjo01",1974,1,"SDN","NL",444,8,0.018018018018018
"grubbjo01",1975,1,"SDN","NL",553,4,0.00723327305605787
"grubbjo01",1976,1,"SDN","NL",384,5,0.0130208333333333
"grubbjo01",1978,1,"CLE","AL",378,14,0.037037037037037
"grubbjo01",1979,1,"TEX","AL",289,10,0.0346020761245675
"grubbjo01",1980,1,"TEX","AL",274,9,0.0328467153284672
"grubbjo01",1982,1,"TEX","AL",308,3,0.00974025974025974
"grubbjo01",1986,1,"DET","AL",210,13,0.0619047619047619
"grubeke01",1987,1,"TOR","AL",341,12,0.0351906158357771
"grubeke01",1988,1,"TOR","AL",569,16,0.0281195079086116
"grubeke01",1989,1,"TOR","AL",545,18,0.0330275229357798
"grubeke01",1990,1,"TOR","AL",592,31,0.0523648648648649
"grubeke01",1991,1,"TOR","AL",429,20,0.0466200466200466
"grubeke01",1992,1,"TOR","AL",446,11,0.0246636771300448
"grudzma01",1995,1,"MON","NL",269,1,0.00371747211895911
"grudzma01",1996,1,"MON","NL",657,6,0.0091324200913242
"grudzma01",1997,1,"MON","NL",649,4,0.0061633281972265
"grudzma01",1998,1,"MON","NL",396,8,0.0202020202020202
"grudzma01",1999,1,"LAN","NL",488,7,0.014344262295082
"grudzma01",2000,1,"LAN","NL",617,7,0.0113452188006483
"grudzma01",2001,1,"LAN","NL",539,13,0.0241187384044527
"grudzma01",2002,1,"LAN","NL",536,9,0.0167910447761194
"grudzma01",2003,1,"CHN","NL",481,3,0.00623700623700624
"grudzma01",2004,1,"CHN","NL",257,6,0.0233463035019455
"grudzma01",2005,1,"SLN","NL",528,8,0.0151515151515152
"grudzma01",2006,1,"KCA","AL",548,7,0.0127737226277372
"grudzma01",2007,1,"KCA","AL",453,6,0.0132450331125828
"grudzma01",2008,1,"KCA","AL",331,3,0.00906344410876133
"guerral01",2015,1,"LAN","NL",219,11,0.0502283105022831
"guerrma01",1976,1,"CAL","AL",268,1,0.00373134328358209
"guerrma01",1977,1,"CAL","AL",244,1,0.0040983606557377
"guerrma01",1978,1,"OAK","AL",505,3,0.00594059405940594
"guerrma01",1980,1,"OAK","AL",381,2,0.005249343832021
"guerrpe01",1981,1,"LAN","NL",347,12,0.0345821325648415
"guerrpe01",1982,1,"LAN","NL",575,32,0.0556521739130435
"guerrpe01",1983,1,"LAN","NL",584,32,0.0547945205479452
"guerrpe01",1984,1,"LAN","NL",535,16,0.0299065420560748
"guerrpe01",1985,1,"LAN","NL",487,33,0.0677618069815195
"guerrpe01",1987,1,"LAN","NL",545,27,0.0495412844036697
"guerrpe01",1988,1,"LAN","NL",215,5,0.0232558139534884
"guerrpe01",1989,1,"SLN","NL",570,17,0.0298245614035088
"guerrpe01",1990,1,"SLN","NL",498,13,0.0261044176706827
"guerrpe01",1991,1,"SLN","NL",427,8,0.0187353629976581
"guerrvl01",1997,1,"MON","NL",325,11,0.0338461538461539
"guerrvl01",1998,1,"MON","NL",623,38,0.0609951845906902
"guerrvl01",1999,1,"MON","NL",610,42,0.0688524590163935
"guerrvl01",2000,1,"MON","NL",571,44,0.0770577933450087
"guerrvl01",2001,1,"MON","NL",599,34,0.0567612687813022
"guerrvl01",2002,1,"MON","NL",614,39,0.0635179153094463
"guerrvl01",2003,1,"MON","NL",394,25,0.0634517766497462
"guerrvl01",2004,1,"ANA","AL",612,39,0.0637254901960784
"guerrvl01",2005,1,"LAA","AL",520,32,0.0615384615384615
"guerrvl01",2006,1,"LAA","AL",607,33,0.0543657331136738
"guerrvl01",2007,1,"LAA","AL",574,27,0.0470383275261324
"guerrvl01",2008,1,"LAA","AL",541,27,0.0499075785582255
"guerrvl01",2009,1,"LAA","AL",383,15,0.0391644908616188
"guerrvl01",2010,1,"TEX","AL",593,29,0.0489038785834739
"guerrvl01",2011,1,"BAL","AL",562,13,0.0231316725978648
"guerrvl02",2019,1,"TOR","AL",464,15,0.0323275862068966
"guerrvl02",2020,1,"TOR","AL",221,9,0.0407239819004525
"guerrvl02",2021,1,"TOR","AL",604,48,0.0794701986754967
"guerrvl02",2022,1,"TOR","AL",638,32,0.0501567398119122
"guerrvl02",2023,1,"TOR","AL",602,26,0.0431893687707641
"guerrvl02",2024,1,"TOR","AL",616,30,0.0487012987012987
"guerrvl02",2025,1,"TOR","AL",589,23,0.0390492359932088
"guerrwi01",1997,1,"LAN","NL",357,4,0.0112044817927171
"guerrwi01",1998,2,"MON","NL",222,2,0.00900900900900901
"guerrwi01",1999,1,"MON","NL",315,2,0.00634920634920635
"guerrwi01",2000,1,"MON","NL",288,2,0.00694444444444444
"guielaa01",2002,1,"KCA","AL",240,4,0.0166666666666667
"guielaa01",2003,1,"KCA","AL",354,15,0.0423728813559322
"guillca01",2000,1,"SEA","AL",288,7,0.0243055555555556
"guillca01",2001,1,"SEA","AL",456,5,0.0109649122807018
"guillca01",2002,1,"SEA","AL",475,9,0.0189473684210526
"guillca01",2003,1,"SEA","AL",388,7,0.0180412371134021
"guillca01",2004,1,"DET","AL",522,20,0.0383141762452107
"guillca01",2005,1,"DET","AL",334,5,0.0149700598802395
"guillca01",2006,1,"DET","AL",543,19,0.0349907918968692
"guillca01",2007,1,"DET","AL",564,21,0.0372340425531915
"guillca01",2008,1,"DET","AL",420,10,0.0238095238095238
"guillca01",2009,1,"DET","AL",277,11,0.0397111913357401
"guillca01",2010,1,"DET","AL",253,6,0.0237154150197628
"guilljo01",1997,1,"PIT","NL",498,14,0.0281124497991968
"guilljo01",1998,1,"PIT","NL",573,14,0.0244328097731239
"guilljo01",2000,1,"TBA","AL",316,10,0.0316455696202532
"guilljo01",2003,1,"CIN","NL",315,23,0.073015873015873
"guilljo01",2004,1,"ANA","AL",565,27,0.047787610619469
"guilljo01",2005,1,"WAS","NL",551,24,0.043557168784029
"guilljo01",2006,1,"WAS","NL",241,9,0.037344398340249
"guilljo01",2007,1,"SEA","AL",593,23,0.0387858347386172
"guilljo01",2008,1,"KCA","AL",598,20,0.0334448160535117
"guilljo01",2009,1,"KCA","AL",281,9,0.0320284697508897
"guilljo01",2010,1,"KCA","AL",396,16,0.0404040404040404
"guilllu01",2022,1,"NYN","NL",297,2,0.00673400673400673
"guilloz01",1985,1,"CHA","AL",491,1,0.00203665987780041
"guilloz01",1986,1,"CHA","AL",547,2,0.0036563071297989
"guilloz01",1987,1,"CHA","AL",560,2,0.00357142857142857
"guilloz01",1989,1,"CHA","AL",597,1,0.0016750418760469
"guilloz01",1990,1,"CHA","AL",516,1,0.00193798449612403
"guilloz01",1991,1,"CHA","AL",524,3,0.00572519083969466
"guilloz01",1993,1,"CHA","AL",457,4,0.0087527352297593
"guilloz01",1994,1,"CHA","AL",365,1,0.00273972602739726
"guilloz01",1995,1,"CHA","AL",415,1,0.00240963855421687
"guilloz01",1996,1,"CHA","AL",499,4,0.00801603206412826
"guilloz01",1997,1,"CHA","AL",490,4,0.00816326530612245
"guilloz01",1998,2,"ATL","NL",264,1,0.00378787878787879
"guilloz01",1999,1,"ATL","NL",232,1,0.00431034482758621
"guldebr01",1984,1,"CIN","NL",292,4,0.0136986301369863
"gurrilo01",2018,1,"TOR","AL",249,11,0.0441767068273092
"gurrilo01",2019,1,"TOR","AL",314,20,0.0636942675159236
"gurrilo01",2020,1,"TOR","AL",208,11,0.0528846153846154
"gurrilo01",2021,1,"TOR","AL",500,21,0.042
"gurrilo01",2022,1,"TOR","AL",453,5,0.011037527593819
"gurrilo01",2023,1,"ARI","NL",551,24,0.043557168784029
"gurrilo01",2024,1,"ARI","NL",513,18,0.0350877192982456
"gurrilo01",2025,1,"ARI","NL",500,19,0.038
"gutiefr01",2007,1,"CLE","AL",271,13,0.047970479704797
"gutiefr01",2008,1,"CLE","AL",399,8,0.0200501253132832
"gutiefr01",2009,1,"SEA","AL",565,18,0.031858407079646
"gutiefr01",2010,1,"SEA","AL",568,12,0.0211267605633803
"gutiefr01",2011,1,"SEA","AL",322,1,0.0031055900621118
"gutiefr01",2016,1,"SEA","AL",248,14,0.0564516129032258
"gutieja01",1984,1,"BOS","AL",449,2,0.0044543429844098
"gutieja01",1985,1,"BOS","AL",275,2,0.00727272727272727
"gutieri01",1993,1,"SDN","NL",438,5,0.0114155251141552
"gutieri01",1994,1,"SDN","NL",275,1,0.00363636363636364
"gutieri01",1996,1,"HOU","NL",218,1,0.00458715596330275
"gutieri01",1997,1,"HOU","NL",303,3,0.0099009900990099
"gutieri01",1998,1,"HOU","NL",491,2,0.00407331975560081
"gutieri01",1999,1,"HOU","NL",268,1,0.00373134328358209
"gutieri01",2000,1,"CHN","NL",449,11,0.0244988864142539
"gutieri01",2001,1,"CHN","NL",528,10,0.0189393939393939
"gutieri01",2002,1,"CLE","AL",353,4,0.0113314447592068
"guyerbr01",2014,1,"TBA","AL",259,3,0.0115830115830116
"guyerbr01",2015,1,"TBA","AL",332,8,0.0240963855421687
"guyerbr01",2016,1,"TBA","AL",212,7,0.0330188679245283
"guzmacr01",1999,1,"MIN","AL",420,1,0.00238095238095238
"guzmacr01",2000,1,"MIN","AL",631,8,0.0126782884310618
"guzmacr01",2001,1,"MIN","AL",493,10,0.0202839756592292
"guzmacr01",2002,1,"MIN","AL",623,9,0.014446227929374
"guzmacr01",2003,1,"MIN","AL",534,3,0.00561797752808989
"guzmacr01",2004,1,"MIN","AL",576,8,0.0138888888888889
"guzmacr01",2005,1,"WAS","NL",456,4,0.0087719298245614
"guzmacr01",2008,1,"WAS","NL",579,9,0.0155440414507772
"guzmacr01",2009,1,"WAS","NL",531,6,0.0112994350282486
"guzmacr01",2010,1,"WAS","NL",319,2,0.00626959247648903
"guzmaje01",2011,1,"SDN","NL",247,5,0.0202429149797571
"guzmaje01",2012,1,"SDN","NL",287,9,0.0313588850174216
"guzmaje01",2013,1,"SDN","NL",288,9,0.03125
"guzmaro01",2018,1,"TEX","AL",387,16,0.041343669250646
"guzmaro01",2019,1,"TEX","AL",256,10,0.0390625
"gwynnch01",1993,1,"KCA","AL",287,1,0.00348432055749129
"gwynnto01",1983,1,"SDN","NL",304,1,0.00328947368421053
"gwynnto01",1984,1,"SDN","NL",606,5,0.00825082508250825
"gwynnto01",1985,1,"SDN","NL",622,6,0.00964630225080386
"gwynnto01",1986,1,"SDN","NL",642,14,0.0218068535825545
"gwynnto01",1987,1,"SDN","NL",589,7,0.0118845500848896
"gwynnto01",1988,1,"SDN","NL",521,7,0.0134357005758157
"gwynnto01",1989,1,"SDN","NL",604,4,0.00662251655629139
"gwynnto01",1990,1,"SDN","NL",573,4,0.00698080279232112
"gwynnto01",1991,1,"SDN","NL",530,4,0.00754716981132075
"gwynnto01",1992,1,"SDN","NL",520,6,0.0115384615384615
"gwynnto01",1993,1,"SDN","NL",489,7,0.0143149284253579
"gwynnto01",1994,1,"SDN","NL",419,12,0.0286396181384248
"gwynnto01",1995,1,"SDN","NL",535,9,0.0168224299065421
"gwynnto01",1996,1,"SDN","NL",451,3,0.00665188470066519
"gwynnto01",1997,1,"SDN","NL",592,17,0.0287162162162162
"gwynnto01",1998,1,"SDN","NL",461,16,0.03470715835141
"gwynnto01",1999,1,"SDN","NL",411,10,0.024330900243309
"gwynnto02",2009,1,"SDN","NL",393,2,0.00508905852417303
"gwynnto02",2010,1,"SDN","NL",289,3,0.0103806228373702
"gwynnto02",2011,1,"LAN","NL",312,2,0.00641025641025641
"gyorkje01",2013,1,"SDN","NL",486,23,0.0473251028806584
"gyorkje01",2014,1,"SDN","NL",400,10,0.025
"gyorkje01",2015,1,"SDN","NL",421,16,0.0380047505938242
"gyorkje01",2016,1,"SLN","NL",400,30,0.075
"gyorkje01",2017,1,"SLN","NL",426,20,0.0469483568075117
"gyorkje01",2018,1,"SLN","NL",351,11,0.0313390313390313
"haaseer01",2021,1,"DET","AL",351,22,0.0626780626780627
"haaseer01",2022,1,"DET","AL",323,14,0.043343653250774
"haaseer01",2023,1,"DET","AL",264,4,0.0151515151515152
"hafnetr01",2003,1,"CLE","AL",291,14,0.0481099656357388
"hafnetr01",2004,1,"CLE","AL",482,28,0.0580912863070539
"hafnetr01",2005,1,"CLE","AL",486,33,0.0679012345679012
"hafnetr01",2006,1,"CLE","AL",454,42,0.092511013215859
"hafnetr01",2007,1,"CLE","AL",545,24,0.0440366972477064
"hafnetr01",2009,1,"CLE","AL",338,16,0.0473372781065089
"hafnetr01",2010,1,"CLE","AL",396,13,0.0328282828282828
"hafnetr01",2011,1,"CLE","AL",325,13,0.04
"hafnetr01",2012,1,"CLE","AL",219,12,0.0547945205479452
"hafnetr01",2013,1,"NYA","AL",262,12,0.0458015267175572
"haguejo01",1970,1,"SLN","NL",451,14,0.0310421286031042
"haguejo01",1971,1,"SLN","NL",380,16,0.0421052631578947
"hahndo01",1973,1,"NYN","NL",262,2,0.00763358778625954
"hahndo01",1974,1,"NYN","NL",323,4,0.0123839009287926
"hairsje01",1984,1,"CHA","AL",227,5,0.0220264317180617
"hairsje01",1986,1,"CHA","AL",225,5,0.0222222222222222
"hairsje02",2001,1,"BAL","AL",532,8,0.0150375939849624
"hairsje02",2002,1,"BAL","AL",426,5,0.0117370892018779
"hairsje02",2003,1,"BAL","AL",218,2,0.0091743119266055
"hairsje02",2004,1,"BAL","AL",287,2,0.00696864111498258
"hairsje02",2005,1,"CHN","NL",380,4,0.0105263157894737
"hairsje02",2008,1,"CIN","NL",261,6,0.0229885057471264
"hairsje02",2009,1,"CIN","NL",307,8,0.0260586319218241
"hairsje02",2010,1,"SDN","NL",430,10,0.0232558139534884
"hairsje02",2011,1,"WAS","NL",213,4,0.0187793427230047
"hairsje02",2012,1,"LAN","NL",238,4,0.0168067226890756
"hairsje02",2013,1,"LAN","NL",204,2,0.00980392156862745
"hairssc01",2004,1,"ARI","NL",339,13,0.0383480825958702
"hairssc01",2008,1,"SDN","NL",326,17,0.0521472392638037
"hairssc01",2009,2,"OAK","AL",233,7,0.0300429184549356
"hairssc01",2010,1,"SDN","NL",295,10,0.0338983050847458
"hairssc01",2012,1,"NYN","NL",377,20,0.0530503978779841
"halejo01",1975,1,"LAN","NL",204,6,0.0294117647058824
"halejo01",1978,1,"SEA","AL",211,4,0.018957345971564
"hallal02",1987,1,"ATL","NL",292,3,0.0102739726027397
"hallal02",1988,1,"ATL","NL",231,1,0.00432900432900433
"hallbi03",2004,1,"MIL","NL",390,9,0.0230769230769231
"hallbi03",2005,1,"MIL","NL",501,17,0.0339321357285429
"hallbi03",2006,1,"MIL","NL",537,35,0.0651769087523277
"hallbi03",2007,1,"MIL","NL",452,14,0.0309734513274336
"hallbi03",2008,1,"MIL","NL",404,15,0.0371287128712871
"hallbi03",2009,1,"MIL","NL",214,6,0.0280373831775701
"hallbi03",2010,1,"BOS","AL",344,18,0.0523255813953488
"halleto01",1970,1,"LAN","NL",325,10,0.0307692307692308
"halleto01",1971,1,"LAN","NL",202,5,0.0247524752475248
"hallme01",1983,1,"CHN","NL",410,17,0.0414634146341463
"hallme01",1984,2,"CLE","AL",257,7,0.0272373540856031
"hallme01",1986,1,"CLE","AL",442,18,0.0407239819004525
"hallme01",1987,1,"CLE","AL",485,18,0.0371134020618557
"hallme01",1988,1,"CLE","AL",515,6,0.0116504854368932
"hallme01",1989,1,"NYA","AL",361,17,0.0470914127423823
"hallme01",1990,1,"NYA","AL",360,12,0.0333333333333333
"hallme01",1991,1,"NYA","AL",492,19,0.0386178861788618
"hallme01",1992,1,"NYA","AL",583,15,0.0257289879931389
"hallto02",2002,1,"TBA","AL",330,6,0.0181818181818182
"hallto02",2003,1,"TBA","AL",463,12,0.0259179265658747
"hallto02",2004,1,"TBA","AL",404,8,0.0198019801980198
"hallto02",2005,1,"TBA","AL",432,5,0.0115740740740741
"hallto02",2006,1,"TBA","AL",221,8,0.0361990950226244
"haltesh01",1998,1,"KCA","AL",204,2,0.00980392156862745
"haltesh01",2000,1,"DET","AL",238,3,0.0126050420168067
"haltesh01",2001,1,"DET","AL",450,12,0.0266666666666667
"haltesh01",2002,1,"DET","AL",410,10,0.024390243902439
"haltesh01",2003,1,"DET","AL",360,12,0.0333333333333333
"hamelbo01",1994,1,"KCA","AL",312,24,0.0769230769230769
"hamelbo01",1995,1,"KCA","AL",208,7,0.0336538461538461
"hamelbo01",1996,1,"KCA","AL",239,9,0.0376569037656904
"hamelbo01",1997,1,"DET","AL",318,18,0.0566037735849057
"hamilbi02",2014,1,"CIN","NL",563,6,0.0106571936056838
"hamilbi02",2015,1,"CIN","NL",412,4,0.00970873786407767
"hamilbi02",2016,1,"CIN","NL",411,3,0.0072992700729927
"hamilbi02",2017,1,"CIN","NL",582,4,0.00687285223367698
"hamilbi02",2018,1,"CIN","NL",504,4,0.00793650793650794
"hamilda02",1991,1,"ML4","AL",405,1,0.00246913580246914
"hamilda02",1992,1,"ML4","AL",470,5,0.0106382978723404
"hamilda02",1993,1,"ML4","AL",520,9,0.0173076923076923
"hamilda02",1995,1,"ML4","AL",398,5,0.0125628140703518
"hamilda02",1996,1,"TEX","AL",627,6,0.00956937799043062
"hamilda02",1997,1,"SFN","NL",460,5,0.0108695652173913
"hamilda02",1998,1,"SFN","NL",367,1,0.00272479564032698
"hamilda02",1999,1,"COL","NL",337,4,0.0118694362017804
"hamilda03",2024,1,"BOS","AL",294,8,0.0272108843537415
"hamilje01",1988,1,"LAN","NL",309,6,0.0194174757281553
"hamilje01",1989,1,"LAN","NL",548,12,0.0218978102189781
"hamiljo03",2007,1,"CIN","NL",298,19,0.063758389261745
"hamiljo03",2008,1,"TEX","AL",624,32,0.0512820512820513
"hamiljo03",2009,1,"TEX","AL",336,10,0.0297619047619048
"hamiljo03",2010,1,"TEX","AL",518,32,0.0617760617760618
"hamiljo03",2011,1,"TEX","AL",487,25,0.0513347022587269
"hamiljo03",2012,1,"TEX","AL",562,43,0.0765124555160142
"hamiljo03",2013,1,"LAA","AL",576,21,0.0364583333333333
"hamiljo03",2014,1,"LAA","AL",338,10,0.029585798816568
"hammoje01",1994,1,"BAL","AL",250,8,0.032
"hammoje01",1996,1,"BAL","AL",248,9,0.0362903225806452
"hammoje01",1997,1,"BAL","AL",397,21,0.052896725440806
"hammoje01",1999,1,"CIN","NL",262,17,0.0648854961832061
"hammoje01",2000,1,"COL","NL",454,20,0.0440528634361234
"hammoje01",2002,1,"MIL","NL",448,9,0.0200892857142857
"hampsga01",2019,1,"COL","NL",299,8,0.0267558528428094
"hampsga01",2021,1,"COL","NL",453,11,0.0242825607064018
"hampsga01",2023,1,"MIA","NL",221,3,0.0135746606334842
"hancoga01",1983,1,"OAK","AL",256,8,0.03125
"hanigmi01",2017,1,"SEA","AL",369,16,0.043360433604336
"hanigmi01",2018,1,"SEA","AL",596,26,0.0436241610738255
"hanigmi01",2019,1,"SEA","AL",246,15,0.0609756097560976
"hanigmi01",2021,1,"SEA","AL",620,39,0.0629032258064516
"hanigmi01",2022,1,"SEA","AL",224,11,0.0491071428571429
"hanigmi01",2023,1,"SFN","NL",211,6,0.028436018957346
"hanigmi01",2024,1,"SEA","AL",380,12,0.0315789473684211
"hanigry01",2009,1,"CIN","NL",251,3,0.0119521912350598
"hanigry01",2010,1,"CIN","NL",203,5,0.0246305418719212
"hanigry01",2011,1,"CIN","NL",266,6,0.0225563909774436
"hanigry01",2012,1,"CIN","NL",317,2,0.00630914826498423
"hanigry01",2013,1,"CIN","NL",222,2,0.00900900900900901
"hanigry01",2014,1,"TBA","AL",225,5,0.0222222222222222
"hannaja01",2008,1,"OAK","AL",436,9,0.0206422018348624
"hannaja01",2011,1,"CLE","AL",320,8,0.025
"hannaja01",2012,1,"CLE","AL",287,4,0.0139372822299652
"hanseda01",1992,1,"LAN","NL",341,6,0.0175953079178886
"hansoal01",2018,1,"SFN","NL",294,8,0.0272108843537415
"happia01",2017,1,"CHN","NL",364,24,0.0659340659340659
"happia01",2018,1,"CHN","NL",387,15,0.0387596899224806
"happia01",2021,1,"CHN","NL",465,25,0.0537634408602151
"happia01",2022,1,"CHN","NL",573,17,0.0296684118673647
"happia01",2023,1,"CHN","NL",580,21,0.0362068965517241
"happia01",2024,1,"CHN","NL",569,25,0.0439367311072056
"happia01",2025,1,"CHN","NL",569,23,0.0404217926186292
"hardyjj01",2005,1,"MIL","NL",372,9,0.0241935483870968
"hardyjj01",2007,1,"MIL","NL",592,26,0.0439189189189189
"hardyjj01",2008,1,"MIL","NL",569,24,0.0421792618629174
"hardyjj01",2009,1,"MIL","NL",414,11,0.0265700483091787
"hardyjj01",2010,1,"MIN","AL",340,6,0.0176470588235294
"hardyjj01",2011,1,"BAL","AL",527,30,0.0569259962049336
"hardyjj01",2012,1,"BAL","AL",663,22,0.0331825037707391
"hardyjj01",2013,1,"BAL","AL",601,25,0.0415973377703827
"hardyjj01",2014,1,"BAL","AL",529,9,0.0170132325141777
"hardyjj01",2015,1,"BAL","AL",411,8,0.0194647201946472
"hardyjj01",2016,1,"BAL","AL",405,9,0.0222222222222222
"hardyjj01",2017,1,"BAL","AL",254,4,0.015748031496063
"hargrmi01",1974,1,"TEX","AL",415,4,0.00963855421686747
"hargrmi01",1975,1,"TEX","AL",519,11,0.0211946050096339
"hargrmi01",1976,1,"TEX","AL",541,7,0.0129390018484288
"hargrmi01",1977,1,"TEX","AL",525,18,0.0342857142857143
"hargrmi01",1978,1,"TEX","AL",494,7,0.01417004048583
"hargrmi01",1979,2,"CLE","AL",338,10,0.029585798816568
"hargrmi01",1980,1,"CLE","AL",589,11,0.0186757215619694
"hargrmi01",1981,1,"CLE","AL",322,2,0.0062111801242236
"hargrmi01",1982,1,"CLE","AL",591,4,0.00676818950930626
"hargrmi01",1983,1,"CLE","AL",469,3,0.00639658848614073
"hargrmi01",1984,1,"CLE","AL",352,2,0.00568181818181818
"hargrmi01",1985,1,"CLE","AL",284,1,0.00352112676056338
"harlola01",1978,1,"BAL","AL",460,8,0.0173913043478261
"harlola01",1980,1,"CAL","AL",301,4,0.0132890365448505
"harmote01",1972,1,"PHI","NL",218,2,0.0091743119266055
"harpebr01",1989,1,"MIN","AL",385,8,0.0207792207792208
"harpebr01",1990,1,"MIN","AL",479,6,0.0125260960334029
"harpebr01",1991,1,"MIN","AL",441,10,0.0226757369614512
"harpebr01",1992,1,"MIN","AL",502,9,0.0179282868525896
"harpebr01",1993,1,"MIN","AL",530,12,0.0226415094339623
"harpebr01",1994,1,"ML4","AL",251,4,0.0159362549800797
"harpebr03",2012,1,"WAS","NL",533,22,0.0412757973733583
"harpebr03",2013,1,"WAS","NL",424,20,0.0471698113207547
"harpebr03",2014,1,"WAS","NL",352,13,0.0369318181818182
"harpebr03",2015,1,"WAS","NL",521,42,0.0806142034548944
"harpebr03",2016,1,"WAS","NL",506,24,0.0474308300395257
"harpebr03",2017,1,"WAS","NL",420,29,0.069047619047619
"harpebr03",2018,1,"WAS","NL",550,34,0.0618181818181818
"harpebr03",2019,1,"PHI","NL",573,35,0.0610820244328098
"harpebr03",2021,1,"PHI","NL",488,35,0.0717213114754098
"harpebr03",2022,1,"PHI","NL",370,18,0.0486486486486486
"harpebr03",2023,1,"PHI","NL",457,21,0.0459518599562363
"harpebr03",2024,1,"PHI","NL",550,30,0.0545454545454545
"harpebr03",2025,1,"PHI","NL",501,27,0.0538922155688623
"harpete01",1983,1,"ATL","NL",201,3,0.0149253731343284
"harpete01",1985,1,"ATL","NL",492,17,0.0345528455284553
"harpete01",1986,1,"ATL","NL",265,8,0.030188679245283
"harpeto01",1970,1,"ML4","AL",604,31,0.0513245033112583
"harpeto01",1971,1,"ML4","AL",585,14,0.0239316239316239
"harpeto01",1972,1,"BOS","AL",556,14,0.0251798561151079
"harpeto01",1973,1,"BOS","AL",566,17,0.0300353356890459
"harpeto01",1974,1,"BOS","AL",443,5,0.0112866817155756
"harpeto01",1975,1,"CAL","AL",285,3,0.0105263157894737
"harrato01",1971,1,"WS2","AL",383,2,0.00522193211488251
"harrato01",1972,1,"TEX","AL",374,1,0.00267379679144385
"harrato01",1973,1,"TEX","AL",461,10,0.0216919739696312
"harrato01",1974,1,"TEX","AL",573,21,0.0366492146596859
"harrato01",1975,1,"TEX","AL",522,20,0.0383141762452107
"harrato01",1976,1,"TEX","AL",584,15,0.0256849315068493
"harrato01",1977,1,"TEX","AL",539,27,0.0500927643784787
"harrato01",1978,1,"TEX","AL",450,12,0.0266666666666667
"harrato01",1979,1,"CLE","AL",527,20,0.0379506641366224
"harrato01",1980,1,"CLE","AL",561,11,0.0196078431372549
"harrato01",1981,1,"CLE","AL",361,5,0.0138504155124654
"harrato01",1982,1,"CLE","AL",602,25,0.0415282392026578
"harrato01",1983,1,"CLE","AL",526,9,0.0171102661596958
"harrato01",1984,1,"NYA","AL",253,1,0.00395256916996047
"harrato01",1985,1,"TEX","AL",396,9,0.0227272727272727
"harrato01",1986,1,"TEX","AL",289,7,0.0242214532871972
"harrebu01",1970,1,"NYN","NL",564,1,0.00177304964539007
"harrebu01",1972,1,"NYN","NL",418,1,0.00239234449760766
"harrebu01",1974,1,"NYN","NL",331,1,0.00302114803625378
"harrebu01",1976,1,"NYN","NL",359,1,0.00278551532033426
"harrebu01",1977,1,"NYN","NL",269,1,0.00371747211895911
"harribr01",2007,1,"TBA","AL",521,12,0.0230326295585413
"harribr01",2008,1,"MIN","AL",434,7,0.0161290322580645
"harribr01",2009,1,"MIN","AL",414,6,0.0144927536231884
"harrijo05",2012,1,"PIT","NL",249,3,0.0120481927710843
"harrijo05",2014,1,"PIT","NL",520,13,0.025
"harrijo05",2015,1,"PIT","NL",418,4,0.00956937799043062
"harrijo05",2016,1,"PIT","NL",487,4,0.0082135523613963
"harrijo05",2017,1,"PIT","NL",486,16,0.0329218106995885
"harrijo05",2018,1,"PIT","NL",344,8,0.0232558139534884
"harrijo05",2021,1,"WAS","NL",320,6,0.01875
"harrijo05",2022,1,"CHA","AL",386,7,0.0181347150259067
"harrile01",1990,1,"LAN","NL",431,2,0.00464037122969838
"harrile01",1991,1,"LAN","NL",429,3,0.00699300699300699
"harrile01",1996,1,"CIN","NL",302,5,0.0165562913907285
"harrile01",1997,1,"CIN","NL",238,3,0.0126050420168067
"harrimi04",2022,1,"ATL","NL",414,19,0.0458937198067633
"harrimi04",2023,1,"ATL","NL",505,18,0.0356435643564356
"harrimi04",2024,1,"ATL","NL",440,16,0.0363636363636364
"harrimi04",2025,1,"ATL","NL",611,20,0.0327332242225859
"harrivi01",1973,1,"TEX","AL",555,8,0.0144144144144144
"harrivi01",1976,1,"SLN","NL",259,1,0.00386100386100386
"harriwi01",2004,1,"CHA","AL",409,2,0.00488997555012225
"harriwi01",2007,1,"ATL","NL",344,2,0.00581395348837209
"harriwi01",2008,1,"WAS","NL",367,13,0.0354223433242507
"harriwi01",2009,1,"WAS","NL",323,7,0.021671826625387
"harriwi01",2010,1,"WAS","NL",224,10,0.0446428571428571
"harriwi01",2011,1,"NYN","NL",240,2,0.00833333333333333
"hartbo01",2003,1,"SLN","NL",296,4,0.0135135135135135
"hartco01",2006,1,"MIL","NL",237,9,0.0379746835443038
"hartco01",2007,1,"MIL","NL",505,24,0.0475247524752475
"hartco01",2008,1,"MIL","NL",612,20,0.0326797385620915
"hartco01",2009,1,"MIL","NL",419,12,0.0286396181384248
"hartco01",2010,1,"MIL","NL",558,31,0.0555555555555556
"hartco01",2011,1,"MIL","NL",492,26,0.0528455284552845
"hartco01",2012,1,"MIL","NL",562,30,0.0533807829181495
"hartco01",2014,1,"SEA","AL",232,6,0.0258620689655172
"hartji01",1970,1,"SFN","NL",255,8,0.0313725490196078
"hartji01",1973,2,"NYA","AL",339,13,0.0383480825958702
"harveke01",2003,1,"KCA","AL",485,13,0.0268041237113402
"harveke01",2004,1,"KCA","AL",456,13,0.0285087719298246
"haselad01",2019,1,"PHI","NL",222,5,0.0225225225225225
"haselbi01",1996,1,"BOS","AL",237,8,0.0337552742616034
"haselbi01",1997,1,"BOS","AL",212,6,0.0283018867924528
"hassero01",1979,1,"CLE","AL",223,4,0.0179372197309417
"hassero01",1980,1,"CLE","AL",390,8,0.0205128205128205
"hassero01",1982,1,"CLE","AL",323,5,0.0154798761609907
"hassero01",1983,1,"CLE","AL",341,6,0.0175953079178886
"hassero01",1985,1,"NYA","AL",267,13,0.048689138576779
"hassero01",1988,1,"OAK","AL",323,7,0.021671826625387
"hassero01",1989,1,"OAK","AL",268,5,0.0186567164179104
"hassero01",1990,1,"OAK","AL",254,5,0.0196850393700787
"hatchbi01",1986,1,"HOU","NL",419,6,0.0143198090692124
"hatchbi01",1987,1,"HOU","NL",564,11,0.0195035460992908
"hatchbi01",1988,1,"HOU","NL",530,7,0.0132075471698113
"hatchbi01",1989,1,"HOU","NL",395,3,0.00759493670886076
"hatchbi01",1990,1,"CIN","NL",504,5,0.00992063492063492
"hatchbi01",1991,1,"CIN","NL",442,4,0.00904977375565611
"hatchbi01",1992,2,"BOS","AL",315,1,0.00317460317460317
"hatchbi01",1993,1,"BOS","AL",508,9,0.0177165354330709
"hatchmi01",1981,1,"MIN","AL",377,3,0.00795755968169761
"hatchmi01",1982,1,"MIN","AL",277,3,0.0108303249097473
"hatchmi01",1983,1,"MIN","AL",375,9,0.024
"hatchmi01",1984,1,"MIN","AL",576,5,0.00868055555555556
"hatchmi01",1985,1,"MIN","AL",444,3,0.00675675675675676
"hatchmi01",1986,1,"MIN","AL",317,3,0.00946372239747634
"hatchmi01",1987,1,"LAN","NL",287,7,0.024390243902439
"hatchmi01",1989,1,"LAN","NL",224,2,0.00892857142857143
"hattesc01",1997,1,"BOS","AL",350,10,0.0285714285714286
"hattesc01",1998,1,"BOS","AL",359,12,0.0334261838440111
"hattesc01",2000,1,"BOS","AL",230,8,0.0347826086956522
"hattesc01",2001,1,"BOS","AL",278,3,0.0107913669064748
"hattesc01",2002,1,"OAK","AL",492,15,0.0304878048780488
"hattesc01",2003,1,"OAK","AL",541,12,0.022181146025878
"hattesc01",2004,1,"OAK","AL",550,15,0.0272727272727273
"hattesc01",2005,1,"OAK","AL",464,7,0.0150862068965517
"hattesc01",2006,1,"CIN","NL",456,13,0.0285087719298246
"hattesc01",2007,1,"CIN","NL",361,10,0.0277008310249307
"hawpebr01",2005,1,"COL","NL",305,9,0.0295081967213115
"hawpebr01",2006,1,"COL","NL",499,22,0.0440881763527054
"hawpebr01",2007,1,"COL","NL",516,29,0.0562015503875969
"hawpebr01",2008,1,"COL","NL",488,25,0.0512295081967213
"hawpebr01",2009,1,"COL","NL",501,23,0.0459081836327345
"hawpebr01",2010,1,"COL","NL",259,7,0.027027027027027
"hayesch01",1989,2,"PHI","NL",299,8,0.0267558528428094
"hayesch01",1990,1,"PHI","NL",561,10,0.017825311942959
"hayesch01",1991,1,"PHI","NL",460,12,0.0260869565217391
"hayesch01",1992,1,"NYA","AL",509,18,0.0353634577603143
"hayesch01",1993,1,"COL","NL",573,25,0.043630017452007
"hayesch01",1994,1,"COL","NL",423,10,0.0236406619385343
"hayesch01",1995,1,"PHI","NL",529,11,0.0207939508506616
"hayesch01",1996,1,"PIT","NL",459,10,0.0217864923747277
"hayesch01",1997,1,"NYA","AL",353,11,0.0311614730878187
"hayesch01",1998,1,"SFN","NL",329,12,0.0364741641337386
"hayesch01",1999,1,"SFN","NL",264,6,0.0227272727272727
"hayesch01",2000,1,"MIL","NL",370,9,0.0243243243243243
"hayeske01",2021,1,"PIT","NL",362,6,0.0165745856353591
"hayeske01",2022,1,"PIT","NL",505,7,0.0138613861386139
"hayeske01",2023,1,"PIT","NL",494,15,0.0303643724696356
"hayeske01",2024,1,"PIT","NL",365,4,0.010958904109589
"hayeske01",2025,1,"PIT","NL",369,2,0.00542005420054201
"hayesvo01",1982,1,"CLE","AL",527,14,0.0265654648956357
"hayesvo01",1983,1,"PHI","NL",351,6,0.0170940170940171
"hayesvo01",1984,1,"PHI","NL",561,16,0.0285204991087344
"hayesvo01",1985,1,"PHI","NL",570,13,0.0228070175438596
"hayesvo01",1986,1,"PHI","NL",610,19,0.0311475409836066
"hayesvo01",1987,1,"PHI","NL",556,21,0.0377697841726619
"hayesvo01",1988,1,"PHI","NL",367,6,0.0163487738419619
"hayesvo01",1989,1,"PHI","NL",540,26,0.0481481481481481
"hayesvo01",1990,1,"PHI","NL",467,17,0.0364025695931478
"hayesvo01",1992,1,"CAL","AL",307,4,0.0130293159609121
"haysau01",2021,1,"BAL","AL",488,22,0.0450819672131148
"haysau01",2022,1,"BAL","AL",535,16,0.0299065420560748
"haysau01",2023,1,"BAL","AL",520,16,0.0307692307692308
"haysau01",2025,1,"CIN","NL",380,15,0.0394736842105263
"hazelje01",2016,1,"SLN","NL",200,12,0.06
"headlch01",2008,1,"SDN","NL",331,9,0.027190332326284
"headlch01",2009,1,"SDN","NL",543,12,0.0220994475138122
"headlch01",2010,1,"SDN","NL",610,11,0.0180327868852459
"headlch01",2011,1,"SDN","NL",381,4,0.010498687664042
"headlch01",2012,1,"SDN","NL",604,31,0.0513245033112583
"headlch01",2013,1,"SDN","NL",520,13,0.025
"headlch01",2014,1,"SDN","NL",279,7,0.025089605734767
"headlch01",2015,1,"NYA","AL",580,11,0.0189655172413793
"headlch01",2016,1,"NYA","AL",467,14,0.0299785867237687
"headlch01",2017,1,"NYA","AL",512,12,0.0234375
"healyfr02",1973,1,"KCA","AL",279,6,0.021505376344086
"healyfr02",1974,1,"KCA","AL",445,9,0.0202247191011236
"healyry01",2016,1,"OAK","AL",269,13,0.0483271375464684
"healyry01",2017,1,"OAK","AL",576,25,0.0434027777777778
"healyry01",2018,1,"SEA","AL",493,24,0.0486815415821501
"heathmi02",1979,1,"OAK","AL",258,3,0.0116279069767442
"heathmi02",1980,1,"OAK","AL",305,1,0.00327868852459016
"heathmi02",1981,1,"OAK","AL",301,8,0.026578073089701
"heathmi02",1982,1,"OAK","AL",318,3,0.00943396226415094
"heathmi02",1983,1,"OAK","AL",345,6,0.0173913043478261
"heathmi02",1984,1,"OAK","AL",475,13,0.0273684210526316
"heathmi02",1985,1,"OAK","AL",436,13,0.0298165137614679
"heathmi02",1987,1,"DET","AL",270,8,0.0296296296296296
"heathmi02",1988,1,"DET","AL",219,5,0.0228310502283105
"heathmi02",1989,1,"DET","AL",396,10,0.0252525252525253
"heathmi02",1990,1,"DET","AL",370,7,0.0189189189189189
"hebneri01",1970,1,"PIT","NL",420,11,0.0261904761904762
"hebneri01",1971,1,"PIT","NL",388,17,0.0438144329896907
"hebneri01",1972,1,"PIT","NL",427,19,0.0444964871194379
"hebneri01",1973,1,"PIT","NL",509,25,0.0491159135559921
"hebneri01",1974,1,"PIT","NL",550,18,0.0327272727272727
"hebneri01",1975,1,"PIT","NL",472,15,0.0317796610169492
"hebneri01",1976,1,"PIT","NL",434,8,0.0184331797235023
"hebneri01",1977,1,"PHI","NL",397,18,0.0453400503778338
"hebneri01",1978,1,"PHI","NL",435,17,0.0390804597701149
"hebneri01",1979,1,"NYN","NL",473,10,0.0211416490486258
"hebneri01",1980,1,"DET","AL",341,12,0.0351906158357771
"hebneri01",1981,1,"DET","AL",226,5,0.0221238938053097
"hechaad01",2013,1,"MIA","NL",543,3,0.00552486187845304
"hechaad01",2014,1,"MIA","NL",536,1,0.00186567164179104
"hechaad01",2015,1,"MIA","NL",470,5,0.0106382978723404
"hechaad01",2016,1,"MIA","NL",508,3,0.00590551181102362
"hechaad01",2017,2,"TBA","AL",265,7,0.0264150943396226
"hechaad01",2018,1,"TBA","AL",217,3,0.0138248847926267
"hedgeau01",2017,1,"SDN","NL",387,18,0.0465116279069767
"hedgeau01",2018,1,"SDN","NL",303,14,0.0462046204620462
"hedgeau01",2019,1,"SDN","NL",312,11,0.0352564102564103
"hedgeau01",2021,1,"CLE","AL",286,10,0.034965034965035
"hedgeau01",2022,1,"CLE","AL",294,7,0.0238095238095238
"heepda01",1983,1,"NYN","NL",253,8,0.0316205533596838
"heepda01",1985,1,"NYN","NL",271,7,0.025830258302583
"heepda01",1989,1,"BOS","AL",320,5,0.015625
"heganmi01",1970,1,"ML4","AL",476,11,0.023109243697479
"heganmi01",1975,1,"ML4","AL",203,5,0.0246305418719212
"heganmi01",1976,1,"ML4","AL",218,5,0.0229357798165138
"heideja01",1970,1,"CLE","AL",445,6,0.0134831460674157
"heimjo01",2021,1,"TEX","AL",265,10,0.0377358490566038
"heimjo01",2022,1,"TEX","AL",406,16,0.0394088669950739
"heimjo01",2023,1,"TEX","AL",457,18,0.0393873085339169
"heimjo01",2024,1,"TEX","AL",459,13,0.028322440087146
"heimjo01",2025,1,"TEX","AL",395,11,0.0278481012658228
"heisech01",2010,1,"CIN","NL",201,8,0.0398009950248756
"heisech01",2011,1,"CIN","NL",279,18,0.0645161290322581
"heisech01",2012,1,"CIN","NL",347,7,0.0201729106628242
"heisech01",2013,1,"CIN","NL",224,9,0.0401785714285714
"heisech01",2014,1,"CIN","NL",275,8,0.0290909090909091
"helmsto01",1970,1,"CIN","NL",575,1,0.00173913043478261
"helmsto01",1971,1,"CIN","NL",547,3,0.00548446069469835
"helmsto01",1972,1,"HOU","NL",518,5,0.00965250965250965
"helmsto01",1973,1,"HOU","NL",543,4,0.00736648250460405
"helmsto01",1974,1,"HOU","NL",452,5,0.0110619469026549
"helmswe01",2001,1,"ATL","NL",216,10,0.0462962962962963
"helmswe01",2002,1,"ATL","NL",210,6,0.0285714285714286
"helmswe01",2003,1,"MIL","NL",476,23,0.0483193277310924
"helmswe01",2004,1,"MIL","NL",274,4,0.0145985401459854
"helmswe01",2006,1,"FLO","NL",240,10,0.0416666666666667
"helmswe01",2007,1,"PHI","NL",280,5,0.0178571428571429
"helmswe01",2008,1,"FLO","NL",251,5,0.0199203187250996
"helmswe01",2009,1,"FLO","NL",214,3,0.014018691588785
"helmswe01",2010,1,"FLO","NL",254,4,0.015748031496063
"heltoto01",1998,1,"COL","NL",530,25,0.0471698113207547
"heltoto01",1999,1,"COL","NL",578,35,0.0605536332179931
"heltoto01",2000,1,"COL","NL",580,42,0.0724137931034483
"heltoto01",2001,1,"COL","NL",587,49,0.0834752981260647
"heltoto01",2002,1,"COL","NL",553,30,0.054249547920434
"heltoto01",2003,1,"COL","NL",583,33,0.0566037735849057
"heltoto01",2004,1,"COL","NL",547,32,0.0585009140767824
"heltoto01",2005,1,"COL","NL",509,20,0.0392927308447937
"heltoto01",2006,1,"COL","NL",546,15,0.0274725274725275
"heltoto01",2007,1,"COL","NL",557,17,0.0305206463195691
"heltoto01",2008,1,"COL","NL",299,7,0.0234113712374582
"heltoto01",2009,1,"COL","NL",544,15,0.0275735294117647
"heltoto01",2010,1,"COL","NL",398,8,0.0201005025125628
"heltoto01",2011,1,"COL","NL",421,14,0.0332541567695962
"heltoto01",2012,1,"COL","NL",240,7,0.0291666666666667
"heltoto01",2013,1,"COL","NL",397,15,0.0377833753148615
"hemonsc01",1993,1,"OAK","AL",215,6,0.027906976744186
"hendeda01",1982,1,"SEA","AL",324,14,0.0432098765432099
"hendeda01",1983,1,"SEA","AL",484,17,0.0351239669421488
"hendeda01",1984,1,"SEA","AL",350,14,0.04
"hendeda01",1985,1,"SEA","AL",502,14,0.0278884462151394
"hendeda01",1986,1,"SEA","AL",337,14,0.0415430267062314
"hendeda01",1988,1,"OAK","AL",507,24,0.0473372781065089
"hendeda01",1989,1,"OAK","AL",579,15,0.0259067357512953
"hendeda01",1990,1,"OAK","AL",450,20,0.0444444444444444
"hendeda01",1991,1,"OAK","AL",572,25,0.0437062937062937
"hendeda01",1993,1,"OAK","AL",382,20,0.0523560209424084
"hendegu01",2023,1,"BAL","AL",560,28,0.05
"hendegu01",2024,1,"BAL","AL",630,37,0.0587301587301587
"hendegu01",2025,1,"BAL","AL",577,17,0.0294627383015598
"hendeke01",1970,1,"SFN","NL",554,17,0.0306859205776173
"hendeke01",1971,1,"SFN","NL",504,15,0.0297619047619048
"hendeke01",1972,1,"SFN","NL",439,18,0.041002277904328
"hendeke01",1973,1,"CHA","AL",262,6,0.0229007633587786
"hendeke01",1974,1,"CHA","AL",602,20,0.0332225913621262
"hendeke01",1975,1,"CHA","AL",513,9,0.0175438596491228
"hendeke01",1976,1,"ATL","NL",435,13,0.0298850574712644
"hendeke01",1977,1,"TEX","AL",244,5,0.0204918032786885
"henderi01",1979,1,"OAK","AL",351,1,0.00284900284900285
"henderi01",1980,1,"OAK","AL",591,9,0.0152284263959391
"henderi01",1981,1,"OAK","AL",423,6,0.0141843971631206
"henderi01",1982,1,"OAK","AL",536,10,0.0186567164179104
"henderi01",1983,1,"OAK","AL",513,9,0.0175438596491228
"henderi01",1984,1,"OAK","AL",502,16,0.0318725099601594
"henderi01",1985,1,"NYA","AL",547,24,0.0438756855575868
"henderi01",1986,1,"NYA","AL",608,28,0.0460526315789474
"henderi01",1987,1,"NYA","AL",358,17,0.0474860335195531
"henderi01",1988,1,"NYA","AL",554,6,0.0108303249097473
"henderi01",1989,1,"NYA","AL",235,3,0.0127659574468085
"henderi01",1989,2,"OAK","AL",306,9,0.0294117647058824
"henderi01",1990,1,"OAK","AL",489,28,0.0572597137014315
"henderi01",1991,1,"OAK","AL",470,18,0.0382978723404255
"henderi01",1992,1,"OAK","AL",396,15,0.0378787878787879
"henderi01",1993,1,"OAK","AL",318,17,0.0534591194968553
"henderi01",1994,1,"OAK","AL",296,6,0.0202702702702703
"henderi01",1995,1,"OAK","AL",407,9,0.0221130221130221
"henderi01",1996,1,"SDN","NL",465,9,0.0193548387096774
"henderi01",1997,1,"SDN","NL",288,6,0.0208333333333333
"henderi01",1998,1,"OAK","AL",542,14,0.025830258302583
"henderi01",1999,1,"NYN","NL",438,12,0.0273972602739726
"henderi01",2000,2,"SEA","AL",324,4,0.0123456790123457
"henderi01",2001,1,"SDN","NL",379,8,0.0211081794195251
"hendest01",1977,1,"NYN","NL",350,12,0.0342857142857143
"hendest01",1978,1,"NYN","NL",587,10,0.0170357751277683
"hendest01",1979,1,"NYN","NL",350,5,0.0142857142857143
"hendest01",1980,1,"NYN","NL",513,8,0.0155945419103314
"hendest01",1981,1,"CHN","NL",287,5,0.0174216027874564
"hendest01",1982,1,"CHN","NL",257,2,0.00778210116731517
"hendest01",1983,1,"SEA","AL",436,10,0.0229357798165138
"hendest01",1984,1,"SEA","AL",325,10,0.0307692307692308
"hendrel01",1970,1,"BAL","AL",322,12,0.0372670807453416
"hendrel01",1971,1,"BAL","AL",316,9,0.0284810126582278
"hendrel01",1975,1,"BAL","AL",223,8,0.0358744394618834
"hendrge01",1973,1,"CLE","AL",440,21,0.0477272727272727
"hendrge01",1974,1,"CLE","AL",495,19,0.0383838383838384
"hendrge01",1975,1,"CLE","AL",561,24,0.0427807486631016
"hendrge01",1976,1,"CLE","AL",551,25,0.0453720508166969
"hendrge01",1977,1,"SDN","NL",541,23,0.0425138632162662
"hendrge01",1978,2,"SLN","NL",382,17,0.0445026178010471
"hendrge01",1979,1,"SLN","NL",493,16,0.0324543610547667
"hendrge01",1980,1,"SLN","NL",572,25,0.0437062937062937
"hendrge01",1981,1,"SLN","NL",394,18,0.0456852791878173
"hendrge01",1982,1,"SLN","NL",515,19,0.0368932038834951
"hendrge01",1983,1,"SLN","NL",529,18,0.0340264650283554
"hendrge01",1984,1,"SLN","NL",441,9,0.0204081632653061
"hendrge01",1985,1,"PIT","NL",256,2,0.0078125
"hendrge01",1986,1,"CAL","AL",283,14,0.049469964664311
"heredgu01",2017,1,"SEA","AL",386,6,0.0155440414507772
"heredgu01",2018,1,"SEA","AL",292,5,0.0171232876712329
"heredgu01",2019,1,"TBA","AL",204,5,0.0245098039215686
"heredgu01",2021,1,"ATL","NL",305,5,0.0163934426229508
"hermije01",2006,1,"FLO","NL",307,5,0.0162866449511401
"hermije01",2007,1,"FLO","NL",429,18,0.041958041958042
"hermije01",2008,1,"FLO","NL",502,17,0.0338645418326693
"hermije01",2009,1,"FLO","NL",429,13,0.0303030303030303
"hernaan01",2009,1,"WAS","NL",231,1,0.00432900432900433
"hernaca01",1998,1,"SDN","NL",390,9,0.0230769230769231
"hernace02",2015,1,"PHI","NL",405,1,0.00246913580246914
"hernace02",2016,1,"PHI","NL",547,6,0.0109689213893967
"hernace02",2017,1,"PHI","NL",511,9,0.0176125244618395
"hernace02",2018,1,"PHI","NL",605,15,0.0247933884297521
"hernace02",2019,1,"PHI","NL",612,14,0.022875816993464
"hernace02",2020,1,"CLE","AL",233,3,0.0128755364806867
"hernace02",2021,1,"CLE","AL",376,18,0.0478723404255319
"hernace02",2022,1,"WAS","NL",560,1,0.00178571428571429
"hernaen01",1972,1,"SDN","NL",329,1,0.00303951367781155
"hernaen01",1976,1,"SDN","NL",340,1,0.00294117647058824
"hernaen02",2015,1,"LAN","NL",202,7,0.0346534653465347
"hernaen02",2016,1,"LAN","NL",216,7,0.0324074074074074
"hernaen02",2017,1,"LAN","NL",297,11,0.037037037037037
"hernaen02",2018,1,"LAN","NL",402,21,0.0522388059701492
"hernaen02",2019,1,"LAN","NL",414,17,0.0410628019323672
"hernaen02",2021,1,"BOS","AL",508,20,0.0393700787401575
"hernaen02",2022,1,"BOS","AL",361,6,0.0166204986149584
"hernaen02",2023,1,"BOS","AL",297,6,0.0202020202020202
"hernaen02",2024,1,"LAN","NL",362,12,0.0331491712707182
"hernaen02",2025,1,"LAN","NL",232,10,0.0431034482758621
"hernago01",2018,1,"SFN","NL",414,15,0.036231884057971
"hernahe01",2025,1,"MIA","NL",256,10,0.0390625
"hernaja01",1970,1,"KCA","AL",238,2,0.00840336134453781
"hernaja01",1971,1,"PIT","NL",233,3,0.0128755364806867
"hernajo01",1995,1,"CHN","NL",245,13,0.0530612244897959
"hernajo01",1996,1,"CHN","NL",331,10,0.0302114803625378
"hernajo01",1998,1,"CHN","NL",488,23,0.0471311475409836
"hernajo01",1999,1,"CHN","NL",342,15,0.043859649122807
"hernajo01",2000,1,"MIL","NL",446,11,0.0246636771300448
"hernajo01",2001,1,"MIL","NL",542,25,0.0461254612546125
"hernajo01",2002,1,"MIL","NL",525,24,0.0457142857142857
"hernajo01",2003,1,"COL","NL",257,8,0.0311284046692607
"hernajo01",2004,1,"LAN","NL",211,13,0.0616113744075829
"hernajo01",2005,1,"CLE","AL",234,6,0.0256410256410256
"hernake01",1976,1,"SLN","NL",374,7,0.018716577540107
"hernake01",1977,1,"SLN","NL",560,15,0.0267857142857143
"hernake01",1978,1,"SLN","NL",542,11,0.0202952029520295
"hernake01",1979,1,"SLN","NL",610,11,0.0180327868852459
"hernake01",1980,1,"SLN","NL",595,16,0.026890756302521
"hernake01",1981,1,"SLN","NL",376,8,0.0212765957446809
"hernake01",1982,1,"SLN","NL",579,7,0.0120898100172712
"hernake01",1983,1,"SLN","NL",218,3,0.0137614678899083
"hernake01",1983,2,"NYN","NL",320,9,0.028125
"hernake01",1984,1,"NYN","NL",550,15,0.0272727272727273
"hernake01",1985,1,"NYN","NL",593,10,0.0168634064080944
"hernake01",1986,1,"NYN","NL",551,13,0.0235934664246824
"hernake01",1987,1,"NYN","NL",587,18,0.030664395229983
"hernake01",1988,1,"NYN","NL",348,11,0.0316091954022989
"hernake01",1989,1,"NYN","NL",215,4,0.0186046511627907
"hernale01",1983,1,"BAL","AL",203,6,0.0295566502463054
"hernara02",2000,1,"OAK","AL",419,14,0.0334128878281623
"hernara02",2001,1,"OAK","AL",453,15,0.033112582781457
"hernara02",2002,1,"OAK","AL",403,7,0.0173697270471464
"hernara02",2003,1,"OAK","AL",483,21,0.0434782608695652
"hernara02",2004,1,"SDN","NL",384,18,0.046875
"hernara02",2005,1,"SDN","NL",369,12,0.032520325203252
"hernara02",2006,1,"BAL","AL",501,23,0.0459081836327345
"hernara02",2007,1,"BAL","AL",364,9,0.0247252747252747
"hernara02",2008,1,"BAL","AL",463,15,0.0323974082073434
"hernara02",2009,1,"CIN","NL",287,5,0.0174216027874564
"hernara02",2010,1,"CIN","NL",313,7,0.0223642172523962
"hernara02",2011,1,"CIN","NL",298,12,0.0402684563758389
"hernate01",2018,1,"TOR","AL",476,22,0.046218487394958
"hernate01",2019,1,"TOR","AL",417,26,0.0623501199040767
"hernate01",2021,1,"TOR","AL",550,32,0.0581818181818182
"hernate01",2022,1,"TOR","AL",499,25,0.0501002004008016
"hernate01",2023,1,"SEA","AL",625,26,0.0416
"hernate01",2024,1,"LAN","NL",589,33,0.0560271646859083
"hernate01",2025,1,"LAN","NL",511,25,0.0489236790606654
"hernaya01",2021,1,"WAS","NL",264,9,0.0340909090909091
"hernaya01",2022,1,"WAS","NL",305,9,0.0295081967213115
"herndla01",1976,1,"SFN","NL",337,2,0.00593471810089021
"herndla01",1978,1,"SFN","NL",471,1,0.00212314225053079
"herndla01",1979,1,"SFN","NL",354,7,0.019774011299435
"herndla01",1980,1,"SFN","NL",493,8,0.0162271805273834
"herndla01",1981,1,"SFN","NL",364,5,0.0137362637362637
"herndla01",1982,1,"DET","AL",614,23,0.0374592833876222
"herndla01",1983,1,"DET","AL",603,20,0.033167495854063
"herndla01",1984,1,"DET","AL",407,7,0.0171990171990172
"herndla01",1985,1,"DET","AL",442,12,0.0271493212669683
"herndla01",1986,1,"DET","AL",283,8,0.0282685512367491
"herndla01",1987,1,"DET","AL",225,9,0.04
"herreel01",2015,1,"MIL","NL",256,7,0.02734375
"herreiv01",2024,1,"SLN","NL",229,5,0.0218340611353712
"herreiv01",2025,1,"SLN","NL",388,19,0.0489690721649484
"herrejo02",1996,1,"OAK","AL",320,6,0.01875
"herrejo03",2010,1,"COL","NL",222,1,0.0045045045045045
"herrejo03",2011,1,"COL","NL",281,3,0.0106761565836299
"herrejo03",2012,1,"COL","NL",225,3,0.0133333333333333
"herreod01",2015,1,"PHI","NL",495,8,0.0161616161616162
"herreod01",2016,1,"PHI","NL",583,15,0.0257289879931389
"herreod01",2017,1,"PHI","NL",526,14,0.026615969581749
"herreod01",2018,1,"PHI","NL",550,22,0.04
"herreod01",2021,1,"PHI","NL",450,13,0.0288888888888889
"herrero02",2018,2,"KCA","AL",265,1,0.00377358490566038
"herrmch01",2017,1,"ARI","NL",226,10,0.0442477876106195
"herrmed01",1970,1,"CHA","AL",297,19,0.063973063973064
"herrmed01",1971,1,"CHA","AL",294,11,0.0374149659863946
"herrmed01",1972,1,"CHA","AL",354,10,0.0282485875706215
"herrmed01",1973,1,"CHA","AL",379,10,0.0263852242744063
"herrmed01",1974,1,"CHA","AL",367,10,0.0272479564032698
"herrmed01",1975,1,"NYA","AL",200,6,0.03
"herrmed01",1976,2,"HOU","NL",265,3,0.0113207547169811
"herrto01",1983,1,"SLN","NL",313,2,0.00638977635782748
"herrto01",1984,1,"SLN","NL",558,4,0.00716845878136201
"herrto01",1985,1,"SLN","NL",596,8,0.0134228187919463
"herrto01",1986,1,"SLN","NL",559,2,0.0035778175313059
"herrto01",1987,1,"SLN","NL",510,2,0.00392156862745098
"herrto01",1988,2,"MIN","AL",304,1,0.00328947368421053
"herrto01",1989,1,"PHI","NL",561,2,0.0035650623885918
"herrto01",1990,1,"PHI","NL",447,4,0.00894854586129754
"heywaja01",2010,1,"ATL","NL",520,18,0.0346153846153846
"heywaja01",2011,1,"ATL","NL",396,14,0.0353535353535354
"heywaja01",2012,1,"ATL","NL",587,27,0.0459965928449745
"heywaja01",2013,1,"ATL","NL",382,14,0.0366492146596859
"heywaja01",2014,1,"ATL","NL",573,11,0.0191972076788831
"heywaja01",2015,1,"SLN","NL",547,13,0.0237659963436929
"heywaja01",2016,1,"CHN","NL",530,7,0.0132075471698113
"heywaja01",2017,1,"CHN","NL",432,11,0.025462962962963
"heywaja01",2018,1,"CHN","NL",440,8,0.0181818181818182
"heywaja01",2019,1,"CHN","NL",513,21,0.0409356725146199
"heywaja01",2021,1,"CHN","NL",323,8,0.0247678018575851
"heywaja01",2023,1,"LAN","NL",334,15,0.0449101796407186
"hiattph01",1993,1,"KCA","AL",238,7,0.0294117647058824
"hickmji02",1970,1,"CHN","NL",514,32,0.0622568093385214
"hickmji02",1971,1,"CHN","NL",383,19,0.0496083550913838
"hickmji02",1972,1,"CHN","NL",368,17,0.046195652173913
"hickmji02",1973,1,"CHN","NL",201,3,0.0149253731343284
"hicksaa01",2013,1,"MIN","AL",281,8,0.0284697508896797
"hicksaa01",2015,1,"MIN","AL",352,11,0.03125
"hicksaa01",2016,1,"NYA","AL",327,8,0.0244648318042813
"hicksaa01",2017,1,"NYA","AL",301,15,0.0498338870431894
"hicksaa01",2018,1,"NYA","AL",480,27,0.05625
"hicksaa01",2019,1,"NYA","AL",221,12,0.0542986425339367
"hicksaa01",2022,1,"NYA","AL",384,8,0.0208333333333333
"hicksaa01",2023,2,"BAL","AL",200,7,0.035
"hicksbr01",2014,1,"SFN","NL",204,8,0.0392156862745098
"hicksjo02",2018,1,"DET","AL",288,9,0.03125
"hicksjo02",2019,1,"DET","AL",319,13,0.0407523510971787
"hicksli01",2025,1,"MIA","NL",332,6,0.0180722891566265
"hidalri01",1998,1,"HOU","NL",211,7,0.033175355450237
"hidalri01",1999,1,"HOU","NL",383,15,0.0391644908616188
"hidalri01",2000,1,"HOU","NL",558,44,0.0788530465949821
"hidalri01",2001,1,"HOU","NL",512,19,0.037109375
"hidalri01",2002,1,"HOU","NL",388,15,0.038659793814433
"hidalri01",2003,1,"HOU","NL",514,28,0.0544747081712062
"hidalri01",2004,2,"NYN","NL",324,21,0.0648148148148148
"hidalri01",2005,1,"TEX","AL",308,16,0.051948051948052
"higasky01",2022,1,"NYA","AL",229,10,0.0436681222707424
"higasky01",2023,1,"NYA","AL",242,10,0.0413223140495868
"higasky01",2024,1,"SDN","NL",246,17,0.0691056910569106
"higasky01",2025,1,"TEX","AL",303,11,0.0363036303630363
"higgibo02",1995,1,"DET","AL",410,14,0.0341463414634146
"higgibo02",1996,1,"DET","AL",440,26,0.0590909090909091
"higgibo02",1997,1,"DET","AL",546,27,0.0494505494505494
"higgibo02",1998,1,"DET","AL",612,25,0.0408496732026144
"higgibo02",1999,1,"DET","AL",377,12,0.0318302387267904
"higgibo02",2000,1,"DET","AL",597,30,0.050251256281407
"higgibo02",2001,1,"DET","AL",541,17,0.0314232902033272
"higgibo02",2002,1,"DET","AL",444,10,0.0225225225225225
"higgibo02",2003,1,"DET","AL",469,14,0.0298507462686567
"higgibo02",2004,1,"DET","AL",448,12,0.0267857142857143
"higgipj01",2022,1,"CHN","NL",201,6,0.0298507462686567
"hillaa01",2005,1,"TOR","AL",361,3,0.00831024930747922
"hillaa01",2006,1,"TOR","AL",546,6,0.010989010989011
"hillaa01",2007,1,"TOR","AL",608,17,0.0279605263157895
"hillaa01",2008,1,"TOR","AL",205,2,0.00975609756097561
"hillaa01",2009,1,"TOR","AL",682,36,0.0527859237536657
"hillaa01",2010,1,"TOR","AL",528,26,0.0492424242424242
"hillaa01",2011,1,"TOR","AL",396,6,0.0151515151515152
"hillaa01",2012,1,"ARI","NL",609,26,0.0426929392446634
"hillaa01",2013,1,"ARI","NL",327,11,0.0336391437308868
"hillaa01",2014,1,"ARI","NL",501,10,0.0199600798403194
"hillaa01",2015,1,"ARI","NL",313,6,0.0191693290734824
"hillaa01",2016,1,"MIL","NL",254,8,0.031496062992126
"hillbo01",2004,1,"PIT","NL",233,2,0.00858369098712446
"hilldo01",1985,1,"OAK","AL",393,3,0.00763358778625954
"hilldo01",1986,1,"OAK","AL",339,4,0.0117994100294985
"hilldo01",1987,1,"CHA","AL",410,9,0.0219512195121951
"hilldo01",1988,1,"CHA","AL",221,2,0.00904977375565611
"hilldo01",1990,1,"CAL","AL",352,3,0.00852272727272727
"hilldo01",1991,1,"CAL","AL",209,1,0.00478468899521531
"hillesh02",2001,1,"BOS","AL",468,12,0.0256410256410256
"hillesh02",2002,1,"BOS","AL",634,18,0.028391167192429
"hillesh02",2003,2,"ARI","NL",330,17,0.0515151515151515
"hillesh02",2004,1,"ARI","NL",562,15,0.0266903914590747
"hillesh02",2005,1,"TOR","AL",594,18,0.0303030303030303
"hillesh02",2006,1,"TOR","AL",296,12,0.0405405405405405
"hillesh02",2006,2,"SFN","NL",234,9,0.0384615384615385
"hillgl01",1990,1,"TOR","AL",260,12,0.0461538461538462
"hillgl01",1992,1,"CLE","AL",369,18,0.048780487804878
"hillgl01",1994,1,"CHN","NL",269,10,0.0371747211895911
"hillgl01",1995,1,"SFN","NL",497,24,0.0482897384305835
"hillgl01",1996,1,"SFN","NL",379,19,0.050131926121372
"hillgl01",1997,1,"SFN","NL",398,11,0.0276381909547739
"hillgl01",1998,1,"SEA","AL",259,12,0.0463320463320463
"hillgl01",1999,1,"CHN","NL",253,20,0.0790513833992095
"hillisa01",2021,1,"COL","NL",214,14,0.0654205607476635
"hillko01",2009,1,"CHN","NL",253,2,0.00790513833992095
"hillko01",2010,1,"CHN","NL",215,1,0.00465116279069767
"hillma01",1977,1,"SFN","NL",320,9,0.028125
"hillma01",1978,1,"SFN","NL",358,3,0.00837988826815642
"hiltoda01",1973,1,"SDN","NL",234,5,0.0213675213675214
"hiltoda01",1974,1,"SDN","NL",217,1,0.00460829493087558
"hinchaj01",1998,1,"OAK","AL",337,9,0.0267062314540059
"hinchaj01",1999,1,"OAK","AL",205,7,0.0341463414634146
"hinsker01",2002,1,"TOR","AL",566,24,0.0424028268551237
"hinsker01",2003,1,"TOR","AL",449,12,0.0267260579064588
"hinsker01",2004,1,"TOR","AL",570,15,0.0263157894736842
"hinsker01",2005,1,"TOR","AL",477,15,0.0314465408805031
"hinsker01",2008,1,"TBA","AL",381,20,0.05249343832021
"hinsker01",2010,1,"ATL","NL",281,11,0.0391459074733096
"hinsker01",2011,1,"ATL","NL",236,10,0.0423728813559322
"hinzoto01",1987,1,"CLE","AL",257,3,0.0116731517509728
"hislela01",1970,1,"PHI","NL",405,10,0.0246913580246914
"hislela01",1973,1,"MIN","AL",545,15,0.0275229357798165
"hislela01",1974,1,"MIN","AL",510,19,0.0372549019607843
"hislela01",1975,1,"MIN","AL",255,11,0.0431372549019608
"hislela01",1976,1,"MIN","AL",581,14,0.0240963855421687
"hislela01",1977,1,"MIN","AL",546,28,0.0512820512820513
"hislela01",1978,1,"ML4","AL",520,34,0.0653846153846154
"hiurake01",2019,1,"MIL","NL",314,19,0.0605095541401274
"hiurake01",2020,1,"MIL","NL",217,13,0.0599078341013825
"hiurake01",2022,1,"MIL","NL",234,14,0.0598290598290598
"hobsobu01",1976,1,"BOS","AL",269,8,0.0297397769516729
"hobsobu01",1977,1,"BOS","AL",593,30,0.0505902192242833
"hobsobu01",1978,1,"BOS","AL",512,17,0.033203125
"hobsobu01",1979,1,"BOS","AL",528,28,0.053030303030303
"hobsobu01",1980,1,"BOS","AL",324,11,0.0339506172839506
"hobsobu01",1981,1,"CAL","AL",268,4,0.0149253731343284
"hockide01",1997,1,"MIN","AL",253,2,0.00790513833992095
"hockide01",1999,1,"MIN","AL",386,7,0.0181347150259067
"hockide01",2000,1,"MIN","AL",373,4,0.0107238605898123
"hockide01",2001,1,"MIN","AL",327,3,0.0091743119266055
"hockide01",2002,1,"MIN","AL",260,2,0.00769230769230769
"hodgero01",1982,1,"NYN","NL",228,5,0.0219298245614035
"hoernni01",2022,1,"CHN","NL",481,10,0.0207900207900208
"hoernni01",2023,1,"CHN","NL",619,9,0.0145395799676898
"hoernni01",2024,1,"CHN","NL",582,7,0.0120274914089347
"hoernni01",2025,1,"CHN","NL",599,7,0.011686143572621
"hoffmgl01",1980,1,"BOS","AL",312,4,0.0128205128205128
"hoffmgl01",1981,1,"BOS","AL",242,1,0.00413223140495868
"hoffmgl01",1982,1,"BOS","AL",469,7,0.0149253731343284
"hoffmgl01",1983,1,"BOS","AL",473,4,0.00845665961945032
"hoffmgl01",1985,1,"BOS","AL",279,6,0.021505376344086
"hoffpmi01",2009,1,"CHN","NL",234,10,0.0427350427350427
"hoilech01",1991,1,"BAL","AL",341,11,0.032258064516129
"hoilech01",1992,1,"BAL","AL",310,20,0.0645161290322581
"hoilech01",1993,1,"BAL","AL",419,29,0.0692124105011933
"hoilech01",1994,1,"BAL","AL",332,19,0.0572289156626506
"hoilech01",1995,1,"BAL","AL",352,19,0.0539772727272727
"hoilech01",1996,1,"BAL","AL",407,25,0.0614250614250614
"hoilech01",1997,1,"BAL","AL",320,12,0.0375
"hoilech01",1998,1,"BAL","AL",267,15,0.0561797752808989
"hollato01",1996,1,"LAN","NL",478,12,0.0251046025104602
"hollato01",1997,1,"LAN","NL",296,4,0.0135135135135135
"hollato01",1999,1,"LAN","NL",261,9,0.0344827586206897
"hollato01",2000,1,"LAN","NL",261,8,0.0306513409961686
"hollato01",2002,1,"COL","NL",298,11,0.0369127516778524
"hollato01",2003,1,"FLO","NL",228,3,0.0131578947368421
"hollato01",2005,1,"CHN","NL",268,5,0.0186567164179104
"hollida01",1992,1,"PHI","NL",586,27,0.0460750853242321
"hollida01",1993,1,"PHI","NL",543,18,0.0331491712707182
"hollida01",1995,1,"PHI","NL",205,7,0.0341463414634146
"hollida01",1996,1,"MIN","AL",422,13,0.0308056872037915
"hollida01",1997,1,"ANA","AL",572,16,0.027972027972028
"hollida01",1998,1,"ANA","AL",363,11,0.0303030303030303
"hollida02",2005,1,"TBA","AL",342,13,0.0380116959064327
"hollida02",2006,1,"TBA","AL",333,15,0.045045045045045
"hollija01",2025,1,"BAL","AL",586,17,0.0290102389078498
"hollima01",2004,1,"COL","NL",400,14,0.035
"hollima01",2005,1,"COL","NL",479,19,0.0396659707724426
"hollima01",2006,1,"COL","NL",602,34,0.0564784053156146
"hollima01",2007,1,"COL","NL",636,36,0.0566037735849057
"hollima01",2008,1,"COL","NL",539,25,0.0463821892393321
"hollima01",2009,1,"OAK","AL",346,11,0.0317919075144509
"hollima01",2009,2,"SLN","NL",235,13,0.0553191489361702
"hollima01",2010,1,"SLN","NL",596,28,0.0469798657718121
"hollima01",2011,1,"SLN","NL",446,22,0.0493273542600897
"hollima01",2012,1,"SLN","NL",599,27,0.0450751252086811
"hollima01",2013,1,"SLN","NL",520,22,0.0423076923076923
"hollima01",2014,1,"SLN","NL",574,20,0.0348432055749129
"hollima01",2015,1,"SLN","NL",229,4,0.0174672489082969
"hollima01",2016,1,"SLN","NL",382,20,0.0523560209424084
"hollima01",2017,1,"NYA","AL",373,19,0.0509383378016086
"holtbr01",2014,1,"BOS","AL",449,4,0.0089086859688196
"holtbr01",2015,1,"BOS","AL",454,2,0.00440528634361234
"holtbr01",2016,1,"BOS","AL",290,7,0.0241379310344828
"holtbr01",2018,1,"BOS","AL",321,7,0.0218068535825545
"holtbr01",2019,1,"BOS","AL",259,3,0.0115830115830116
"holtbr01",2021,1,"TEX","AL",235,2,0.00851063829787234
"holtji01",1970,1,"MIN","AL",319,3,0.00940438871473354
"holtji01",1971,1,"MIN","AL",340,1,0.00294117647058824
"holtji01",1973,1,"MIN","AL",441,11,0.0249433106575964
"hopkiga01",1970,1,"CHA","AL",287,6,0.0209059233449477
"hopkiga01",1971,1,"KCA","AL",295,9,0.0305084745762712
"hornebo01",1978,1,"ATL","NL",323,23,0.0712074303405573
"hornebo01",1979,1,"ATL","NL",487,33,0.0677618069815195
"hornebo01",1980,1,"ATL","NL",463,35,0.0755939524838013
"hornebo01",1981,1,"ATL","NL",300,15,0.05
"hornebo01",1982,1,"ATL","NL",499,32,0.064128256513026
"hornebo01",1983,1,"ATL","NL",386,20,0.0518134715025907
"hornebo01",1985,1,"ATL","NL",483,27,0.0559006211180124
"hornebo01",1986,1,"ATL","NL",517,27,0.0522243713733075
"hornebo01",1988,1,"SLN","NL",206,3,0.0145631067961165
"hornsa01",1990,1,"BAL","AL",246,14,0.056910569105691
"hornsa01",1991,1,"BAL","AL",317,23,0.0725552050473186
"hortoto01",1970,1,"CLE","AL",413,17,0.0411622276029056
"hortowi01",1970,1,"DET","AL",371,17,0.045822102425876
"hortowi01",1971,1,"DET","AL",450,22,0.0488888888888889
"hortowi01",1972,1,"DET","AL",333,11,0.033033033033033
"hortowi01",1973,1,"DET","AL",411,17,0.0413625304136253
"hortowi01",1974,1,"DET","AL",238,15,0.0630252100840336
"hortowi01",1975,1,"DET","AL",615,25,0.040650406504065
"hortowi01",1976,1,"DET","AL",401,14,0.0349127182044888
"hortowi01",1977,2,"TEX","AL",519,15,0.0289017341040462
"hortowi01",1979,1,"SEA","AL",646,29,0.0448916408668731
"hortowi01",1980,1,"SEA","AL",335,8,0.0238805970149254
"horwisp01",2024,1,"TOR","AL",328,12,0.0365853658536585
"horwisp01",2025,1,"PIT","NL",364,11,0.0302197802197802
"hoskirh01",2018,1,"PHI","NL",558,34,0.0609318996415771
"hoskirh01",2019,1,"PHI","NL",570,29,0.0508771929824561
"hoskirh01",2021,1,"PHI","NL",389,27,0.0694087403598972
"hoskirh01",2022,1,"PHI","NL",589,30,0.0509337860780985
"hoskirh01",2024,1,"MIL","NL",449,26,0.0579064587973274
"hoskirh01",2025,1,"MIL","NL",279,12,0.043010752688172
"hosmeer01",2011,1,"KCA","AL",523,19,0.0363288718929254
"hosmeer01",2012,1,"KCA","AL",535,14,0.0261682242990654
"hosmeer01",2013,1,"KCA","AL",623,17,0.0272873194221509
"hosmeer01",2014,1,"KCA","AL",503,9,0.0178926441351889
"hosmeer01",2015,1,"KCA","AL",599,18,0.0300500834724541
"hosmeer01",2016,1,"KCA","AL",605,25,0.0413223140495868
"hosmeer01",2017,1,"KCA","AL",603,25,0.0414593698175788
"hosmeer01",2018,1,"SDN","NL",613,18,0.0293637846655791
"hosmeer01",2019,1,"SDN","NL",619,22,0.0355411954765751
"hosmeer01",2021,1,"SDN","NL",509,12,0.0235756385068762
"hosmeer01",2022,1,"SDN","NL",335,8,0.0238805970149254
"hosteda01",1982,1,"TEX","AL",418,22,0.0526315789473684
"hosteda01",1983,1,"TEX","AL",304,11,0.0361842105263158
"housebr01",2025,1,"WAS","NL",261,4,0.0153256704980843
"housepa02",1982,1,"CIN","NL",417,9,0.0215827338129496
"housepa02",1983,1,"CIN","NL",380,6,0.0157894736842105
"housepa02",1985,1,"ML4","AL",299,11,0.0367892976588629
"houstty01",1998,1,"CHN","NL",255,9,0.0352941176470588
"houstty01",1999,1,"CHN","NL",249,9,0.036144578313253
"houstty01",2000,1,"MIL","NL",284,18,0.0633802816901408
"houstty01",2001,1,"MIL","NL",235,12,0.051063829787234
"houstty01",2002,1,"MIL","NL",255,7,0.0274509803921569
"hovlest01",1973,1,"KCA","AL",232,2,0.00862068965517241
"howarda02",1991,1,"KCA","AL",236,1,0.00423728813559322
"howarda02",1992,1,"KCA","AL",219,1,0.0045662100456621
"howarda02",1996,1,"KCA","AL",420,4,0.00952380952380952
"howarfr01",1970,1,"WS2","AL",566,44,0.0777385159010601
"howarfr01",1971,1,"WS2","AL",549,26,0.0473588342440801
"howarfr01",1972,1,"TEX","AL",287,9,0.0313588850174216
"howarfr01",1973,1,"DET","AL",227,12,0.052863436123348
"howarry01",2005,1,"PHI","NL",312,22,0.0705128205128205
"howarry01",2006,1,"PHI","NL",581,58,0.0998278829604131
"howarry01",2007,1,"PHI","NL",529,47,0.0888468809073724
"howarry01",2008,1,"PHI","NL",610,48,0.0786885245901639
"howarry01",2009,1,"PHI","NL",616,45,0.073051948051948
"howarry01",2010,1,"PHI","NL",550,31,0.0563636363636364
"howarry01",2011,1,"PHI","NL",557,33,0.059245960502693
"howarry01",2012,1,"PHI","NL",260,14,0.0538461538461539
"howarry01",2013,1,"PHI","NL",286,11,0.0384615384615385
"howarry01",2014,1,"PHI","NL",569,23,0.0404217926186292
"howarry01",2015,1,"PHI","NL",467,23,0.0492505353319058
"howarry01",2016,1,"PHI","NL",331,25,0.0755287009063444
"howarth01",1991,1,"SDN","NL",281,4,0.0142348754448399
"howarth01",1992,2,"CLE","AL",358,2,0.00558659217877095
"howarth01",1995,1,"CIN","NL",281,3,0.0106761565836299
"howarth01",1996,1,"CIN","NL",360,6,0.0166666666666667
"howarth01",1997,1,"HOU","NL",255,3,0.0117647058823529
"howear01",1977,1,"HOU","NL",413,8,0.0193704600484262
"howear01",1978,1,"HOU","NL",420,7,0.0166666666666667
"howear01",1979,1,"HOU","NL",355,6,0.0169014084507042
"howear01",1980,1,"HOU","NL",321,10,0.0311526479750779
"howear01",1981,1,"HOU","NL",361,3,0.00831024930747922
"howear01",1982,1,"HOU","NL",365,5,0.0136986301369863
"howelja02",1987,1,"CAL","AL",449,23,0.0512249443207127
"howelja02",1988,1,"CAL","AL",500,16,0.032
"howelja02",1989,1,"CAL","AL",474,20,0.0421940928270042
"howelja02",1990,1,"CAL","AL",316,8,0.0253164556962025
"howelro02",1975,1,"TEX","AL",383,10,0.0261096605744125
"howelro02",1976,1,"TEX","AL",491,8,0.0162932790224033
"howelro02",1977,2,"TOR","AL",364,10,0.0274725274725275
"howelro02",1978,1,"TOR","AL",551,8,0.014519056261343
"howelro02",1979,1,"TOR","AL",511,15,0.0293542074363992
"howelro02",1980,1,"TOR","AL",528,10,0.0189393939393939
"howelro02",1981,1,"ML4","AL",244,6,0.0245901639344262
"howelro02",1982,1,"ML4","AL",300,4,0.0133333333333333
"hrbekke01",1982,1,"MIN","AL",532,23,0.0432330827067669
"hrbekke01",1983,1,"MIN","AL",515,16,0.0310679611650485
"hrbekke01",1984,1,"MIN","AL",559,27,0.0483005366726297
"hrbekke01",1985,1,"MIN","AL",593,21,0.0354131534569983
"hrbekke01",1986,1,"MIN","AL",550,29,0.0527272727272727
"hrbekke01",1987,1,"MIN","AL",477,34,0.0712788259958071
"hrbekke01",1988,1,"MIN","AL",510,25,0.0490196078431372
"hrbekke01",1989,1,"MIN","AL",375,25,0.0666666666666667
"hrbekke01",1990,1,"MIN","AL",492,22,0.0447154471544715
"hrbekke01",1991,1,"MIN","AL",462,20,0.0432900432900433
"hrbekke01",1992,1,"MIN","AL",394,15,0.0380710659898477
"hrbekke01",1993,1,"MIN","AL",392,25,0.0637755102040816
"hrbekke01",1994,1,"MIN","AL",274,10,0.0364963503649635
"hubbagl01",1979,1,"ATL","NL",325,3,0.00923076923076923
"hubbagl01",1980,1,"ATL","NL",431,9,0.0208816705336427
"hubbagl01",1981,1,"ATL","NL",361,6,0.0166204986149584
"hubbagl01",1982,1,"ATL","NL",532,9,0.0169172932330827
"hubbagl01",1983,1,"ATL","NL",517,12,0.02321083172147
"hubbagl01",1984,1,"ATL","NL",397,9,0.0226700251889169
"hubbagl01",1985,1,"ATL","NL",439,5,0.0113895216400911
"hubbagl01",1986,1,"ATL","NL",408,4,0.00980392156862745
"hubbagl01",1987,1,"ATL","NL",443,5,0.0112866817155756
"hubbagl01",1988,1,"OAK","AL",294,3,0.0102040816326531
"hubbatr01",1998,1,"LAN","NL",208,7,0.0336538461538461
"huckake01",2002,1,"TOR","AL",273,3,0.010989010989011
"hudlere01",1988,1,"MON","NL",216,4,0.0185185185185185
"hudlere01",1990,2,"SLN","NL",217,7,0.032258064516129
"hudlere01",1991,1,"SLN","NL",207,1,0.00483091787439614
"hudlere01",1995,1,"CAL","AL",223,6,0.0269058295964126
"hudlere01",1996,1,"CAL","AL",302,16,0.0529801324503311
"hudsoor01",2003,1,"TOR","AL",474,9,0.0189873417721519
"hudsoor01",2004,1,"TOR","AL",489,12,0.0245398773006135
"hudsoor01",2005,1,"TOR","AL",461,10,0.0216919739696312
"hudsoor01",2006,1,"ARI","NL",579,15,0.0259067357512953
"hudsoor01",2007,1,"ARI","NL",517,10,0.0193423597678917
"hudsoor01",2008,1,"ARI","NL",407,8,0.0196560196560197
"hudsoor01",2009,1,"LAN","NL",551,9,0.0163339382940109
"hudsoor01",2010,1,"MIN","AL",497,6,0.0120724346076459
"hudsoor01",2011,1,"SDN","NL",398,7,0.0175879396984925
"huffau01",2001,1,"TBA","AL",411,8,0.0194647201946472
"huffau01",2002,1,"TBA","AL",454,23,0.0506607929515418
"huffau01",2003,1,"TBA","AL",636,34,0.0534591194968553
"huffau01",2004,1,"TBA","AL",600,29,0.0483333333333333
"huffau01",2005,1,"TBA","AL",575,22,0.0382608695652174
"huffau01",2006,1,"TBA","AL",230,8,0.0347826086956522
"huffau01",2006,2,"HOU","NL",224,13,0.0580357142857143
"huffau01",2007,1,"BAL","AL",550,15,0.0272727272727273
"huffau01",2008,1,"BAL","AL",598,32,0.0535117056856187
"huffau01",2009,1,"BAL","AL",430,13,0.0302325581395349
"huffau01",2010,1,"SFN","NL",569,26,0.0456942003514938
"huffau01",2011,1,"SFN","NL",521,12,0.0230326295585413
"huffmi01",1994,1,"TOR","AL",207,3,0.0144927536231884
"hughebo01",1998,1,"MIL","NL",218,9,0.0412844036697248
"hughelu01",2011,1,"MIN","AL",287,7,0.024390243902439
"huletti01",1985,1,"CHA","AL",395,5,0.0126582278481013
"huletti01",1986,1,"CHA","AL",520,17,0.0326923076923077
"huletti01",1987,1,"CHA","AL",240,7,0.0291666666666667
"huletti01",1991,1,"BAL","AL",206,7,0.0339805825242718
"huletti01",1993,1,"BAL","AL",260,2,0.00769230769230769
"hulseda01",1993,1,"TEX","AL",407,1,0.00245700245700246
"hulseda01",1994,1,"TEX","AL",310,1,0.0032258064516129
"hulseda01",1995,1,"ML4","AL",339,3,0.00884955752212390
"humphte01",1972,1,"MON","NL",215,1,0.00465116279069767
"humphte01",1977,1,"CAL","AL",304,2,0.00657894736842105
"hundlni01",2009,1,"SDN","NL",256,8,0.03125
"hundlni01",2010,1,"SDN","NL",273,8,0.0293040293040293
"hundlni01",2011,1,"SDN","NL",281,9,0.0320284697508897
"hundlni01",2012,1,"SDN","NL",204,3,0.0147058823529412
"hundlni01",2013,1,"SDN","NL",373,13,0.0348525469168901
"hundlni01",2015,1,"COL","NL",366,10,0.0273224043715847
"hundlni01",2016,1,"COL","NL",289,10,0.0346020761245675
"hundlni01",2017,1,"SFN","NL",287,9,0.0313588850174216
"hundlni01",2018,1,"SFN","NL",282,10,0.0354609929078014
"hundlra01",1970,1,"CHN","NL",250,7,0.028
"hundlra01",1972,1,"CHN","NL",357,5,0.0140056022408964
"hundlra01",1973,1,"CHN","NL",368,10,0.0271739130434783
"hundlto01",1992,1,"NYN","NL",358,7,0.0195530726256983
"hundlto01",1993,1,"NYN","NL",417,11,0.026378896882494
"hundlto01",1994,1,"NYN","NL",291,16,0.0549828178694158
"hundlto01",1995,1,"NYN","NL",275,15,0.0545454545454545
"hundlto01",1996,1,"NYN","NL",540,41,0.0759259259259259
"hundlto01",1997,1,"NYN","NL",417,30,0.0719424460431655
"hundlto01",1999,1,"LAN","NL",376,24,0.0638297872340425
"hundlto01",2000,1,"LAN","NL",299,24,0.0802675585284281
"hundlto01",2001,1,"CHN","NL",246,12,0.048780487804878
"hundlto01",2002,1,"CHN","NL",266,16,0.0601503759398496
"huntebr01",1991,1,"ATL","NL",271,12,0.044280442804428
"huntebr01",1992,1,"ATL","NL",238,14,0.0588235294117647
"huntebr01",1994,1,"PIT","NL",233,11,0.0472103004291846
"huntebr02",1995,1,"HOU","NL",321,2,0.00623052959501558
"huntebr02",1996,1,"HOU","NL",526,5,0.00950570342205323
"huntebr02",1997,1,"DET","AL",658,4,0.0060790273556231
"huntebr02",1998,1,"DET","AL",595,4,0.00672268907563025
"huntebr02",1999,2,"SEA","AL",484,4,0.00826446280991736
"huntebr02",2000,1,"COL","NL",200,1,0.005
"huntebr02",2002,1,"HOU","NL",201,3,0.0149253731343284
"hunteto01",1999,1,"MIN","AL",384,9,0.0234375
"hunteto01",2000,1,"MIN","AL",336,5,0.0148809523809524
"hunteto01",2001,1,"MIN","AL",564,27,0.0478723404255319
"hunteto01",2002,1,"MIN","AL",561,29,0.0516934046345811
"hunteto01",2003,1,"MIN","AL",581,26,0.044750430292599
"hunteto01",2004,1,"MIN","AL",520,23,0.0442307692307692
"hunteto01",2005,1,"MIN","AL",372,14,0.0376344086021505
"hunteto01",2006,1,"MIN","AL",557,31,0.0556552962298025
"hunteto01",2007,1,"MIN","AL",600,28,0.0466666666666667
"hunteto01",2008,1,"LAA","AL",551,21,0.0381125226860254
"hunteto01",2009,1,"LAA","AL",451,22,0.048780487804878
"hunteto01",2010,1,"LAA","AL",573,23,0.0401396160558464
"hunteto01",2011,1,"LAA","AL",580,23,0.0396551724137931
"hunteto01",2012,1,"LAA","AL",534,16,0.0299625468164794
"hunteto01",2013,1,"DET","AL",606,17,0.0280528052805281
"hunteto01",2014,1,"DET","AL",549,17,0.0309653916211293
"hunteto01",2015,1,"MIN","AL",521,22,0.0422264875239923
"huntro01",1970,1,"SFN","NL",367,6,0.0163487738419619
"huntro01",1971,1,"MON","NL",520,5,0.00961538461538461
"huntzst01",1970,1,"SDN","NL",352,11,0.03125
"hurdlcl01",1978,1,"KCA","AL",417,7,0.0167865707434053
"hurdlcl01",1980,1,"KCA","AL",395,10,0.0253164556962025
"huskebu01",1996,1,"NYN","NL",414,15,0.036231884057971
"huskebu01",1997,1,"NYN","NL",471,24,0.0509554140127389
"huskebu01",1998,1,"NYN","NL",369,13,0.035230352303523
"huskebu01",1999,1,"SEA","AL",262,15,0.0572519083969466
"huskebu01",2000,1,"MIN","AL",215,5,0.0232558139534884
"husonje01",1991,1,"TEX","AL",268,2,0.00746268656716418
"husonje01",1992,1,"TEX","AL",318,4,0.0125786163522013
"huttoto01",1972,1,"PHI","NL",381,4,0.010498687664042
"huttoto01",1973,1,"PHI","NL",247,5,0.0202429149797571
"huttoto01",1974,1,"PHI","NL",208,4,0.0192307692307692
"iannech01",2008,1,"COL","NL",333,18,0.0540540540540541
"iannech01",2009,1,"COL","NL",289,16,0.055363321799308
"iannech01",2011,1,"COL","NL",345,14,0.0405797101449275
"iannech01",2012,1,"LAA","AL",221,9,0.0407239819004525
"iannech01",2013,1,"LAA","AL",325,11,0.0338461538461539
"iannech01",2014,1,"LAA","AL",306,7,0.022875816993464
"iannech01",2015,1,"LAA","AL",272,10,0.0367647058823529
"iannech01",2016,1,"SEA","AL",295,7,0.023728813559322
"iannech01",2017,1,"ARI","NL",272,17,0.0625
"iannech01",2018,1,"COL","NL",299,11,0.0367892976588629
"ibanean01",2021,1,"TEX","AL",253,7,0.0276679841897233
"ibanean01",2023,1,"DET","AL",356,11,0.0308988764044944
"ibanean01",2024,1,"DET","AL",224,5,0.0223214285714286
"ibanera01",1999,1,"SEA","AL",209,9,0.0430622009569378
"ibanera01",2001,1,"KCA","AL",279,13,0.046594982078853
"ibanera01",2002,1,"KCA","AL",497,24,0.0482897384305835
"ibanera01",2003,1,"KCA","AL",608,18,0.0296052631578947
"ibanera01",2004,1,"SEA","AL",481,16,0.0332640332640333
"ibanera01",2005,1,"SEA","AL",614,20,0.0325732899022801
"ibanera01",2006,1,"SEA","AL",626,33,0.0527156549520767
"ibanera01",2007,1,"SEA","AL",573,21,0.0366492146596859
"ibanera01",2008,1,"SEA","AL",635,23,0.0362204724409449
"ibanera01",2009,1,"PHI","NL",500,34,0.068
"ibanera01",2010,1,"PHI","NL",561,16,0.0285204991087344
"ibanera01",2011,1,"PHI","NL",535,20,0.0373831775700935
"ibanera01",2012,1,"NYA","AL",384,19,0.0494791666666667
"ibanera01",2013,1,"SEA","AL",454,29,0.0638766519823788
"iglesjo01",2013,1,"BOS","AL",215,1,0.00465116279069767
"iglesjo01",2015,1,"DET","AL",416,2,0.00480769230769231
"iglesjo01",2016,1,"DET","AL",467,4,0.00856531049250535
"iglesjo01",2017,1,"DET","AL",463,6,0.0129589632829374
"iglesjo01",2018,1,"DET","AL",432,5,0.0115740740740741
"iglesjo01",2019,1,"CIN","NL",504,11,0.0218253968253968
"iglesjo01",2021,1,"LAA","AL",424,8,0.0188679245283019
"iglesjo01",2022,1,"COL","NL",439,3,0.00683371298405467
"iglesjo01",2024,1,"NYN","NL",270,4,0.0148148148148148
"iglesjo01",2025,1,"SDN","NL",306,3,0.00980392156862745
"iguchta01",2005,1,"CHA","AL",511,15,0.0293542074363992
"iguchta01",2006,1,"CHA","AL",555,18,0.0324324324324324
"iguchta01",2007,1,"CHA","AL",327,6,0.018348623853211
"iguchta01",2008,1,"SDN","NL",303,2,0.0066006600660066
"incavpe01",1986,1,"TEX","AL",540,30,0.0555555555555556
"incavpe01",1987,1,"TEX","AL",509,27,0.0530451866404715
"incavpe01",1988,1,"TEX","AL",418,22,0.0526315789473684
"incavpe01",1989,1,"TEX","AL",453,21,0.0463576158940397
"incavpe01",1990,1,"TEX","AL",529,24,0.0453686200378072
"incavpe01",1991,1,"DET","AL",337,11,0.0326409495548961
"incavpe01",1992,1,"HOU","NL",349,11,0.0315186246418338
"incavpe01",1993,1,"PHI","NL",368,24,0.0652173913043478
"incavpe01",1994,1,"PHI","NL",244,13,0.0532786885245902
"incavpe01",1996,1,"PHI","NL",269,16,0.0594795539033457
"inciaen01",2014,1,"ARI","NL",418,4,0.00956937799043062
"inciaen01",2015,1,"ARI","NL",524,6,0.0114503816793893
"inciaen01",2016,1,"ATL","NL",522,3,0.00574712643678161
"inciaen01",2017,1,"ATL","NL",662,11,0.0166163141993958
"inciaen01",2018,1,"ATL","NL",597,10,0.016750418760469
"indiajo01",2021,1,"CIN","NL",532,21,0.0394736842105263
"indiajo01",2022,1,"CIN","NL",386,10,0.0259067357512953
"indiajo01",2023,1,"CIN","NL",454,17,0.0374449339207048
"indiajo01",2024,1,"CIN","NL",533,15,0.0281425891181989
"indiajo01",2025,1,"KCA","AL",497,9,0.0181086519114688
"infanom01",2004,1,"DET","AL",503,16,0.0318091451292246
"infanom01",2005,1,"DET","AL",406,9,0.0221674876847291
"infanom01",2006,1,"DET","AL",224,4,0.0178571428571429
"infanom01",2008,1,"ATL","NL",317,3,0.00946372239747634
"infanom01",2009,1,"ATL","NL",203,2,0.00985221674876847
"infanom01",2010,1,"ATL","NL",471,8,0.0169851380042463
"infanom01",2011,1,"FLO","NL",579,7,0.0120898100172712
"infanom01",2012,1,"MIA","NL",328,8,0.024390243902439
"infanom01",2012,2,"DET","AL",226,4,0.0176991150442478
"infanom01",2013,1,"DET","AL",453,10,0.022075055187638
"infanom01",2014,1,"KCA","AL",528,6,0.0113636363636364
"infanom01",2015,1,"KCA","AL",440,2,0.00454545454545455
"ingebr01",2002,1,"DET","AL",321,7,0.0218068535825545
"ingebr01",2003,1,"DET","AL",330,8,0.0242424242424242
"ingebr01",2004,1,"DET","AL",408,13,0.0318627450980392
"ingebr01",2005,1,"DET","AL",616,16,0.025974025974026
"ingebr01",2006,1,"DET","AL",542,27,0.0498154981549815
"ingebr01",2007,1,"DET","AL",508,14,0.0275590551181102
"ingebr01",2008,1,"DET","AL",347,11,0.031700288184438
"ingebr01",2009,1,"DET","AL",562,27,0.0480427046263345
"ingebr01",2010,1,"DET","AL",514,13,0.0252918287937743
"ingebr01",2011,1,"DET","AL",269,3,0.0111524163568773
"ingebr01",2012,2,"OAK","AL",283,11,0.03886925795053
"inglejo01",2006,1,"CLE","AL",201,2,0.0099502487562189
"inglejo01",2008,1,"TOR","AL",344,3,0.00872093023255814
"iorgda01",1980,1,"SLN","NL",251,3,0.0119521912350598
"iorgda01",1981,1,"SLN","NL",217,2,0.00921658986175115
"iorgda01",1984,2,"KCA","AL",235,5,0.0212765957446809
"iorgga01",1980,1,"TOR","AL",222,2,0.00900900900900901
"iorgga01",1982,1,"TOR","AL",417,1,0.00239808153477218
"iorgga01",1983,1,"TOR","AL",375,2,0.00533333333333333
"iorgga01",1984,1,"TOR","AL",247,1,0.00404858299595142
"iorgga01",1985,1,"TOR","AL",288,7,0.0243055555555556
"iorgga01",1986,1,"TOR","AL",327,3,0.0091743119266055
"iorgga01",1987,1,"TOR","AL",310,4,0.0129032258064516
"isbelky01",2022,1,"KCA","AL",256,5,0.01953125
"isbelky01",2023,1,"KCA","AL",292,5,0.0171232876712329
"isbelky01",2024,1,"KCA","AL",384,8,0.0208333333333333
"isbelky01",2025,1,"KCA","AL",368,4,0.0108695652173913
"ishiktr01",2009,1,"SFN","NL",326,9,0.0276073619631902
"iviemi01",1975,1,"SDN","NL",377,8,0.0212201591511936
"iviemi01",1976,1,"SDN","NL",405,7,0.017283950617284
"iviemi01",1977,1,"SDN","NL",489,9,0.0184049079754601
"iviemi01",1978,1,"SFN","NL",318,11,0.0345911949685535
"iviemi01",1979,1,"SFN","NL",402,27,0.0671641791044776
"iviemi01",1980,1,"SFN","NL",286,4,0.013986013986014
"iviemi01",1982,2,"DET","AL",259,14,0.0540540540540541
"iwamuak01",2007,1,"TBA","AL",491,7,0.0142566191446029
"iwamuak01",2008,1,"TBA","AL",627,6,0.00956937799043062
"iwamuak01",2009,1,"TBA","AL",231,1,0.00432900432900433
"izturce01",2002,1,"LAN","NL",439,1,0.00227790432801822
"izturce01",2003,1,"LAN","NL",558,1,0.0017921146953405
"izturce01",2004,1,"LAN","NL",670,4,0.00597014925373134
"izturce01",2005,1,"LAN","NL",444,2,0.0045045045045045
"izturce01",2008,1,"SLN","NL",414,1,0.00241545893719807
"izturce01",2009,1,"BAL","AL",387,2,0.00516795865633075
"izturce01",2010,1,"BAL","AL",473,1,0.00211416490486258
"izturma01",2006,1,"LAA","AL",352,5,0.0142045454545455
"izturma01",2007,1,"LAA","AL",336,6,0.0178571428571429
"izturma01",2008,1,"LAA","AL",290,3,0.0103448275862069
"izturma01",2009,1,"LAA","AL",387,8,0.020671834625323
"izturma01",2010,1,"LAA","AL",212,3,0.0141509433962264
"izturma01",2011,1,"LAA","AL",449,5,0.0111358574610245
"izturma01",2012,1,"LAA","AL",289,2,0.0069204152249135
"izturma01",2013,1,"TOR","AL",365,5,0.0136986301369863
"jacksau01",2010,1,"DET","AL",618,4,0.00647249190938511
"jacksau01",2011,1,"DET","AL",591,10,0.0169204737732657
"jacksau01",2012,1,"DET","AL",543,16,0.0294659300184162
"jacksau01",2013,1,"DET","AL",552,12,0.0217391304347826
"jacksau01",2014,1,"DET","AL",374,4,0.0106951871657754
"jacksau01",2015,1,"SEA","AL",419,8,0.0190930787589499
"jacksau01",2017,1,"CLE","AL",280,7,0.025
"jacksbo01",1987,1,"KCA","AL",396,22,0.0555555555555556
"jacksbo01",1988,1,"KCA","AL",439,25,0.0569476082004556
"jacksbo01",1989,1,"KCA","AL",515,32,0.0621359223300971
"jacksbo01",1990,1,"KCA","AL",405,28,0.0691358024691358
"jacksbo01",1993,1,"CHA","AL",284,16,0.0563380281690141
"jacksbo01",1994,1,"CAL","AL",201,13,0.0646766169154229
"jacksco01",2006,1,"ARI","NL",485,15,0.0309278350515464
"jacksco01",2007,1,"ARI","NL",415,15,0.036144578313253
"jacksco01",2008,1,"ARI","NL",540,12,0.0222222222222222
"jacksco01",2011,1,"OAK","AL",333,4,0.012012012012012
"jacksda03",1991,1,"SDN","NL",359,21,0.0584958217270195
"jacksda03",1992,1,"SDN","NL",587,17,0.0289608177172061
"jacksda03",1994,1,"CHA","AL",369,10,0.02710027100271
"jacksda03",1998,1,"MIL","NL",204,4,0.0196078431372549
"jacksda04",1999,1,"SDN","NL",388,9,0.0231958762886598
"jacksda04",2000,1,"SDN","NL",470,6,0.0127659574468085
"jacksda04",2001,1,"SDN","NL",440,4,0.00909090909090909
"jacksda04",2002,1,"DET","AL",245,1,0.00408163265306122
"jacksda04",2005,1,"SDN","NL",275,5,0.0181818181818182
"jacksre01",1970,1,"OAK","AL",426,23,0.0539906103286385
"jacksre01",1971,1,"OAK","AL",567,32,0.0564373897707231
"jacksre01",1972,1,"OAK","AL",499,25,0.0501002004008016
"jacksre01",1973,1,"OAK","AL",539,32,0.0593692022263451
"jacksre01",1974,1,"OAK","AL",506,29,0.0573122529644269
"jacksre01",1975,1,"OAK","AL",593,36,0.06070826306914
"jacksre01",1976,1,"BAL","AL",498,27,0.0542168674698795
"jacksre01",1977,1,"NYA","AL",525,32,0.060952380952381
"jacksre01",1978,1,"NYA","AL",511,27,0.0528375733855186
"jacksre01",1979,1,"NYA","AL",465,29,0.0623655913978495
"jacksre01",1980,1,"NYA","AL",514,41,0.0797665369649805
"jacksre01",1981,1,"NYA","AL",334,15,0.0449101796407186
"jacksre01",1982,1,"CAL","AL",530,39,0.0735849056603774
"jacksre01",1983,1,"CAL","AL",397,14,0.035264483627204
"jacksre01",1984,1,"CAL","AL",525,25,0.0476190476190476
"jacksre01",1985,1,"CAL","AL",460,27,0.058695652173913
"jacksre01",1986,1,"CAL","AL",419,18,0.0429594272076372
"jacksre01",1987,1,"OAK","AL",336,15,0.0446428571428571
"jacksro02",1976,1,"CAL","AL",410,8,0.0195121951219512
"jacksro02",1977,1,"CAL","AL",292,8,0.0273972602739726
"jacksro02",1978,1,"CAL","AL",387,6,0.0155038759689922
"jacksro02",1979,1,"MIN","AL",583,14,0.0240137221269297
"jacksro02",1980,1,"MIN","AL",396,5,0.0126262626262626
"jacksro02",1983,1,"CAL","AL",348,8,0.0229885057471264
"jacksry01",1998,1,"FLO","NL",260,5,0.0192307692307692
"jacksso01",1971,1,"ATL","NL",547,2,0.0036563071297989
"jacobbr01",1984,1,"CLE","AL",439,7,0.0159453302961276
"jacobbr01",1985,1,"CLE","AL",606,20,0.033003300330033
"jacobbr01",1986,1,"CLE","AL",583,17,0.0291595197255575
"jacobbr01",1987,1,"CLE","AL",540,32,0.0592592592592593
"jacobbr01",1988,1,"CLE","AL",552,9,0.016304347826087
"jacobbr01",1989,1,"CLE","AL",519,13,0.0250481695568401
"jacobbr01",1990,1,"CLE","AL",553,14,0.0253164556962025
"jacobbr01",1991,1,"CLE","AL",231,4,0.0173160173160173
"jacobbr01",1992,1,"CLE","AL",291,4,0.013745704467354
"jacobmi02",2006,1,"FLO","NL",469,20,0.0426439232409382
"jacobmi02",2007,1,"FLO","NL",426,17,0.039906103286385
"jacobmi02",2008,1,"FLO","NL",477,32,0.0670859538784067
"jacobmi02",2009,1,"KCA","AL",434,19,0.043778801843318
"jahajo01",1993,1,"ML4","AL",515,19,0.0368932038834951
"jahajo01",1994,1,"ML4","AL",291,12,0.0412371134020619
"jahajo01",1995,1,"ML4","AL",316,20,0.0632911392405063
"jahajo01",1996,1,"ML4","AL",543,34,0.0626151012891344
"jahajo01",1998,1,"MIL","NL",216,7,0.0324074074074074
"jahajo01",1999,1,"OAK","AL",457,35,0.0765864332603939
"jamesch02",1987,1,"PHI","NL",358,17,0.0474860335195531
"jamesch02",1988,1,"PHI","NL",566,19,0.0335689045936396
"jamesch02",1989,2,"SDN","NL",303,11,0.0363036303630363
"jamesch02",1990,1,"CLE","AL",528,12,0.0227272727272727
"jamesch02",1991,1,"CLE","AL",437,5,0.011441647597254
"jamesch02",1992,1,"SFN","NL",248,5,0.0201612903225806
"jamesdi01",1984,1,"ML4","AL",387,1,0.00258397932816538
"jamesdi01",1987,1,"ATL","NL",494,10,0.0202429149797571
"jamesdi01",1988,1,"ATL","NL",386,3,0.0077720207253886
"jamesdi01",1989,2,"CLE","AL",245,4,0.0163265306122449
"jamesdi01",1990,1,"CLE","AL",248,1,0.00403225806451613
"jamesdi01",1993,1,"NYA","AL",343,7,0.0204081632653061
"jamesdi01",1995,1,"NYA","AL",209,2,0.00956937799043062
"janispa01",2009,1,"CIN","NL",256,1,0.00390625
"janispa01",2010,1,"CIN","NL",200,5,0.025
"jankotr01",2016,1,"SDN","NL",335,2,0.00597014925373134
"jankotr01",2018,1,"SDN","NL",347,4,0.0115273775216138
"jankotr01",2023,1,"TEX","AL",247,1,0.00404858299595142
"janseda01",2019,1,"TOR","AL",347,13,0.037463976945245
"janseda01",2022,1,"TOR","AL",215,15,0.0697674418604651
"janseda01",2023,1,"TOR","AL",268,17,0.0634328358208955
"janseda01",2025,1,"TBA","AL",221,11,0.0497737556561086
"jaramja01",2009,1,"PIT","NL",206,3,0.0145631067961165
"jasojo01",2010,1,"TBA","AL",339,5,0.0147492625368732
"jasojo01",2011,1,"TBA","AL",246,5,0.0203252032520325
"jasojo01",2012,1,"SEA","AL",294,10,0.0340136054421769
"jasojo01",2013,1,"OAK","AL",207,3,0.0144927536231884
"jasojo01",2014,1,"OAK","AL",307,9,0.0293159609120521
"jasojo01",2016,1,"PIT","NL",380,8,0.0210526315789474
"jasojo01",2017,1,"PIT","NL",256,10,0.0390625
"javieju01",1970,1,"SLN","NL",513,2,0.00389863547758285
"javieju01",1971,1,"SLN","NL",259,3,0.0115830115830116
"javiest01",1988,1,"OAK","AL",397,2,0.00503778337531486
"javiest01",1989,1,"OAK","AL",310,1,0.0032258064516129
"javiest01",1990,2,"LAN","NL",276,3,0.0108695652173913
"javiest01",1993,1,"CAL","AL",237,3,0.0126582278481013
"javiest01",1994,1,"OAK","AL",419,10,0.0238663484486873
"javiest01",1995,1,"OAK","AL",442,8,0.0180995475113122
"javiest01",1996,1,"SFN","NL",274,2,0.0072992700729927
"javiest01",1997,1,"SFN","NL",440,8,0.0181818181818182
"javiest01",1998,1,"SFN","NL",417,4,0.00959232613908873
"javiest01",1999,1,"SFN","NL",333,3,0.00900900900900901
"javiest01",2000,1,"SEA","AL",342,5,0.0146198830409357
"javiest01",2001,1,"SEA","AL",281,4,0.0142348754448399
"jayjo02",2010,1,"SLN","NL",287,4,0.0139372822299652
"jayjo02",2011,1,"SLN","NL",455,10,0.021978021978022
"jayjo02",2012,1,"SLN","NL",443,4,0.0090293453724605
"jayjo02",2013,1,"SLN","NL",548,7,0.0127737226277372
"jayjo02",2014,1,"SLN","NL",413,3,0.00726392251815981
"jayjo02",2015,1,"SLN","NL",210,1,0.00476190476190476
"jayjo02",2016,1,"SDN","NL",347,2,0.00576368876080692
"jayjo02",2017,1,"CHN","NL",379,2,0.00527704485488127
"jayjo02",2018,1,"KCA","AL",238,1,0.00420168067226891
"jayjo02",2018,2,"ARI","NL",289,2,0.0069204152249135
"jeffegr01",1989,1,"NYN","NL",508,12,0.0236220472440945
"jeffegr01",1990,1,"NYN","NL",604,15,0.0248344370860927
"jeffegr01",1991,1,"NYN","NL",486,9,0.0185185185185185
"jeffegr01",1992,1,"KCA","AL",604,10,0.0165562913907285
"jeffegr01",1993,1,"SLN","NL",544,16,0.0294117647058824
"jeffegr01",1994,1,"SLN","NL",397,12,0.0302267002518892
"jeffegr01",1995,1,"PHI","NL",480,11,0.0229166666666667
"jeffegr01",1996,1,"PHI","NL",404,7,0.0173267326732673
"jeffegr01",1997,1,"PHI","NL",476,11,0.023109243697479
"jeffegr01",1998,1,"PHI","NL",483,8,0.0165631469979296
"jeffegr01",1999,1,"DET","AL",205,6,0.0292682926829268
"jeffere01",1993,1,"CLE","AL",366,10,0.0273224043715847
"jeffere01",1996,1,"BOS","AL",386,19,0.0492227979274611
"jeffere01",1997,1,"BOS","AL",489,13,0.0265848670756646
"jeffere01",1999,1,"BOS","AL",206,5,0.0242718446601942
"jeffery01",2021,1,"MIN","AL",267,14,0.052434456928839
"jeffery01",2022,1,"MIN","AL",212,7,0.0330188679245283
"jeffery01",2023,1,"MIN","AL",286,14,0.048951048951049
"jeffery01",2024,1,"MIN","AL",412,21,0.0509708737864078
"jeffery01",2025,1,"MIN","AL",406,9,0.0221674876847291
"jeffest01",1987,1,"SDN","NL",422,8,0.018957345971564
"jeltzst01",1989,1,"PHI","NL",263,4,0.0152091254752852
"jenkige01",1998,1,"MIL","NL",262,9,0.0343511450381679
"jenkige01",1999,1,"MIL","NL",447,21,0.0469798657718121
"jenkige01",2000,1,"MIL","NL",512,34,0.06640625
"jenkige01",2001,1,"MIL","NL",397,20,0.0503778337531486
"jenkige01",2002,1,"MIL","NL",243,10,0.0411522633744856
"jenkige01",2003,1,"MIL","NL",487,28,0.0574948665297741
"jenkige01",2004,1,"MIL","NL",617,27,0.0437601296596434
"jenkige01",2005,1,"MIL","NL",538,25,0.0464684014869888
"jenkige01",2006,1,"MIL","NL",484,17,0.0351239669421488
"jenkige01",2007,1,"MIL","NL",420,21,0.05
"jenkige01",2008,1,"PHI","NL",293,9,0.0307167235494881
"jennide01",2011,1,"TBA","AL",247,10,0.0404858299595142
"jennide01",2012,1,"TBA","AL",505,13,0.0257425742574257
"jennide01",2013,1,"TBA","AL",527,14,0.0265654648956357
"jennide01",2014,1,"TBA","AL",479,10,0.0208768267223382
"jennide01",2016,1,"TBA","AL",200,7,0.035
"jestaga01",1972,1,"SDN","NL",256,6,0.0234375
"jeterde01",1996,1,"NYA","AL",582,10,0.0171821305841924
"jeterde01",1997,1,"NYA","AL",654,10,0.0152905198776758
"jeterde01",1998,1,"NYA","AL",626,19,0.0303514376996805
"jeterde01",1999,1,"NYA","AL",627,24,0.0382775119617225
"jeterde01",2000,1,"NYA","AL",593,15,0.0252951096121417
"jeterde01",2001,1,"NYA","AL",614,21,0.0342019543973941
"jeterde01",2002,1,"NYA","AL",644,18,0.0279503105590062
"jeterde01",2003,1,"NYA","AL",482,10,0.020746887966805
"jeterde01",2004,1,"NYA","AL",643,23,0.0357698289269051
"jeterde01",2005,1,"NYA","AL",654,19,0.0290519877675841
"jeterde01",2006,1,"NYA","AL",623,14,0.0224719101123596
"jeterde01",2007,1,"NYA","AL",639,12,0.0187793427230047
"jeterde01",2008,1,"NYA","AL",596,11,0.0184563758389262
"jeterde01",2009,1,"NYA","AL",634,18,0.028391167192429
"jeterde01",2010,1,"NYA","AL",663,10,0.0150829562594268
"jeterde01",2011,1,"NYA","AL",546,6,0.010989010989011
"jeterde01",2012,1,"NYA","AL",683,15,0.0219619326500732
"jeterde01",2014,1,"NYA","AL",581,4,0.00688468158347677
"jeterjo01",1972,1,"SDN","NL",326,7,0.0214723926380368
"jeterjo01",1973,1,"CHA","AL",300,7,0.0233333333333333
"jimenda01",2001,1,"SDN","NL",308,3,0.00974025974025974
"jimenda01",2002,1,"SDN","NL",321,3,0.00934579439252336
"jimenda01",2003,1,"CHA","AL",271,7,0.025830258302583
"jimenda01",2003,2,"CIN","NL",290,7,0.0241379310344828
"jimenda01",2004,1,"CIN","NL",563,12,0.0213143872113677
"jimenel02",2019,1,"CHA","AL",468,31,0.0662393162393162
"jimenel02",2020,1,"CHA","AL",213,14,0.0657276995305164
"jimenel02",2021,1,"CHA","AL",213,10,0.0469483568075117
"jimenel02",2022,1,"CHA","AL",292,16,0.0547945205479452
"jimenel02",2023,1,"CHA","AL",456,18,0.0394736842105263
"jimenel02",2024,1,"CHA","AL",229,5,0.0218340611353712
"joeco01",2022,1,"COL","NL",404,7,0.0173267326732673
"joeco01",2023,1,"PIT","NL",413,11,0.026634382566586
"joeco01",2024,1,"PIT","NL",364,9,0.0247252747252747
"johjike01",2006,1,"SEA","AL",506,18,0.0355731225296443
"johjike01",2007,1,"SEA","AL",485,14,0.0288659793814433
"johjike01",2008,1,"SEA","AL",379,7,0.0184696569920844
"johjike01",2009,1,"SEA","AL",239,9,0.0376569037656904
"johnsal01",1970,1,"CAL","AL",614,14,0.0228013029315961
"johnsal01",1971,1,"CAL","AL",242,2,0.00826446280991736
"johnsal01",1972,1,"CLE","AL",356,8,0.0224719101123596
"johnsal01",1973,1,"TEX","AL",624,8,0.0128205128205128
"johnsal01",1974,1,"TEX","AL",453,4,0.00883002207505519
"johnsal01",1976,1,"DET","AL",429,6,0.013986013986014
"johnsbr01",1995,1,"SDN","NL",207,3,0.0144927536231884
"johnsbr01",1996,1,"SDN","NL",243,8,0.0329218106995885
"johnsbr01",1998,1,"SFN","NL",308,13,0.0422077922077922
"johnsch04",1995,1,"FLO","NL",315,11,0.0349206349206349
"johnsch04",1996,1,"FLO","NL",386,13,0.0336787564766839
"johnsch04",1997,1,"FLO","NL",416,19,0.0456730769230769
"johnsch04",1998,2,"LAN","NL",346,12,0.0346820809248555
"johnsch04",1999,1,"BAL","AL",426,16,0.0375586854460094
"johnsch04",2000,1,"BAL","AL",286,21,0.0734265734265734
"johnsch04",2001,1,"FLO","NL",451,18,0.0399113082039911
"johnsch04",2002,1,"FLO","NL",244,6,0.0245901639344262
"johnsch04",2003,1,"COL","NL",356,20,0.0561797752808989
"johnsch04",2004,1,"COL","NL",305,13,0.0426229508196721
"johnsch05",2010,1,"HOU","NL",341,11,0.032258064516129
"johnsch05",2011,1,"HOU","NL",378,7,0.0185185185185185
"johnsch05",2012,1,"HOU","NL",341,8,0.0234604105571848
"johnsch05",2013,1,"ATL","NL",514,12,0.0233463035019455
"johnsch05",2014,1,"ATL","NL",582,10,0.0171821305841924
"johnsch05",2016,1,"MIA","NL",243,5,0.0205761316872428
"johnscl01",1975,1,"HOU","NL",340,20,0.0588235294117647
"johnscl01",1976,1,"HOU","NL",318,10,0.0314465408805031
"johnscl01",1979,2,"CLE","AL",240,18,0.075
"johnscl01",1981,1,"OAK","AL",273,17,0.0622710622710623
"johnscl01",1982,1,"OAK","AL",214,7,0.0327102803738318
"johnscl01",1983,1,"TOR","AL",407,22,0.0540540540540541
"johnscl01",1984,1,"TOR","AL",359,16,0.0445682451253482
"johnscl01",1985,1,"TEX","AL",296,12,0.0405405405405405
"johnscl01",1986,1,"TOR","AL",336,15,0.0446428571428571
"johnsda02",1970,1,"BAL","AL",530,10,0.0188679245283019
"johnsda02",1971,1,"BAL","AL",510,18,0.0352941176470588
"johnsda02",1972,1,"BAL","AL",376,5,0.0132978723404255
"johnsda02",1973,1,"ATL","NL",559,43,0.0769230769230769
"johnsda02",1974,1,"ATL","NL",454,15,0.0330396475770925
"johnsda06",2005,1,"OAK","AL",375,15,0.04
"johnsda06",2006,1,"OAK","AL",286,9,0.0314685314685315
"johnsda06",2007,1,"OAK","AL",416,18,0.0432692307692308
"johnsde01",1970,1,"PHI","NL",574,27,0.0470383275261324
"johnsde01",1971,1,"PHI","NL",582,34,0.0584192439862543
"johnsde01",1972,1,"PHI","NL",230,9,0.0391304347826087
"johnsde01",1973,2,"OAK","AL",464,19,0.040948275862069
"johnsde01",1975,1,"CHA","AL",555,18,0.0324324324324324
"johnsel02",2012,1,"TBA","AL",297,6,0.0202020202020202
"johnsho01",1984,1,"DET","AL",355,12,0.0338028169014085
"johnsho01",1985,1,"NYN","NL",389,11,0.0282776349614396
"johnsho01",1986,1,"NYN","NL",220,10,0.0454545454545455
"johnsho01",1987,1,"NYN","NL",554,36,0.0649819494584837
"johnsho01",1988,1,"NYN","NL",495,24,0.0484848484848485
"johnsho01",1989,1,"NYN","NL",571,36,0.0630472854640981
"johnsho01",1990,1,"NYN","NL",590,23,0.0389830508474576
"johnsho01",1991,1,"NYN","NL",564,38,0.0673758865248227
"johnsho01",1992,1,"NYN","NL",350,7,0.02
"johnsho01",1993,1,"NYN","NL",235,7,0.0297872340425532
"johnsho01",1994,1,"COL","NL",227,10,0.0440528634361234
"johnsja01",1970,1,"CAL","AL",320,11,0.034375
"johnsja01",1971,1,"CHA","AL",388,16,0.0412371134020619
"johnsja01",1972,1,"CHA","AL",261,4,0.0153256704980843
"johnsja01",1974,1,"PHI","NL",200,6,0.03
"johnsja01",1975,1,"PHI","NL",350,7,0.02
"johnsja01",1976,1,"PHI","NL",440,5,0.0113636363636364
"johnsja01",1977,1,"PHI","NL",363,15,0.0413223140495868
"johnsja01",1980,1,"LAN","NL",251,2,0.00796812749003984
"johnsja01",1982,2,"CHN","NL",269,10,0.0371747211895911
"johnske05",2005,1,"ATL","NL",290,9,0.0310344827586207
"johnske05",2007,1,"ATL","NL",521,16,0.0307101727447217
"johnske05",2008,1,"ATL","NL",547,12,0.0219378427787934
"johnske05",2009,1,"ATL","NL",303,8,0.0264026402640264
"johnske05",2010,1,"ARI","NL",585,26,0.0444444444444444
"johnske05",2011,1,"ARI","NL",430,18,0.0418604651162791
"johnske05",2012,1,"TOR","AL",507,16,0.0315581854043393
"johnske05",2013,1,"TBA","AL",366,16,0.0437158469945355
"johnske05",2014,1,"NYA","AL",201,6,0.0298507462686567
"johnsla02",1976,1,"CHA","AL",222,4,0.018018018018018
"johnsla02",1977,1,"CHA","AL",374,18,0.0481283422459893
"johnsla02",1978,1,"CHA","AL",498,8,0.0160642570281124
"johnsla02",1979,1,"CHA","AL",479,12,0.0250521920668058
"johnsla02",1980,1,"CHA","AL",541,13,0.0240295748613678
"johnsla02",1982,1,"TEX","AL",324,7,0.0216049382716049
"johnsla03",1990,1,"CHA","AL",541,1,0.00184842883548983
"johnsla03",1992,1,"CHA","AL",567,3,0.00529100529100529
"johnsla03",1994,1,"CHA","AL",412,3,0.00728155339805825
"johnsla03",1995,1,"CHA","AL",607,10,0.0164744645799012
"johnsla03",1996,1,"NYN","NL",682,9,0.0131964809384164
"johnsla03",1997,1,"NYN","NL",265,1,0.00377358490566038
"johnsla03",1998,1,"CHN","NL",304,2,0.00657894736842105
"johnsla03",1999,1,"CHN","NL",335,1,0.00298507462686567
"johnsma01",1995,1,"PIT","NL",221,13,0.0588235294117647
"johnsma01",1996,1,"PIT","NL",343,13,0.0379008746355685
"johnsma01",1997,1,"PIT","NL",219,4,0.0182648401826484
"johnsma02",1999,1,"CHA","AL",207,4,0.0193236714975845
"johnsma02",2000,1,"CHA","AL",213,3,0.0140845070422535
"johnsma02",2002,1,"CHA","AL",263,4,0.0152091254752852
"johnsni01",2002,1,"NYA","AL",378,15,0.0396825396825397
"johnsni01",2003,1,"NYA","AL",324,14,0.0432098765432099
"johnsni01",2004,1,"MON","NL",251,7,0.0278884462151394
"johnsni01",2005,1,"WAS","NL",453,15,0.033112582781457
"johnsni01",2006,1,"WAS","NL",500,23,0.046
"johnsni01",2009,1,"WAS","NL",353,6,0.0169971671388102
"johnsra03",1982,1,"MIN","AL",234,10,0.0427350427350427
"johnsra04",1984,1,"ATL","NL",294,5,0.0170068027210884
"johnsre02",2003,1,"TOR","AL",412,10,0.0242718446601942
"johnsre02",2004,1,"TOR","AL",537,10,0.0186219739292365
"johnsre02",2005,1,"TOR","AL",398,8,0.0201005025125628
"johnsre02",2006,1,"TOR","AL",461,12,0.0260303687635575
"johnsre02",2007,1,"TOR","AL",275,2,0.00727272727272727
"johnsre02",2008,1,"CHN","NL",333,6,0.018018018018018
"johnsre02",2010,1,"LAN","NL",202,2,0.0099009900990099
"johnsre02",2011,1,"CHN","NL",246,5,0.0203252032520325
"johnsro07",2009,1,"SEA","AL",258,2,0.00775193798449612
"johnsru01",2001,1,"TBA","AL",248,4,0.0161290322580645
"jonesad01",2008,1,"BAL","AL",477,9,0.0188679245283019
"jonesad01",2009,1,"BAL","AL",473,19,0.040169133192389
"jonesad01",2010,1,"BAL","AL",581,19,0.0327022375215146
"jonesad01",2011,1,"BAL","AL",567,25,0.0440917107583774
"jonesad01",2012,1,"BAL","AL",648,32,0.0493827160493827
"jonesad01",2013,1,"BAL","AL",653,33,0.0505359877488515
"jonesad01",2014,1,"BAL","AL",644,29,0.0450310559006211
"jonesad01",2015,1,"BAL","AL",546,27,0.0494505494505494
"jonesad01",2016,1,"BAL","AL",619,29,0.0468497576736672
"jonesad01",2017,1,"BAL","AL",597,26,0.0435510887772194
"jonesad01",2018,1,"BAL","AL",580,15,0.0258620689655172
"jonesad01",2019,1,"ARI","NL",485,16,0.0329896907216495
"jonesan01",1997,1,"ATL","NL",399,18,0.0451127819548872
"jonesan01",1998,1,"ATL","NL",582,31,0.0532646048109966
"jonesan01",1999,1,"ATL","NL",592,26,0.0439189189189189
"jonesan01",2000,1,"ATL","NL",656,36,0.0548780487804878
"jonesan01",2001,1,"ATL","NL",625,34,0.0544
"jonesan01",2002,1,"ATL","NL",560,35,0.0625
"jonesan01",2003,1,"ATL","NL",595,36,0.0605042016806723
"jonesan01",2004,1,"ATL","NL",570,29,0.0508771929824561
"jonesan01",2005,1,"ATL","NL",586,51,0.0870307167235495
"jonesan01",2006,1,"ATL","NL",565,41,0.0725663716814159
"jonesan01",2007,1,"ATL","NL",572,26,0.0454545454545455
"jonesan01",2008,1,"LAN","NL",209,3,0.0143540669856459
"jonesan01",2009,1,"TEX","AL",281,17,0.0604982206405694
"jonesan01",2010,1,"CHA","AL",278,19,0.0683453237410072
"jonesan01",2012,1,"NYA","AL",233,14,0.0600858369098713
"jonesch05",1993,1,"COL","NL",209,6,0.0287081339712919
"jonesch06",1995,1,"ATL","NL",524,23,0.0438931297709924
"jonesch06",1996,1,"ATL","NL",598,30,0.0501672240802676
"jonesch06",1997,1,"ATL","NL",597,21,0.0351758793969849
"jonesch06",1998,1,"ATL","NL",601,34,0.0565723793677205
"jonesch06",1999,1,"ATL","NL",567,45,0.0793650793650794
"jonesch06",2000,1,"ATL","NL",579,36,0.0621761658031088
"jonesch06",2001,1,"ATL","NL",572,38,0.0664335664335664
"jonesch06",2002,1,"ATL","NL",548,26,0.0474452554744525
"jonesch06",2003,1,"ATL","NL",555,27,0.0486486486486486
"jonesch06",2004,1,"ATL","NL",472,30,0.0635593220338983
"jonesch06",2005,1,"ATL","NL",358,21,0.058659217877095
"jonesch06",2006,1,"ATL","NL",411,26,0.0632603406326034
"jonesch06",2007,1,"ATL","NL",513,29,0.0565302144249513
"jonesch06",2008,1,"ATL","NL",439,22,0.0501138952164009
"jonesch06",2009,1,"ATL","NL",488,18,0.0368852459016393
"jonesch06",2010,1,"ATL","NL",317,10,0.0315457413249211
"jonesch06",2011,1,"ATL","NL",455,18,0.0395604395604396
"jonesch06",2012,1,"ATL","NL",387,14,0.0361757105943152
"jonescl01",1970,1,"NYN","NL",506,10,0.0197628458498024
"jonescl01",1971,1,"NYN","NL",505,14,0.0277227722772277
"jonescl01",1972,1,"NYN","NL",375,5,0.0133333333333333
"jonescl01",1973,1,"NYN","NL",339,11,0.0324483775811209
"jonescl01",1974,1,"NYN","NL",461,13,0.0281995661605206
"jonesga02",2009,1,"PIT","NL",314,21,0.0668789808917197
"jonesga02",2010,1,"PIT","NL",592,21,0.035472972972973
"jonesga02",2011,1,"PIT","NL",423,16,0.0378250591016548
"jonesga02",2012,1,"PIT","NL",475,27,0.0568421052631579
"jonesga02",2013,1,"PIT","NL",403,15,0.0372208436724566
"jonesga02",2014,1,"MIA","NL",496,15,0.030241935483871
"jonesja04",1999,1,"MIN","AL",322,9,0.0279503105590062
"jonesja04",2000,1,"MIN","AL",523,19,0.0363288718929254
"jonesja04",2001,1,"MIN","AL",475,14,0.0294736842105263
"jonesja04",2002,1,"MIN","AL",577,27,0.0467937608318891
"jonesja04",2003,1,"MIN","AL",517,16,0.0309477756286267
"jonesja04",2004,1,"MIN","AL",555,24,0.0432432432432432
"jonesja04",2005,1,"MIN","AL",523,23,0.0439770554493308
"jonesja04",2006,1,"CHN","NL",533,27,0.050656660412758
"jonesja04",2007,1,"CHN","NL",453,5,0.011037527593819
"jonesja07",2018,1,"DET","AL",429,11,0.0256410256410256
"jonesja07",2019,1,"DET","AL",298,11,0.0369127516778524
"jonesly01",1979,1,"DET","AL",213,4,0.0187793427230047
"jonesma01",1970,1,"MON","NL",271,14,0.051660516605166
"jonesno01",2023,1,"COL","NL",367,20,0.0544959128065395
"jonesno01",2024,1,"COL","NL",256,3,0.01171875
"jonesno01",2025,1,"CLE","AL",355,5,0.0140845070422535
"jonesru01",1977,1,"SEA","AL",597,24,0.0402010050251256
"jonesru01",1978,1,"SEA","AL",472,6,0.0127118644067797
"jonesru01",1979,1,"SEA","AL",622,21,0.0337620578778135
"jonesru01",1980,1,"NYA","AL",328,9,0.0274390243902439
"jonesru01",1981,1,"SDN","NL",397,4,0.0100755667506297
"jonesru01",1982,1,"SDN","NL",424,12,0.0283018867924528
"jonesru01",1983,1,"SDN","NL",335,12,0.0358208955223881
"jonesru01",1984,1,"DET","AL",215,12,0.0558139534883721
"jonesru01",1985,1,"CAL","AL",389,21,0.0539845758354756
"jonesru01",1986,1,"CAL","AL",393,17,0.0432569974554707
"joneste02",1998,1,"MON","NL",212,1,0.00471698113207547
"jonestr01",1987,1,"CIN","NL",359,10,0.0278551532033426
"jordabr01",1993,1,"SLN","NL",223,10,0.0448430493273543
"jordabr01",1995,1,"SLN","NL",490,22,0.0448979591836735
"jordabr01",1996,1,"SLN","NL",513,17,0.0331384015594542
"jordabr01",1998,1,"SLN","NL",564,25,0.0443262411347518
"jordabr01",1999,1,"ATL","NL",576,23,0.0399305555555556
"jordabr01",2000,1,"ATL","NL",489,17,0.0347648261758691
"jordabr01",2001,1,"ATL","NL",560,25,0.0446428571428571
"jordabr01",2002,1,"LAN","NL",471,18,0.0382165605095541
"jordabr01",2003,1,"LAN","NL",224,6,0.0267857142857143
"jordabr01",2004,1,"TEX","AL",212,5,0.0235849056603774
"jordabr01",2005,1,"ATL","NL",231,3,0.012987012987013
"jordake01",1998,1,"PHI","NL",250,2,0.008
"jordake01",1999,1,"PHI","NL",347,4,0.0115273775216138
"jordake01",2000,1,"PHI","NL",337,5,0.0148367952522255
"jordari02",1988,1,"PHI","NL",273,11,0.0402930402930403
"jordari02",1989,1,"PHI","NL",523,12,0.0229445506692161
"jordari02",1990,1,"PHI","NL",324,5,0.0154320987654321
"jordari02",1991,1,"PHI","NL",301,9,0.0299003322259136
"jordari02",1992,1,"PHI","NL",276,4,0.0144927536231884
"jordari02",1994,1,"PHI","NL",220,8,0.0363636363636364
"jorgemi01",1972,1,"MON","NL",372,13,0.0349462365591398
"jorgemi01",1973,1,"MON","NL",413,9,0.0217917675544794
"jorgemi01",1974,1,"MON","NL",287,11,0.0383275261324042
"jorgemi01",1975,1,"MON","NL",445,18,0.0404494382022472
"jorgemi01",1976,1,"MON","NL",343,6,0.0174927113702624
"jorgemi01",1977,2,"OAK","AL",203,8,0.0394088669950739
"jorgemi01",1980,1,"NYN","NL",321,7,0.0218068535825545
"josefe01",1990,1,"OAK","AL",341,8,0.0234604105571848
"josefe01",1991,1,"SLN","NL",568,8,0.0140845070422535
"josefe01",1992,1,"SLN","NL",509,14,0.0275049115913556
"josefe01",1993,1,"KCA","AL",499,6,0.0120240480961924
"josefe01",1994,1,"KCA","AL",366,11,0.0300546448087432
"josepca01",2014,1,"BAL","AL",246,9,0.0365853658536585
"josepca01",2015,1,"BAL","AL",320,11,0.034375
"josepca01",2017,1,"BAL","AL",254,8,0.031496062992126
"josepca01",2018,1,"BAL","AL",265,3,0.0113207547169811
"josepdu01",1970,1,"CHA","AL",285,4,0.0140350877192982
"josepdu01",1971,1,"BOS","AL",306,10,0.0326797385620915
"josepto01",2016,1,"PHI","NL",315,21,0.0666666666666667
"josepto01",2017,1,"PHI","NL",495,22,0.0444444444444444
"joshuvo01",1975,1,"SFN","NL",507,7,0.0138067061143984
"joshuvo01",1976,2,"ML4","AL",423,5,0.0118203309692671
"joshuvo01",1977,1,"ML4","AL",536,9,0.0167910447761194
"joycema01",2008,1,"DET","AL",242,12,0.0495867768595041
"joycema01",2010,1,"TBA","AL",216,10,0.0462962962962963
"joycema01",2011,1,"TBA","AL",462,19,0.0411255411255411
"joycema01",2012,1,"TBA","AL",399,17,0.0426065162907268
"joycema01",2013,1,"TBA","AL",413,18,0.0435835351089588
"joycema01",2014,1,"TBA","AL",418,9,0.0215311004784689
"joycema01",2015,1,"LAA","AL",247,5,0.0202429149797571
"joycema01",2016,1,"PIT","NL",231,13,0.0562770562770563
"joycema01",2017,1,"OAK","AL",469,25,0.0533049040511727
"joycema01",2018,1,"OAK","AL",207,7,0.0338164251207729
"joycema01",2019,1,"ATL","NL",200,7,0.035
"joynewa01",1986,1,"CAL","AL",593,22,0.0370994940978078
"joynewa01",1987,1,"CAL","AL",564,34,0.0602836879432624
"joynewa01",1988,1,"CAL","AL",597,13,0.0217755443886097
"joynewa01",1989,1,"CAL","AL",593,16,0.0269814502529511
"joynewa01",1990,1,"CAL","AL",310,8,0.0258064516129032
"joynewa01",1991,1,"CAL","AL",551,21,0.0381125226860254
"joynewa01",1992,1,"KCA","AL",572,9,0.0157342657342657
"joynewa01",1993,1,"KCA","AL",497,15,0.0301810865191147
"joynewa01",1994,1,"KCA","AL",363,8,0.0220385674931129
"joynewa01",1995,1,"KCA","AL",465,12,0.0258064516129032
"joynewa01",1996,1,"SDN","NL",433,8,0.0184757505773672
"joynewa01",1997,1,"SDN","NL",455,13,0.0285714285714286
"joynewa01",1998,1,"SDN","NL",439,12,0.0273348519362187
"joynewa01",1999,1,"SDN","NL",323,5,0.0154798761609907
"joynewa01",2000,1,"ATL","NL",224,5,0.0223214285714286
"judgeaa01",2017,1,"NYA","AL",542,52,0.0959409594095941
"judgeaa01",2018,1,"NYA","AL",413,27,0.0653753026634383
"judgeaa01",2019,1,"NYA","AL",378,27,0.0714285714285714
"judgeaa01",2021,1,"NYA","AL",550,39,0.0709090909090909
"judgeaa01",2022,1,"NYA","AL",570,62,0.108771929824561
"judgeaa01",2023,1,"NYA","AL",367,37,0.100817438692098
"judgeaa01",2024,1,"NYA","AL",559,58,0.103756708407871
"judgeaa01",2025,1,"NYA","AL",541,53,0.0979667282809612
"julieed01",2023,1,"MIN","AL",338,16,0.0473372781065089
"julieed01",2024,1,"MIN","AL",266,8,0.0300751879699248
"julksco01",2023,1,"HOU","AL",298,6,0.0201342281879195
"jungjo01",2023,1,"TEX","AL",478,23,0.0481171548117155
"jungjo01",2025,1,"TEX","AL",482,14,0.029045643153527
"justida01",1990,1,"ATL","NL",439,28,0.0637813211845103
"justida01",1991,1,"ATL","NL",396,21,0.053030303030303
"justida01",1992,1,"ATL","NL",484,21,0.0433884297520661
"justida01",1993,1,"ATL","NL",585,40,0.0683760683760684
"justida01",1994,1,"ATL","NL",352,19,0.0539772727272727
"justida01",1995,1,"ATL","NL",411,24,0.0583941605839416
"justida01",1997,1,"CLE","AL",495,33,0.0666666666666667
"justida01",1998,1,"CLE","AL",540,21,0.0388888888888889
"justida01",1999,1,"CLE","AL",429,21,0.048951048951049
"justida01",2000,1,"CLE","AL",249,21,0.0843373493975904
"justida01",2000,2,"NYA","AL",275,20,0.0727272727272727
"justida01",2001,1,"NYA","AL",381,18,0.047244094488189
"justida01",2002,1,"OAK","AL",398,11,0.0276381909547739
"kalinal01",1970,1,"DET","AL",467,16,0.0342612419700214
"kalinal01",1971,1,"DET","AL",405,15,0.037037037037037
"kalinal01",1972,1,"DET","AL",278,10,0.0359712230215827
"kalinal01",1973,1,"DET","AL",310,10,0.032258064516129
"kalinal01",1974,1,"DET","AL",558,13,0.0232974910394265
"kangju01",2015,1,"PIT","NL",421,15,0.0356294536817102
"kangju01",2016,1,"PIT","NL",318,21,0.0660377358490566
"kaplega01",1999,1,"DET","AL",416,18,0.0432692307692308
"kaplega01",2000,1,"TEX","AL",444,14,0.0315315315315315
"kaplega01",2001,1,"TEX","AL",483,17,0.0351966873706004
"kaplega01",2004,1,"BOS","AL",290,6,0.0206896551724138
"kaplega01",2008,1,"MIL","NL",229,8,0.0349344978165939
"kaplega01",2009,1,"TBA","AL",205,8,0.0390243902439024
"karkoro01",1992,1,"CHA","AL",342,13,0.0380116959064327
"karkoro01",1993,1,"CHA","AL",403,20,0.0496277915632754
"karkoro01",1994,1,"CHA","AL",207,11,0.0531400966183575
"karkoro01",1995,1,"CHA","AL",323,13,0.0402476780185759
"karkoro01",1996,1,"CHA","AL",355,10,0.028169014084507
"karroer01",1992,1,"LAN","NL",545,20,0.036697247706422
"karroer01",1993,1,"LAN","NL",619,23,0.037156704361874
"karroer01",1994,1,"LAN","NL",406,14,0.0344827586206897
"karroer01",1995,1,"LAN","NL",551,32,0.058076225045372
"karroer01",1996,1,"LAN","NL",608,34,0.055921052631579
"karroer01",1997,1,"LAN","NL",628,31,0.0493630573248408
"karroer01",1998,1,"LAN","NL",507,23,0.0453648915187377
"karroer01",1999,1,"LAN","NL",578,34,0.0588235294117647
"karroer01",2000,1,"LAN","NL",584,31,0.0530821917808219
"karroer01",2001,1,"LAN","NL",438,15,0.0342465753424658
"karroer01",2002,1,"LAN","NL",524,13,0.0248091603053435
"karroer01",2003,1,"CHN","NL",336,12,0.0357142857142857
"katama01",2003,1,"ARI","NL",288,7,0.0243055555555556
"kawasmu01",2013,1,"TOR","AL",240,1,0.00416666666666667
"kearnau01",2002,1,"CIN","NL",372,13,0.0349462365591398
"kearnau01",2003,1,"CIN","NL",292,15,0.0513698630136986
"kearnau01",2004,1,"CIN","NL",217,9,0.0414746543778802
"kearnau01",2005,1,"CIN","NL",387,18,0.0465116279069767
"kearnau01",2006,1,"CIN","NL",325,16,0.0492307692307692
"kearnau01",2006,2,"WAS","NL",212,8,0.0377358490566038
"kearnau01",2007,1,"WAS","NL",587,16,0.0272572402044293
"kearnau01",2008,1,"WAS","NL",313,7,0.0223642172523962
"kearnau01",2010,1,"CLE","AL",301,8,0.026578073089701
"kearnbo01",1983,1,"OAK","AL",298,8,0.0268456375838926
"kearnbo01",1984,1,"SEA","AL",431,7,0.0162412993039443
"kearnbo01",1985,1,"SEA","AL",305,6,0.019672131147541
"kearnbo01",1986,1,"SEA","AL",204,6,0.0294117647058824
"keithco01",2024,1,"DET","AL",516,13,0.0251937984496124
"keithco01",2025,1,"DET","AL",414,13,0.0314009661835749
"kelenja01",2021,1,"SEA","AL",337,14,0.0415430267062314
"kelenja01",2023,1,"SEA","AL",372,11,0.0295698924731183
"kelenja01",2024,1,"ATL","NL",412,15,0.0364077669902913
"kellyca02",2019,1,"ARI","NL",314,18,0.0573248407643312
"kellyca02",2021,1,"ARI","NL",304,13,0.0427631578947368
"kellyca02",2022,1,"ARI","NL",317,7,0.0220820189274448
"kellyca02",2025,1,"CHN","NL",369,17,0.046070460704607
"kellydo01",2010,1,"DET","AL",238,9,0.0378151260504202
"kellydo01",2011,1,"DET","AL",257,7,0.0272373540856031
"kellydo01",2013,1,"DET","AL",216,6,0.0277777777777778
"kellymi02",1998,1,"TBA","AL",279,10,0.03584229390681
"kellypa01",1970,1,"KCA","AL",452,6,0.0132743362831858
"kellypa01",1971,1,"CHA","AL",213,3,0.0140845070422535
"kellypa01",1972,1,"CHA","AL",402,5,0.0124378109452736
"kellypa01",1973,1,"CHA","AL",550,1,0.00181818181818182
"kellypa01",1974,1,"CHA","AL",424,4,0.00943396226415094
"kellypa01",1975,1,"CHA","AL",471,9,0.0191082802547771
"kellypa01",1976,1,"CHA","AL",311,5,0.0160771704180064
"kellypa01",1977,1,"BAL","AL",360,10,0.0277777777777778
"kellypa01",1978,1,"BAL","AL",274,11,0.0401459854014599
"kellypa01",1980,1,"BAL","AL",200,3,0.015
"kellypa03",1991,1,"NYA","AL",298,3,0.0100671140939597
"kellypa03",1992,1,"NYA","AL",318,7,0.0220125786163522
"kellypa03",1993,1,"NYA","AL",406,7,0.0172413793103448
"kellypa03",1994,1,"NYA","AL",286,3,0.0104895104895105
"kellypa03",1995,1,"NYA","AL",270,4,0.0148148148148148
"kellyro01",1989,1,"NYA","AL",441,9,0.0204081632653061
"kellyro01",1990,1,"NYA","AL",641,15,0.0234009360374415
"kellyro01",1991,1,"NYA","AL",486,20,0.0411522633744856
"kellyro01",1992,1,"NYA","AL",580,10,0.0172413793103448
"kellyro01",1993,1,"CIN","NL",320,9,0.028125
"kellyro01",1994,2,"ATL","NL",255,6,0.0235294117647059
"kellyro01",1995,2,"LAN","NL",409,6,0.0146699266503667
"kellyro01",1996,1,"MIN","AL",322,6,0.0186335403726708
"kellyro01",1997,1,"MIN","AL",247,5,0.0202429149797571
"kellyro01",1998,1,"TEX","AL",257,16,0.0622568093385214
"kellyro01",1999,1,"TEX","AL",290,8,0.0275862068965517
"kempma01",2007,1,"LAN","NL",292,10,0.0342465753424658
"kempma01",2008,1,"LAN","NL",606,18,0.0297029702970297
"kempma01",2009,1,"LAN","NL",606,26,0.0429042904290429
"kempma01",2010,1,"LAN","NL",602,28,0.0465116279069767
"kempma01",2011,1,"LAN","NL",602,39,0.0647840531561462
"kempma01",2012,1,"LAN","NL",403,23,0.0570719602977667
"kempma01",2013,1,"LAN","NL",263,6,0.0228136882129278
"kempma01",2014,1,"LAN","NL",541,25,0.0462107208872458
"kempma01",2015,1,"SDN","NL",596,23,0.0385906040268456
"kempma01",2016,1,"SDN","NL",409,23,0.0562347188264059
"kempma01",2016,2,"ATL","NL",214,12,0.0560747663551402
"kempma01",2017,1,"ATL","NL",438,19,0.04337899543379
"kempma01",2018,1,"LAN","NL",462,21,0.0454545454545455
"kempst01",1977,1,"DET","AL",552,18,0.0326086956521739
"kempst01",1978,1,"DET","AL",582,15,0.0257731958762887
"kempst01",1979,1,"DET","AL",490,26,0.0530612244897959
"kempst01",1980,1,"DET","AL",508,21,0.0413385826771654
"kempst01",1981,1,"DET","AL",372,9,0.0241935483870968
"kempst01",1982,1,"CHA","AL",580,19,0.0327586206896552
"kempst01",1983,1,"NYA","AL",373,12,0.032171581769437
"kempst01",1984,1,"NYA","AL",313,7,0.0223642172523962
"kempst01",1985,1,"PIT","NL",236,2,0.00847457627118644
"kempto01",2018,1,"HOU","AL",255,6,0.0235294117647059
"kempto01",2021,1,"OAK","AL",330,8,0.0242424242424242
"kempto01",2022,1,"OAK","AL",497,7,0.0140845070422535
"kempto01",2023,1,"OAK","AL",359,5,0.0139275766016713
"kendafr01",1972,1,"SDN","NL",273,6,0.021978021978022
"kendafr01",1973,1,"SDN","NL",507,10,0.019723865877712
"kendafr01",1974,1,"SDN","NL",424,8,0.0188679245283019
"kendafr01",1976,1,"SDN","NL",456,2,0.0043859649122807
"kendafr01",1977,1,"CLE","AL",317,3,0.00946372239747634
"kendaja01",1996,1,"PIT","NL",414,3,0.0072463768115942
"kendaja01",1997,1,"PIT","NL",486,8,0.0164609053497942
"kendaja01",1998,1,"PIT","NL",535,12,0.0224299065420561
"kendaja01",1999,1,"PIT","NL",280,8,0.0285714285714286
"kendaja01",2000,1,"PIT","NL",579,14,0.0241796200345423
"kendaja01",2001,1,"PIT","NL",606,10,0.0165016501650165
"kendaja01",2002,1,"PIT","NL",545,3,0.0055045871559633
"kendaja01",2003,1,"PIT","NL",587,6,0.010221465076661
"kendaja01",2004,1,"PIT","NL",574,3,0.00522648083623693
"kendaja01",2006,1,"OAK","AL",552,1,0.00181159420289855
"kendaja01",2007,1,"OAK","AL",292,2,0.00684931506849315
"kendaja01",2008,1,"MIL","NL",516,2,0.00387596899224806
"kendaja01",2009,1,"MIL","NL",452,2,0.00442477876106195
"kendrho01",2006,1,"LAA","AL",267,4,0.0149812734082397
"kendrho01",2007,1,"LAA","AL",338,5,0.014792899408284
"kendrho01",2008,1,"LAA","AL",340,3,0.00882352941176471
"kendrho01",2009,1,"LAA","AL",374,10,0.0267379679144385
"kendrho01",2010,1,"LAA","AL",616,10,0.0162337662337662
"kendrho01",2011,1,"LAA","AL",537,18,0.0335195530726257
"kendrho01",2012,1,"LAA","AL",550,8,0.0145454545454545
"kendrho01",2013,1,"LAA","AL",478,13,0.0271966527196653
"kendrho01",2014,1,"LAA","AL",617,7,0.0113452188006483
"kendrho01",2015,1,"LAN","NL",464,9,0.0193965517241379
"kendrho01",2016,1,"LAN","NL",487,8,0.0164271047227926
"kendrho01",2019,1,"WAS","NL",334,17,0.0508982035928144
"kennead01",2000,1,"ANA","AL",598,9,0.0150501672240803
"kennead01",2001,1,"ANA","AL",478,6,0.0125523012552301
"kennead01",2002,1,"ANA","AL",474,7,0.0147679324894515
"kennead01",2003,1,"ANA","AL",449,13,0.0289532293986637
"kennead01",2004,1,"ANA","AL",468,10,0.0213675213675214
"kennead01",2005,1,"LAA","AL",416,2,0.00480769230769231
"kennead01",2006,1,"LAA","AL",451,4,0.00886917960088692
"kennead01",2007,1,"SLN","NL",279,3,0.010752688172043
"kennead01",2008,1,"SLN","NL",339,2,0.00589970501474926
"kennead01",2009,1,"OAK","AL",529,11,0.0207939508506616
"kennead01",2010,1,"WAS","NL",342,3,0.0087719298245614
"kennead01",2011,1,"SEA","AL",380,7,0.0184210526315789
"kenneje01",1970,1,"NYA","AL",404,4,0.0099009900990099
"kennejo03",1971,1,"BOS","AL",272,5,0.0183823529411765
"kennejo03",1972,1,"BOS","AL",212,2,0.00943396226415094
"kenneju01",1979,1,"CIN","NL",220,1,0.00454545454545455
"kenneju01",1980,1,"CIN","NL",337,1,0.0029673590504451
"kenneju01",1982,1,"CHN","NL",242,2,0.00826446280991736
"kennete02",1980,1,"SLN","NL",248,4,0.0161290322580645
"kennete02",1981,1,"SDN","NL",382,2,0.00523560209424084
"kennete02",1982,1,"SDN","NL",562,21,0.0373665480427046
"kennete02",1983,1,"SDN","NL",549,17,0.0309653916211293
"kennete02",1984,1,"SDN","NL",530,14,0.0264150943396226
"kennete02",1985,1,"SDN","NL",532,10,0.018796992481203
"kennete02",1986,1,"SDN","NL",432,12,0.0277777777777778
"kennete02",1987,1,"BAL","AL",512,18,0.03515625
"kennete02",1988,1,"BAL","AL",265,3,0.0113207547169811
"kennete02",1989,1,"SFN","NL",355,5,0.0140845070422535
"kennete02",1990,1,"SFN","NL",303,2,0.0066006600660066
"kentje01",1993,1,"NYN","NL",496,21,0.0423387096774194
"kentje01",1994,1,"NYN","NL",415,14,0.0337349397590361
"kentje01",1995,1,"NYN","NL",472,20,0.0423728813559322
"kentje01",1996,1,"NYN","NL",335,9,0.026865671641791
"kentje01",1997,1,"SFN","NL",580,29,0.05
"kentje01",1998,1,"SFN","NL",526,31,0.05893536121673
"kentje01",1999,1,"SFN","NL",511,23,0.0450097847358121
"kentje01",2000,1,"SFN","NL",587,33,0.0562180579216354
"kentje01",2001,1,"SFN","NL",607,22,0.0362438220757825
"kentje01",2002,1,"SFN","NL",623,37,0.0593900481540931
"kentje01",2003,1,"HOU","NL",505,22,0.0435643564356436
"kentje01",2004,1,"HOU","NL",540,27,0.05
"kentje01",2005,1,"LAN","NL",553,29,0.0524412296564195
"kentje01",2006,1,"LAN","NL",407,14,0.0343980343980344
"kentje01",2007,1,"LAN","NL",494,20,0.0404858299595142
"kentje01",2008,1,"LAN","NL",440,12,0.0272727272727273
"keougjo01",1971,1,"KCA","AL",351,3,0.00854700854700855
"keplema01",2016,1,"MIN","AL",396,17,0.0429292929292929
"keplema01",2017,1,"MIN","AL",511,19,0.0371819960861057
"keplema01",2018,1,"MIN","AL",532,20,0.037593984962406
"keplema01",2019,1,"MIN","AL",524,36,0.0687022900763359
"keplema01",2021,1,"MIN","AL",426,19,0.0446009389671362
"keplema01",2022,1,"MIN","AL",388,9,0.0231958762886598
"keplema01",2023,1,"MIN","AL",438,24,0.0547945205479452
"keplema01",2024,1,"MIN","AL",368,8,0.0217391304347826
"keplema01",2025,1,"PHI","NL",417,18,0.0431654676258993
"keppije01",2007,1,"CIN","NL",241,5,0.020746887966805
"keppije01",2008,1,"CIN","NL",459,3,0.0065359477124183
"keppije01",2009,1,"HOU","NL",305,7,0.0229508196721311
"keppije01",2010,1,"HOU","NL",514,6,0.0116731517509728
"keppije01",2011,2,"SFN","NL",216,2,0.00925925925925926
"keppije01",2012,1,"TBA","AL",385,9,0.0233766233766234
"keppije01",2013,1,"CHA","AL",423,4,0.00945626477541371
"kessido01",1970,1,"CHN","NL",631,1,0.00158478605388273
"kessido01",1971,1,"CHN","NL",617,2,0.00324149108589951
"kessido01",1972,1,"CHN","NL",577,1,0.00173310225303293
"kessido01",1974,1,"CHN","NL",599,1,0.001669449081803
"kessido01",1976,1,"SLN","NL",502,1,0.00199203187250996
"kessido01",1978,1,"CHA","AL",431,1,0.00232018561484919
"khalisa01",1985,1,"PIT","NL",320,2,0.00625
"kieboca01",2021,1,"WAS","NL",217,6,0.0276497695852535
"kieltbo01",2002,1,"MIN","AL",289,12,0.041522491349481
"kieltbo01",2003,1,"MIN","AL",238,9,0.0378151260504202
"kieltbo01",2004,1,"OAK","AL",238,7,0.0294117647058824
"kieltbo01",2005,1,"OAK","AL",377,10,0.026525198938992
"kieltbo01",2006,1,"OAK","AL",270,8,0.0296296296296296
"kiermke01",2014,1,"TBA","AL",331,10,0.0302114803625378
"kiermke01",2015,1,"TBA","AL",505,10,0.0198019801980198
"kiermke01",2016,1,"TBA","AL",366,12,0.0327868852459016
"kiermke01",2017,1,"TBA","AL",380,15,0.0394736842105263
"kiermke01",2018,1,"TBA","AL",332,7,0.0210843373493976
"kiermke01",2019,1,"TBA","AL",447,14,0.0313199105145414
"kiermke01",2021,1,"TBA","AL",348,4,0.0114942528735632
"kiermke01",2022,1,"TBA","AL",206,7,0.0339805825242718
"kiermke01",2023,1,"TOR","AL",370,8,0.0216216216216216
"kiermke01",2024,1,"TOR","AL",200,4,0.02
"killeha01",1970,1,"MIN","AL",527,41,0.0777988614800759
"killeha01",1971,1,"MIN","AL",500,28,0.056
"killeha01",1972,1,"MIN","AL",433,26,0.0600461893764434
"killeha01",1973,1,"MIN","AL",248,5,0.0201612903225806
"killeha01",1974,1,"MIN","AL",333,13,0.039039039039039
"killeha01",1975,1,"KCA","AL",312,14,0.0448717948717949
"kimha01",2021,1,"SDN","NL",267,8,0.0299625468164794
"kimha01",2022,1,"SDN","NL",517,11,0.0212765957446809
"kimha01",2023,1,"SDN","NL",538,17,0.0315985130111524
"kimha01",2024,1,"SDN","NL",403,11,0.0272952853598015
"kimhy01",2016,1,"BAL","AL",305,6,0.019672131147541
"kineris01",2018,1,"TEX","AL",356,4,0.0112359550561798
"kineris01",2019,1,"TEX","AL",202,1,0.00495049504950495
"kineris01",2020,1,"TEX","AL",211,3,0.014218009478673
"kineris01",2021,1,"TEX","AL",635,8,0.0125984251968504
"kineris01",2022,1,"NYA","AL",483,4,0.0082815734989648
"kineris01",2023,1,"NYA","AL",326,6,0.0184049079754601
"kineris01",2024,1,"TOR","AL",257,7,0.0272373540856031
"kineris01",2024,2,"PIT","NL",208,1,0.00480769230769231
"kineris01",2025,1,"PIT","NL",401,1,0.00249376558603491
"kingemi01",1986,1,"KCA","AL",209,3,0.0143540669856459
"kingemi01",1987,1,"SEA","AL",354,9,0.0254237288135593
"kingemi01",1994,1,"COL","NL",301,4,0.0132890365448505
"kingemi01",1995,1,"COL","NL",350,8,0.0228571428571429
"kingemi01",1996,1,"PIT","NL",276,3,0.0108695652173913
"kingesc01",2018,1,"PHI","NL",452,8,0.0176991150442478
"kingesc01",2019,1,"PHI","NL",458,19,0.0414847161572052
"kingha01",1970,1,"ATL","NL",204,11,0.053921568627451
"kingje01",1989,1,"PIT","NL",215,5,0.0232558139534884
"kingje01",1990,1,"PIT","NL",371,14,0.0377358490566038
"kingje01",1992,1,"PIT","NL",480,14,0.0291666666666667
"kingje01",1993,1,"PIT","NL",611,9,0.0147299509001637
"kingje01",1994,1,"PIT","NL",339,5,0.0147492625368732
"kingje01",1995,1,"PIT","NL",445,18,0.0404494382022472
"kingje01",1996,1,"PIT","NL",591,30,0.050761421319797
"kingje01",1997,1,"KCA","AL",543,28,0.0515653775322284
"kingje01",1998,1,"KCA","AL",486,24,0.0493827160493827
"kingmda01",1972,1,"SFN","NL",472,29,0.0614406779661017
"kingmda01",1973,1,"SFN","NL",305,24,0.0786885245901639
"kingmda01",1974,1,"SFN","NL",350,18,0.0514285714285714
"kingmda01",1975,1,"NYN","NL",502,36,0.0717131474103586
"kingmda01",1976,1,"NYN","NL",474,37,0.0780590717299578
"kingmda01",1977,1,"NYN","NL",211,9,0.042654028436019
"kingmda01",1978,1,"CHN","NL",395,28,0.0708860759493671
"kingmda01",1979,1,"CHN","NL",532,48,0.0902255639097744
"kingmda01",1980,1,"CHN","NL",255,18,0.0705882352941176
"kingmda01",1981,1,"NYN","NL",353,22,0.0623229461756374
"kingmda01",1982,1,"NYN","NL",535,37,0.0691588785046729
"kingmda01",1983,1,"NYN","NL",248,13,0.0524193548387097
"kingmda01",1984,1,"OAK","AL",549,35,0.063752276867031
"kingmda01",1985,1,"OAK","AL",592,30,0.0506756756756757
"kingmda01",1986,1,"OAK","AL",561,35,0.0623885918003565
"kingsge01",2002,2,"SDN","NL",216,2,0.00925925925925926
"kinslia01",2006,1,"TEX","AL",423,14,0.033096926713948
"kinslia01",2007,1,"TEX","AL",483,20,0.041407867494824
"kinslia01",2008,1,"TEX","AL",518,18,0.0347490347490347
"kinslia01",2009,1,"TEX","AL",566,31,0.0547703180212014
"kinslia01",2010,1,"TEX","AL",391,9,0.0230179028132992
"kinslia01",2011,1,"TEX","AL",620,32,0.0516129032258065
"kinslia01",2012,1,"TEX","AL",655,19,0.0290076335877863
"kinslia01",2013,1,"TEX","AL",545,13,0.0238532110091743
"kinslia01",2014,1,"DET","AL",684,17,0.0248538011695906
"kinslia01",2015,1,"DET","AL",624,11,0.0176282051282051
"kinslia01",2016,1,"DET","AL",618,28,0.0453074433656958
"kinslia01",2017,1,"DET","AL",551,22,0.0399274047186933
"kinslia01",2018,1,"LAA","AL",355,13,0.0366197183098592
"kinslia01",2019,1,"SDN","NL",258,9,0.0348837209302326
"kipnija01",2012,1,"CLE","AL",591,14,0.0236886632825719
"kipnija01",2013,1,"CLE","AL",564,17,0.0301418439716312
"kipnija01",2014,1,"CLE","AL",500,6,0.012
"kipnija01",2015,1,"CLE","AL",565,9,0.015929203539823
"kipnija01",2016,1,"CLE","AL",610,23,0.0377049180327869
"kipnija01",2017,1,"CLE","AL",336,12,0.0357142857142857
"kipnija01",2018,1,"CLE","AL",530,18,0.0339622641509434
"kipnija01",2019,1,"CLE","AL",458,17,0.037117903930131
"kirbywa01",1993,1,"CLE","AL",458,6,0.0131004366812227
"kirilal01",2021,1,"MIN","AL",215,8,0.0372093023255814
"kirilal01",2023,1,"MIN","AL",281,11,0.0391459074733096
"kirkal01",2022,1,"TOR","AL",470,14,0.0297872340425532
"kirkal01",2023,1,"TOR","AL",372,8,0.021505376344086
"kirkal01",2024,1,"TOR","AL",340,5,0.0147058823529412
"kirkal01",2025,1,"TOR","AL",451,15,0.0332594235033259
"kirkped01",1970,1,"KCA","AL",424,18,0.0424528301886792
"kirkped01",1971,1,"KCA","AL",365,9,0.0246575342465753
"kirkped01",1972,1,"KCA","AL",364,9,0.0247252747252747
"kirkped01",1973,1,"KCA","AL",429,6,0.013986013986014
"kirkped01",1974,1,"PIT","NL",271,6,0.022140221402214
"kittlro01",1983,1,"CHA","AL",520,35,0.0673076923076923
"kittlro01",1984,1,"CHA","AL",466,32,0.0686695278969957
"kittlro01",1985,1,"CHA","AL",379,26,0.0686015831134565
"kittlro01",1986,1,"CHA","AL",296,17,0.0574324324324324
"kittlro01",1988,1,"CLE","AL",225,18,0.08
"kittlro01",1990,1,"CHA","AL",277,16,0.0577617328519856
"kleskry01",1994,1,"ATL","NL",245,17,0.0693877551020408
"kleskry01",1995,1,"ATL","NL",329,23,0.0699088145896656
"kleskry01",1996,1,"ATL","NL",528,34,0.0643939393939394
"kleskry01",1997,1,"ATL","NL",467,24,0.0513918629550321
"kleskry01",1998,1,"ATL","NL",427,18,0.0421545667447307
"kleskry01",1999,1,"ATL","NL",404,21,0.051980198019802
"kleskry01",2000,1,"SDN","NL",494,26,0.0526315789473684
"kleskry01",2001,1,"SDN","NL",538,30,0.0557620817843866
"kleskry01",2002,1,"SDN","NL",540,29,0.0537037037037037
"kleskry01",2003,1,"SDN","NL",397,21,0.052896725440806
"kleskry01",2004,1,"SDN","NL",402,9,0.0223880597014925
"kleskry01",2005,1,"SDN","NL",443,18,0.0406320541760722
"kleskry01",2007,1,"SFN","NL",362,6,0.0165745856353591
"knighra01",1979,1,"CIN","NL",551,10,0.0181488203266788
"knighra01",1980,1,"CIN","NL",618,14,0.0226537216828479
"knighra01",1981,1,"CIN","NL",386,6,0.0155440414507772
"knighra01",1982,1,"HOU","NL",609,6,0.00985221674876847
"knighra01",1983,1,"HOU","NL",507,9,0.0177514792899408
"knighra01",1984,1,"HOU","NL",278,2,0.00719424460431655
"knighra01",1985,1,"NYN","NL",271,6,0.022140221402214
"knighra01",1986,1,"NYN","NL",486,11,0.0226337448559671
"knighra01",1987,1,"BAL","AL",563,14,0.024866785079929
"knighra01",1988,1,"DET","AL",299,3,0.0100334448160535
"kniznan01",2022,1,"SLN","NL",260,4,0.0153846153846154
"kniznan01",2023,1,"SLN","NL",224,10,0.0446428571428571
"knoblch01",1991,1,"MIN","AL",565,1,0.00176991150442478
"knoblch01",1992,1,"MIN","AL",600,2,0.00333333333333333
"knoblch01",1993,1,"MIN","AL",602,2,0.00332225913621262
"knoblch01",1994,1,"MIN","AL",445,5,0.0112359550561798
"knoblch01",1995,1,"MIN","AL",538,11,0.0204460966542751
"knoblch01",1996,1,"MIN","AL",578,13,0.0224913494809689
"knoblch01",1997,1,"MIN","AL",611,9,0.0147299509001637
"knoblch01",1998,1,"NYA","AL",603,17,0.0281923714759536
"knoblch01",1999,1,"NYA","AL",603,18,0.0298507462686567
"knoblch01",2000,1,"NYA","AL",400,5,0.0125
"knoblch01",2001,1,"NYA","AL",521,9,0.017274472168906
"knoblch01",2002,1,"KCA","AL",300,6,0.02
"knoopbo01",1970,1,"CHA","AL",402,5,0.0124378109452736
"kommibr01",1984,1,"ATL","NL",301,8,0.026578073089701
"kommibr01",1985,1,"ATL","NL",300,4,0.0133333333333333
"konerpa01",1999,1,"CHA","AL",513,24,0.0467836257309941
"konerpa01",2000,1,"CHA","AL",524,21,0.0400763358778626
"konerpa01",2001,1,"CHA","AL",582,32,0.0549828178694158
"konerpa01",2002,1,"CHA","AL",570,27,0.0473684210526316
"konerpa01",2003,1,"CHA","AL",444,18,0.0405405405405405
"konerpa01",2004,1,"CHA","AL",563,41,0.0728241563055062
"konerpa01",2005,1,"CHA","AL",575,40,0.0695652173913043
"konerpa01",2006,1,"CHA","AL",566,35,0.0618374558303887
"konerpa01",2007,1,"CHA","AL",549,31,0.0564663023679417
"konerpa01",2008,1,"CHA","AL",438,22,0.0502283105022831
"konerpa01",2009,1,"CHA","AL",546,28,0.0512820512820513
"konerpa01",2010,1,"CHA","AL",548,39,0.0711678832116788
"konerpa01",2011,1,"CHA","AL",543,31,0.0570902394106814
"konerpa01",2012,1,"CHA","AL",533,26,0.048780487804878
"konerpa01",2013,1,"CHA","AL",467,12,0.0256959314775161
"konerpa01",2014,1,"CHA","AL",208,5,0.0240384615384615
"koscoan01",1970,1,"LAN","NL",224,8,0.0357142857142857
"koscoan01",1971,1,"ML4","AL",264,10,0.0378787878787879
"koskico01",1999,1,"MIN","AL",342,11,0.0321637426900585
"koskico01",2000,1,"MIN","AL",474,9,0.0189873417721519
"koskico01",2001,1,"MIN","AL",562,26,0.0462633451957295
"koskico01",2002,1,"MIN","AL",490,15,0.0306122448979592
"koskico01",2003,1,"MIN","AL",469,14,0.0298507462686567
"koskico01",2004,1,"MIN","AL",422,25,0.0592417061611374
"koskico01",2005,1,"TOR","AL",354,11,0.0310734463276836
"koskico01",2006,1,"MIL","NL",257,12,0.046692607003891
"kotchca01",2007,1,"LAA","AL",443,11,0.0248306997742664
"kotchca01",2008,1,"LAA","AL",373,12,0.032171581769437
"kotchca01",2009,1,"ATL","NL",298,6,0.0201342281879195
"kotchca01",2010,1,"SEA","AL",414,9,0.0217391304347826
"kotchca01",2011,1,"TBA","AL",500,10,0.02
"kotchca01",2012,1,"CLE","AL",463,12,0.0259179265658747
"kotsama01",1998,1,"FLO","NL",578,11,0.0190311418685121
"kotsama01",1999,1,"FLO","NL",495,8,0.0161616161616162
"kotsama01",2000,1,"FLO","NL",530,12,0.0226415094339623
"kotsama01",2001,1,"SDN","NL",406,10,0.0246305418719212
"kotsama01",2002,1,"SDN","NL",578,17,0.0294117647058824
"kotsama01",2003,1,"SDN","NL",482,7,0.0145228215767635
"kotsama01",2004,1,"OAK","AL",606,15,0.0247524752475248
"kotsama01",2005,1,"OAK","AL",582,15,0.0257731958762887
"kotsama01",2006,1,"OAK","AL",502,7,0.0139442231075697
"kotsama01",2007,1,"OAK","AL",206,1,0.00485436893203883
"kotsama01",2008,1,"ATL","NL",318,6,0.0188679245283019
"kotsama01",2010,1,"CHA","AL",327,8,0.0244648318042813
"kotsama01",2011,1,"MIL","NL",233,3,0.0128755364806867
"kottage01",2010,1,"MIL","NL",212,9,0.0424528301886792
"kouzmke01",2007,1,"SDN","NL",484,18,0.0371900826446281
"kouzmke01",2008,1,"SDN","NL",624,23,0.0368589743589744
"kouzmke01",2009,1,"SDN","NL",529,18,0.0340264650283554
"kouzmke01",2010,1,"OAK","AL",551,16,0.029038112522686
"kozmape01",2013,1,"SLN","NL",410,1,0.0024390243902439
"kraneed01",1971,1,"NYN","NL",421,14,0.0332541567695962
"kraneed01",1972,1,"NYN","NL",327,8,0.0244648318042813
"kraneed01",1973,1,"NYN","NL",284,1,0.00352112676056338
"kraneed01",1974,1,"NYN","NL",217,4,0.0184331797235023
"kraneed01",1975,1,"NYN","NL",325,4,0.0123076923076923
"kraneed01",1976,1,"NYN","NL",415,10,0.0240963855421687
"kraneed01",1977,1,"NYN","NL",281,10,0.0355871886120996
"kratzer01",2018,1,"MIL","NL",203,6,0.0295566502463054
"krencwa01",1986,1,"MON","NL",221,2,0.00904977375565611
"kreutch01",1993,1,"DET","AL",374,15,0.0401069518716578
"kreutch01",1997,2,"ANA","AL",218,4,0.018348623853211
"kreutch01",1998,1,"CHA","AL",245,2,0.00816326530612245
"kreutch01",1999,1,"KCA","AL",324,5,0.0154320987654321
"kreutch01",2000,1,"LAN","NL",212,6,0.0283018867924528
"krukjo01",1986,1,"SDN","NL",278,4,0.0143884892086331
"krukjo01",1987,1,"SDN","NL",447,20,0.0447427293064877
"krukjo01",1988,1,"SDN","NL",378,9,0.0238095238095238
"krukjo01",1989,2,"PHI","NL",281,5,0.0177935943060498
"krukjo01",1990,1,"PHI","NL",443,7,0.0158013544018059
"krukjo01",1991,1,"PHI","NL",538,21,0.0390334572490706
"krukjo01",1992,1,"PHI","NL",507,10,0.019723865877712
"krukjo01",1993,1,"PHI","NL",535,14,0.0261682242990654
"krukjo01",1994,1,"PHI","NL",255,5,0.0196078431372549
"kubelja01",2006,1,"MIN","AL",220,8,0.0363636363636364
"kubelja01",2007,1,"MIN","AL",418,13,0.0311004784688995
"kubelja01",2008,1,"MIN","AL",463,20,0.0431965442764579
"kubelja01",2009,1,"MIN","AL",514,28,0.0544747081712062
"kubelja01",2010,1,"MIN","AL",518,21,0.0405405405405405
"kubelja01",2011,1,"MIN","AL",366,12,0.0327868852459016
"kubelja01",2012,1,"ARI","NL",506,30,0.0592885375494071
"kubelja01",2013,1,"ARI","NL",241,5,0.020746887966805
"kubiate01",1970,1,"ML4","AL",540,4,0.00740740740740741
"kubiate01",1971,1,"ML4","AL",260,3,0.0115384615384615
"kuipedu01",1977,1,"CLE","AL",610,1,0.00163934426229508
"kunkeje01",1989,1,"TEX","AL",293,8,0.0273037542662116
"kunkeje01",1990,1,"TEX","AL",200,3,0.015
"kurtzni01",2025,1,"ATH","AL",420,36,0.0857142857142857
"kusiccr01",1974,1,"MIN","AL",201,8,0.0398009950248756
"kusiccr01",1976,1,"MIN","AL",266,11,0.0413533834586466
"kusiccr01",1977,1,"MIN","AL",268,12,0.0447761194029851
"kwanst01",2022,1,"CLE","AL",563,6,0.0106571936056838
"kwanst01",2023,1,"CLE","AL",638,5,0.00783699059561128
"kwanst01",2024,1,"CLE","AL",480,14,0.0291666666666667
"kwanst01",2025,1,"CLE","AL",625,11,0.0176
"laboyco01",1970,1,"MON","NL",432,5,0.0115740740740741
"lacocpe01",1975,1,"CHN","NL",249,6,0.0240963855421687
"lacocpe01",1976,1,"CHN","NL",244,8,0.0327868852459016
"lacocpe01",1977,1,"KCA","AL",218,3,0.0137614678899083
"lacocpe01",1978,1,"KCA","AL",322,5,0.015527950310559
"lacocpe01",1979,1,"KCA","AL",408,3,0.00735294117647059
"lacyle01",1975,1,"LAN","NL",306,7,0.022875816993464
"lacyle01",1978,1,"LAN","NL",245,13,0.0530612244897959
"lacyle01",1980,1,"PIT","NL",278,7,0.0251798561151079
"lacyle01",1981,1,"PIT","NL",213,2,0.00938967136150235
"lacyle01",1982,1,"PIT","NL",359,5,0.0139275766016713
"lacyle01",1983,1,"PIT","NL",288,4,0.0138888888888889
"lacyle01",1984,1,"PIT","NL",474,12,0.0253164556962025
"lacyle01",1985,1,"BAL","AL",492,9,0.0182926829268293
"lacyle01",1986,1,"BAL","AL",491,11,0.0224032586558045
"lacyle01",1987,1,"BAL","AL",258,7,0.0271317829457364
"lagarju01",2013,1,"NYN","NL",392,4,0.0102040816326531
"lagarju01",2014,1,"NYN","NL",416,4,0.00961538461538461
"lagarju01",2015,1,"NYN","NL",441,6,0.0136054421768707
"lagarju01",2017,1,"NYN","NL",252,3,0.0119047619047619
"lagarju01",2019,1,"NYN","NL",258,5,0.0193798449612403
"lagarju01",2021,1,"LAA","AL",309,6,0.0194174757281553
"lahaibr01",2012,1,"CHN","NL",340,16,0.0470588235294118
"lahoujo01",1971,1,"BOS","AL",256,14,0.0546875
"lahoujo01",1972,1,"ML4","AL",316,12,0.0379746835443038
"lahoujo01",1973,1,"ML4","AL",225,5,0.0222222222222222
"lahoujo01",1974,1,"CAL","AL",325,13,0.04
"lairdge01",2006,1,"TEX","AL",243,7,0.0288065843621399
"lairdge01",2007,1,"TEX","AL",407,9,0.0221130221130221
"lairdge01",2008,1,"TEX","AL",344,6,0.0174418604651163
"lairdge01",2009,1,"DET","AL",413,4,0.00968523002421308
"lairdge01",2010,1,"DET","AL",270,5,0.0185185185185185
"lakeju01",2013,1,"CHN","NL",236,6,0.0254237288135593
"lakeju01",2014,1,"CHN","NL",308,9,0.0292207792207792
"lambja01",2015,1,"ARI","NL",350,6,0.0171428571428571
"lambja01",2016,1,"ARI","NL",523,29,0.0554493307839388
"lambja01",2017,1,"ARI","NL",536,30,0.0559701492537314
"lambja01",2018,1,"ARI","NL",207,6,0.0289855072463768
"lambmi01",2000,1,"TEX","AL",493,6,0.0121703853955375
"lambmi01",2001,1,"TEX","AL",284,4,0.0140845070422535
"lambmi01",2002,1,"TEX","AL",314,9,0.0286624203821656
"lambmi01",2004,1,"HOU","NL",278,14,0.0503597122302158
"lambmi01",2005,1,"HOU","NL",322,12,0.0372670807453416
"lambmi01",2006,1,"HOU","NL",381,12,0.031496062992126
"lambmi01",2007,1,"HOU","NL",311,11,0.0353697749196141
"lambmi01",2008,1,"MIN","AL",236,1,0.00423728813559322
"lampkto01",1997,1,"SLN","NL",229,7,0.0305676855895197
"lampkto01",1998,1,"SLN","NL",216,6,0.0277777777777778
"lampkto01",1999,1,"SEA","AL",206,9,0.0436893203883495
"lampkto01",2001,1,"SEA","AL",204,5,0.0245098039215686
"lampkto01",2002,1,"SDN","NL",281,10,0.0355871886120996
"landera01",1980,1,"HOU","NL",393,1,0.00254452926208651
"landrke01",1978,1,"CAL","AL",260,5,0.0192307692307692
"landrke01",1979,1,"MIN","AL",564,15,0.0265957446808511
"landrke01",1980,1,"MIN","AL",484,7,0.0144628099173554
"landrke01",1981,1,"LAN","NL",390,7,0.0179487179487179
"landrke01",1982,1,"LAN","NL",461,7,0.0151843817787419
"landrke01",1983,1,"LAN","NL",481,17,0.0353430353430353
"landrke01",1984,1,"LAN","NL",438,11,0.0251141552511416
"landrke01",1985,1,"LAN","NL",482,12,0.024896265560166
"landrke01",1986,1,"LAN","NL",283,4,0.0141342756183746
"landrti01",1986,1,"SLN","NL",205,2,0.00975609756097561
"laneja01",2005,1,"HOU","NL",517,26,0.0502901353965184
"laneja01",2006,1,"HOU","NL",288,15,0.0520833333333333
"langery01",2005,1,"ATL","NL",326,8,0.0245398773006135
"langery01",2006,1,"ATL","NL",315,7,0.0222222222222222
"langesh01",2023,1,"OAK","AL",448,22,0.0491071428571429
"langesh01",2024,1,"OAK","AL",482,29,0.0601659751037344
"langesh01",2025,1,"ATH","AL",481,31,0.0644490644490645
"langfwy01",2024,1,"TEX","AL",499,16,0.032064128256513
"langfwy01",2025,1,"TEX","AL",489,22,0.0449897750511247
"lanieha01",1970,1,"SFN","NL",438,2,0.0045662100456621
"lanieha01",1971,1,"SFN","NL",206,1,0.00485436893203883
"lankfra01",1991,1,"SLN","NL",566,9,0.0159010600706714
"lankfra01",1992,1,"SLN","NL",598,20,0.0334448160535117
"lankfra01",1993,1,"SLN","NL",407,7,0.0171990171990172
"lankfra01",1994,1,"SLN","NL",416,19,0.0456730769230769
"lankfra01",1995,1,"SLN","NL",483,25,0.05175983436853
"lankfra01",1996,1,"SLN","NL",545,21,0.0385321100917431
"lankfra01",1997,1,"SLN","NL",465,31,0.0666666666666667
"lankfra01",1998,1,"SLN","NL",533,31,0.0581613508442777
"lankfra01",1999,1,"SLN","NL",422,15,0.0355450236966825
"lankfra01",2000,1,"SLN","NL",392,26,0.0663265306122449
"lankfra01",2001,1,"SLN","NL",264,15,0.0568181818181818
"lankfra01",2002,1,"SDN","NL",205,6,0.0292682926829268
"lankfra01",2004,1,"SLN","NL",200,6,0.03
"lansfca01",1978,1,"CAL","AL",453,8,0.0176600441501104
"lansfca01",1979,1,"CAL","AL",654,19,0.0290519877675841
"lansfca01",1980,1,"CAL","AL",602,15,0.0249169435215947
"lansfca01",1981,1,"BOS","AL",399,4,0.0100250626566416
"lansfca01",1982,1,"BOS","AL",482,11,0.0228215767634855
"lansfca01",1983,1,"OAK","AL",299,10,0.0334448160535117
"lansfca01",1984,1,"OAK","AL",597,14,0.0234505862646566
"lansfca01",1985,1,"OAK","AL",401,13,0.0324189526184539
"lansfca01",1986,1,"OAK","AL",591,19,0.0321489001692047
"lansfca01",1987,1,"OAK","AL",554,19,0.0342960288808664
"lansfca01",1988,1,"OAK","AL",556,7,0.012589928057554
"lansfca01",1989,1,"OAK","AL",551,2,0.00362976406533575
"lansfca01",1990,1,"OAK","AL",507,3,0.00591715976331361
"lansfca01",1992,1,"OAK","AL",496,7,0.0141129032258065
"lansimi01",1993,1,"MON","NL",491,3,0.00610997963340122
"lansimi01",1994,1,"MON","NL",394,5,0.0126903553299492
"lansimi01",1995,1,"MON","NL",467,10,0.0214132762312634
"lansimi01",1996,1,"MON","NL",641,11,0.0171606864274571
"lansimi01",1997,1,"MON","NL",572,20,0.034965034965035
"lansimi01",1998,1,"COL","NL",584,12,0.0205479452054794
"lansimi01",2000,1,"COL","NL",365,11,0.0301369863013699
"lansimi01",2001,1,"BOS","AL",352,8,0.0227272727272727
"laporma01",2010,1,"CLE","AL",376,12,0.0319148936170213
"laporma01",2011,1,"CLE","AL",352,11,0.03125
"larkiba01",1987,1,"CIN","NL",439,12,0.0273348519362187
"larkiba01",1988,1,"CIN","NL",588,12,0.0204081632653061
"larkiba01",1989,1,"CIN","NL",325,4,0.0123076923076923
"larkiba01",1990,1,"CIN","NL",614,7,0.011400651465798
"larkiba01",1991,1,"CIN","NL",464,20,0.0431034482758621
"larkiba01",1992,1,"CIN","NL",533,12,0.0225140712945591
"larkiba01",1993,1,"CIN","NL",384,8,0.0208333333333333
"larkiba01",1994,1,"CIN","NL",427,9,0.0210772833723653
"larkiba01",1995,1,"CIN","NL",496,15,0.030241935483871
"larkiba01",1996,1,"CIN","NL",517,33,0.0638297872340425
"larkiba01",1997,1,"CIN","NL",224,4,0.0178571428571429
"larkiba01",1998,1,"CIN","NL",538,17,0.0315985130111524
"larkiba01",1999,1,"CIN","NL",583,12,0.0205831903945111
"larkiba01",2000,1,"CIN","NL",396,11,0.0277777777777778
"larkiba01",2002,1,"CIN","NL",507,7,0.0138067061143984
"larkiba01",2003,1,"CIN","NL",241,2,0.00829875518672199
"larkiba01",2004,1,"CIN","NL",346,8,0.023121387283237
"larkige01",1987,1,"MIN","AL",233,4,0.0171673819742489
"larkige01",1988,1,"MIN","AL",505,8,0.0158415841584158
"larkige01",1989,1,"MIN","AL",446,6,0.0134529147982063
"larkige01",1990,1,"MIN","AL",401,5,0.0124688279301746
"larkige01",1991,1,"MIN","AL",255,2,0.00784313725490196
"larkige01",1992,1,"MIN","AL",337,6,0.0178041543026706
"larnatr01",2021,1,"MIN","AL",260,7,0.0269230769230769
"larnatr01",2024,1,"MIN","AL",355,15,0.0422535211267606
"larnatr01",2025,1,"MIN","AL",503,17,0.0337972166998012
"larocad01",2004,1,"ATL","NL",324,13,0.0401234567901235
"larocad01",2005,1,"ATL","NL",451,20,0.0443458980044346
"larocad01",2006,1,"ATL","NL",492,32,0.0650406504065041
"larocad01",2007,1,"PIT","NL",563,21,0.0373001776198934
"larocad01",2008,1,"PIT","NL",492,25,0.0508130081300813
"larocad01",2009,1,"PIT","NL",324,12,0.037037037037037
"larocad01",2009,3,"ATL","NL",212,12,0.0566037735849057
"larocad01",2010,1,"ARI","NL",560,25,0.0446428571428571
"larocad01",2012,1,"WAS","NL",571,33,0.0577933450087566
"larocad01",2013,1,"WAS","NL",511,20,0.0391389432485323
"larocad01",2014,1,"WAS","NL",494,26,0.0526315789473684
"larocad01",2015,1,"CHA","AL",429,12,0.027972027972028
"larocan01",2009,1,"PIT","NL",524,12,0.0229007633587786
"larocan01",2010,1,"PIT","NL",247,4,0.0161943319838057
"larueja01",2001,1,"CIN","NL",364,12,0.032967032967033
"larueja01",2002,1,"CIN","NL",353,12,0.0339943342776204
"larueja01",2003,1,"CIN","NL",379,16,0.0422163588390501
"larueja01",2004,1,"CIN","NL",390,14,0.0358974358974359
"larueja01",2005,1,"CIN","NL",361,14,0.038781163434903
"lasteto01",2014,1,"ATL","NL",319,1,0.00313479623824451
"lasteto01",2019,1,"LAA","AL",292,16,0.0547945205479452
"lasteto01",2021,1,"SFN","NL",220,7,0.0318181818181818
"laudnti01",1982,1,"MIN","AL",306,7,0.022875816993464
"laudnti01",1984,1,"MIN","AL",262,10,0.0381679389312977
"laudnti01",1987,1,"MIN","AL",288,16,0.0555555555555556
"laudnti01",1988,1,"MIN","AL",375,13,0.0346666666666667
"laudnti01",1989,1,"MIN","AL",239,6,0.0251046025104602
"laurera01",2019,1,"OAK","AL",434,24,0.0552995391705069
"laurera01",2021,1,"OAK","AL",341,14,0.0410557184750733
"laurera01",2022,1,"OAK","AL",346,13,0.0375722543352601
"laurera01",2023,1,"OAK","AL",225,6,0.0266666666666667
"laurera01",2024,2,"ATL","NL",216,10,0.0462962962962963
"laurera01",2025,1,"BAL","AL",259,15,0.0579150579150579
"lavalmi01",1986,1,"SLN","NL",303,3,0.0099009900990099
"lavalmi01",1987,1,"PIT","NL",340,1,0.00294117647058824
"lavalmi01",1988,1,"PIT","NL",352,2,0.00568181818181818
"lavalmi01",1990,1,"PIT","NL",279,3,0.010752688172043
"lavalmi01",1991,1,"PIT","NL",336,3,0.00892857142857143
"lavalmi01",1992,1,"PIT","NL",293,2,0.0068259385665529
"lawribr01",2012,1,"TOR","AL",494,11,0.0222672064777328
"lawribr01",2013,1,"TOR","AL",401,11,0.027431421446384
"lawribr01",2014,1,"TOR","AL",259,12,0.0463320463320463
"lawribr01",2015,1,"OAK","AL",562,16,0.0284697508896797
"lawribr01",2016,1,"CHA","AL",351,12,0.0341880341880342
"lawru01",1980,1,"LAN","NL",388,1,0.00257731958762887
"lawru01",1982,1,"CHA","AL",336,3,0.00892857142857143
"lawru01",1983,1,"CHA","AL",501,3,0.00598802395209581
"lawru01",1984,1,"CHA","AL",487,6,0.0123203285420945
"lawru01",1985,1,"CHA","AL",390,4,0.0102564102564103
"lawru01",1986,1,"KCA","AL",307,1,0.00325732899022801
"lawtoma02",1996,1,"MIN","AL",252,6,0.0238095238095238
"lawtoma02",1997,1,"MIN","AL",460,14,0.0304347826086957
"lawtoma02",1998,1,"MIN","AL",557,21,0.0377019748653501
"lawtoma02",1999,1,"MIN","AL",406,7,0.0172413793103448
"lawtoma02",2000,1,"MIN","AL",561,13,0.0231729055258467
"lawtoma02",2001,1,"MIN","AL",376,10,0.0265957446808511
"lawtoma02",2002,1,"CLE","AL",416,15,0.0360576923076923
"lawtoma02",2003,1,"CLE","AL",374,15,0.0401069518716578
"lawtoma02",2004,1,"CLE","AL",591,20,0.0338409475465313
"lawtoma02",2005,1,"PIT","NL",374,10,0.0267379679144385
"lawva01",1982,1,"CHA","AL",359,5,0.0139275766016713
"lawva01",1983,1,"CHA","AL",408,4,0.00980392156862745
"lawva01",1984,1,"CHA","AL",481,17,0.0353430353430353
"lawva01",1985,1,"MON","NL",519,10,0.0192678227360308
"lawva01",1986,1,"MON","NL",360,5,0.0138888888888889
"lawva01",1987,1,"MON","NL",436,12,0.0275229357798165
"lawva01",1988,1,"CHN","NL",556,11,0.0197841726618705
"lawva01",1989,1,"CHN","NL",408,7,0.017156862745098
"leachri01",1982,1,"DET","AL",218,3,0.0137614678899083
"leachri01",1983,1,"DET","AL",242,3,0.012396694214876
"leachri01",1986,1,"TOR","AL",246,5,0.0203252032520325
"leachri01",1989,1,"TEX","AL",239,1,0.00418410041841004
"lecroma01",2003,1,"MIN","AL",345,17,0.0492753623188406
"lecroma01",2004,1,"MIN","AL",264,9,0.0340909090909091
"lecroma01",2005,1,"MIN","AL",304,17,0.055921052631579
"ledeeri01",1999,1,"NYA","AL",250,9,0.036
"ledeeri01",2000,3,"TEX","AL",213,4,0.0187793427230047
"ledeeri01",2001,1,"TEX","AL",242,2,0.00826446280991736
"ledeeri01",2002,1,"PHI","NL",203,8,0.0394088669950739
"ledeeri01",2003,1,"PHI","NL",255,13,0.0509803921568627
"ledeeri01",2005,1,"LAN","NL",237,7,0.029535864978903
"leebr02",2025,1,"MIN","AL",487,16,0.0328542094455852
"leeca01",1999,1,"CHA","AL",492,16,0.032520325203252
"leeca01",2000,1,"CHA","AL",572,24,0.041958041958042
"leeca01",2001,1,"CHA","AL",558,24,0.043010752688172
"leeca01",2002,1,"CHA","AL",492,26,0.0528455284552845
"leeca01",2003,1,"CHA","AL",623,31,0.0497592295345104
"leeca01",2004,1,"CHA","AL",591,31,0.0524534686971235
"leeca01",2005,1,"MIL","NL",618,32,0.0517799352750809
"leeca01",2006,1,"MIL","NL",388,28,0.0721649484536082
"leeca01",2006,2,"TEX","AL",236,9,0.038135593220339
"leeca01",2007,1,"HOU","NL",627,32,0.05103668261563
"leeca01",2008,1,"HOU","NL",436,28,0.0642201834862385
"leeca01",2009,1,"HOU","NL",610,26,0.0426229508196721
"leeca01",2010,1,"HOU","NL",605,24,0.0396694214876033
"leeca01",2011,1,"HOU","NL",585,18,0.0307692307692308
"leeca01",2012,1,"HOU","NL",258,5,0.0193798449612403
"leeca01",2012,2,"MIA","NL",292,4,0.0136986301369863
"leeda02",2016,1,"SEA","AL",292,14,0.047945205479452
"leede02",1998,1,"FLO","NL",454,17,0.0374449339207048
"leede02",1999,1,"FLO","NL",218,5,0.0229357798165138
"leede02",2000,1,"FLO","NL",477,28,0.0587002096436059
"leede02",2001,1,"FLO","NL",561,21,0.0374331550802139
"leede02",2002,1,"FLO","NL",581,27,0.0464716006884682
"leede02",2003,1,"FLO","NL",539,31,0.0575139146567718
"leede02",2004,1,"CHN","NL",605,32,0.0528925619834711
"leede02",2005,1,"CHN","NL",594,46,0.0774410774410774
"leede02",2007,1,"CHN","NL",567,22,0.0388007054673721
"leede02",2008,1,"CHN","NL",623,20,0.0321027287319422
"leede02",2009,1,"CHN","NL",532,35,0.0657894736842105
"leede02",2010,1,"CHN","NL",418,16,0.0382775119617225
"leede02",2011,1,"BAL","AL",334,12,0.0359281437125748
"leeju01",2025,1,"SFN","NL",560,8,0.0142857142857143
"leeko01",2024,1,"CHA","AL",377,12,0.0318302387267904
"leele02",1970,1,"SLN","NL",264,6,0.0227272727272727
"leele02",1971,2,"SDN","NL",256,4,0.015625
"leele02",1972,1,"SDN","NL",370,12,0.0324324324324324
"leele02",1973,1,"SDN","NL",333,3,0.00900900900900901
"leele02",1974,1,"CLE","AL",232,5,0.021551724137931
"leema02",1988,1,"TOR","AL",381,2,0.005249343832021
"leema02",1989,1,"TOR","AL",300,3,0.01
"leema02",1990,1,"TOR","AL",391,6,0.0153452685421995
"leema02",1992,1,"TOR","AL",396,3,0.00757575757575758
"leema02",1993,1,"TEX","AL",205,1,0.0048780487804878
"leema02",1994,1,"TEX","AL",335,2,0.00597014925373134
"leetr01",1998,1,"ARI","NL",562,22,0.0391459074733096
"leetr01",1999,1,"ARI","NL",375,9,0.024
"leetr01",2000,1,"ARI","NL",224,8,0.0357142857142857
"leetr01",2001,1,"PHI","NL",555,20,0.036036036036036
"leetr01",2002,1,"PHI","NL",536,13,0.0242537313432836
"leetr01",2003,1,"TBA","AL",542,19,0.0350553505535055
"leetr01",2005,1,"TBA","AL",404,12,0.0297029702970297
"leetr01",2006,1,"TBA","AL",343,11,0.032069970845481
"lefebji01",1970,1,"LAN","NL",314,4,0.0127388535031847
"lefebji01",1971,1,"LAN","NL",388,12,0.0309278350515464
"lefebjo01",1981,1,"SDN","NL",246,8,0.032520325203252
"lefebjo01",1982,1,"SDN","NL",239,4,0.0167364016736402
"lefebjo01",1983,2,"PHI","NL",258,8,0.0310077519379845
"lefloro01",1974,1,"DET","AL",254,2,0.0078740157480315
"lefloro01",1975,1,"DET","AL",550,8,0.0145454545454545
"lefloro01",1976,1,"DET","AL",544,4,0.00735294117647059
"lefloro01",1977,1,"DET","AL",652,16,0.0245398773006135
"lefloro01",1978,1,"DET","AL",666,12,0.018018018018018
"lefloro01",1979,1,"DET","AL",600,9,0.015
"lefloro01",1980,1,"MON","NL",521,4,0.00767754318618042
"lefloro01",1982,1,"CHA","AL",334,4,0.0119760479041916
"leiussc01",1992,1,"MIN","AL",409,2,0.00488997555012225
"leiussc01",1994,1,"MIN","AL",350,14,0.04
"leiussc01",1995,1,"MIN","AL",372,4,0.010752688172043
"lemahdj01",2012,1,"COL","NL",229,2,0.00873362445414847
"lemahdj01",2013,1,"COL","NL",404,2,0.00495049504950495
"lemahdj01",2014,1,"COL","NL",494,5,0.0101214574898785
"lemahdj01",2015,1,"COL","NL",564,6,0.0106382978723404
"lemahdj01",2016,1,"COL","NL",552,11,0.0199275362318841
"lemahdj01",2017,1,"COL","NL",609,8,0.013136288998358
"lemahdj01",2018,1,"COL","NL",533,15,0.0281425891181989
"lemahdj01",2019,1,"NYA","AL",602,26,0.0431893687707641
"lemahdj01",2021,1,"NYA","AL",597,10,0.016750418760469
"lemahdj01",2022,1,"NYA","AL",467,12,0.0256959314775161
"lemahdj01",2023,1,"NYA","AL",497,15,0.0301810865191147
"lemahdj01",2024,1,"NYA","AL",201,2,0.0099502487562189
"lemasjo01",1978,1,"SFN","NL",272,1,0.00367647058823529
"lemasjo01",1979,1,"SFN","NL",343,3,0.0087463556851312
"lemasjo01",1980,1,"SFN","NL",405,3,0.00740740740740741
"lemasjo01",1982,1,"SFN","NL",436,2,0.00458715596330275
"lemasjo01",1983,1,"SFN","NL",534,6,0.0112359550561798
"lemasjo01",1984,1,"SFN","NL",451,4,0.00886917960088692
"lemkema01",1991,1,"ATL","NL",269,2,0.00743494423791821
"lemkema01",1992,1,"ATL","NL",427,6,0.0140515222482436
"lemkema01",1993,1,"ATL","NL",493,7,0.0141987829614604
"lemkema01",1994,1,"ATL","NL",350,3,0.00857142857142857
"lemkema01",1995,1,"ATL","NL",399,5,0.012531328320802
"lemkema01",1996,1,"ATL","NL",498,5,0.0100401606425703
"lemkema01",1997,1,"ATL","NL",351,2,0.0056980056980057
"lemonch01",1976,1,"CHA","AL",451,4,0.00886917960088692
"lemonch01",1977,1,"CHA","AL",553,19,0.0343580470162749
"lemonch01",1978,1,"CHA","AL",357,13,0.0364145658263305
"lemonch01",1979,1,"CHA","AL",556,17,0.0305755395683453
"lemonch01",1980,1,"CHA","AL",514,11,0.0214007782101167
"lemonch01",1981,1,"CHA","AL",328,9,0.0274390243902439
"lemonch01",1982,1,"DET","AL",436,19,0.0435779816513762
"lemonch01",1983,1,"DET","AL",491,24,0.0488798370672098
"lemonch01",1984,1,"DET","AL",509,20,0.0392927308447937
"lemonch01",1985,1,"DET","AL",517,18,0.034816247582205
"lemonch01",1986,1,"DET","AL",403,12,0.0297766749379653
"lemonch01",1987,1,"DET","AL",470,20,0.0425531914893617
"lemonch01",1988,1,"DET","AL",512,17,0.033203125
"lemonch01",1989,1,"DET","AL",414,7,0.0169082125603865
"lemonch01",1990,1,"DET","AL",322,5,0.015527950310559
"leonaje01",1980,1,"HOU","NL",216,3,0.0138888888888889
"leonaje01",1982,1,"SFN","NL",278,9,0.0323741007194245
"leonaje01",1983,1,"SFN","NL",516,21,0.0406976744186047
"leonaje01",1984,1,"SFN","NL",514,21,0.0408560311284047
"leonaje01",1985,1,"SFN","NL",507,17,0.0335305719921105
"leonaje01",1986,1,"SFN","NL",341,6,0.0175953079178886
"leonaje01",1987,1,"SFN","NL",503,19,0.0377733598409543
"leonaje01",1988,2,"ML4","AL",374,8,0.0213903743315508
"leonaje01",1989,1,"SEA","AL",566,24,0.0424028268551237
"leonaje01",1990,1,"SEA","AL",478,10,0.0209205020920502
"leoned01",1970,1,"CLE","AL",549,10,0.0182149362477231
"leoned01",1971,1,"CLE","AL",429,4,0.00932400932400932
"leoned01",1972,1,"CLE","AL",225,4,0.0177777777777778
"leoned01",1973,1,"CHA","AL",399,3,0.0075187969924812
"leonsa01",2016,1,"BOS","AL",252,7,0.0277777777777778
"leonsa01",2017,1,"BOS","AL",271,7,0.025830258302583
"leonsa01",2018,1,"BOS","AL",265,5,0.0188679245283019
"leonsa01",2021,1,"MIA","NL",202,4,0.0198019801980198
"levisje01",1996,1,"ML4","AL",233,1,0.00429184549356223
"levisje01",1997,1,"ML4","AL",200,1,0.005
"lewisda01",1991,1,"SFN","NL",222,1,0.0045045045045045
"lewisda01",1992,1,"SFN","NL",320,1,0.003125
"lewisda01",1993,1,"SFN","NL",522,2,0.00383141762452107
"lewisda01",1994,1,"SFN","NL",451,4,0.00886917960088692
"lewisda01",1995,1,"SFN","NL",309,1,0.00323624595469256
"lewisda01",1996,1,"CHA","AL",337,4,0.0118694362017804
"lewisda01",1998,1,"BOS","AL",585,8,0.0136752136752137
"lewisda01",1999,1,"BOS","AL",470,2,0.00425531914893617
"lewisda01",2000,1,"BOS","AL",270,2,0.00740740740740741
"lewisfr02",2008,1,"SFN","NL",468,9,0.0192307692307692
"lewisfr02",2009,1,"SFN","NL",295,4,0.0135593220338983
"lewisfr02",2010,1,"TOR","AL",428,8,0.0186915887850467
"lewisky01",2020,1,"SEA","AL",206,11,0.0533980582524272
"lewisma01",1992,1,"CLE","AL",413,5,0.0121065375302663
"lewisma01",1996,1,"DET","AL",545,11,0.0201834862385321
"lewisma01",1997,1,"SFN","NL",341,10,0.0293255131964809
"lewisma01",1998,1,"PHI","NL",518,9,0.0173745173745174
"lewisro02",2023,1,"MIN","AL",217,15,0.0691244239631336
"lewisro02",2024,1,"MIN","AL",292,16,0.0547945205479452
"lewisro02",2025,1,"MIN","AL",376,13,0.0345744680851064
"leyriji01",1990,1,"NYA","AL",303,5,0.0165016501650165
"leyriji01",1993,1,"NYA","AL",259,14,0.0540540540540541
"leyriji01",1994,1,"NYA","AL",249,17,0.0682730923694779
"leyriji01",1995,1,"NYA","AL",264,7,0.0265151515151515
"leyriji01",1996,1,"NYA","AL",265,7,0.0264150943396226
"leyriji01",1997,1,"ANA","AL",294,11,0.0374149659863946
"lezcasi01",1975,1,"ML4","AL",429,11,0.0256410256410256
"lezcasi01",1976,1,"ML4","AL",513,7,0.01364522417154
"lezcasi01",1977,1,"ML4","AL",400,21,0.0525
"lezcasi01",1978,1,"ML4","AL",442,15,0.0339366515837104
"lezcasi01",1979,1,"ML4","AL",473,28,0.0591966173361522
"lezcasi01",1980,1,"ML4","AL",411,18,0.0437956204379562
"lezcasi01",1981,1,"SLN","NL",214,5,0.0233644859813084
"lezcasi01",1982,1,"SDN","NL",470,16,0.0340425531914894
"lezcasi01",1983,1,"SDN","NL",317,8,0.0252365930599369
"lezcasi01",1984,1,"PHI","NL",256,14,0.0546875
"liebemi01",1997,1,"PHI","NL",455,20,0.043956043956044
"liebemi01",1998,1,"PHI","NL",313,8,0.0255591054313099
"liebemi01",1999,1,"PHI","NL",510,31,0.0607843137254902
"liebemi01",2000,1,"PHI","NL",389,15,0.038560411311054
"liebemi01",2002,1,"PHI","NL",476,15,0.0315126050420168
"liebemi01",2003,1,"PHI","NL",508,13,0.0255905511811024
"liebemi01",2004,1,"PHI","NL",476,17,0.0357142857142857
"liebemi01",2005,1,"PHI","NL",392,12,0.0306122448979592
"liebemi01",2006,1,"PHI","NL",209,9,0.0430622009569378
"liefeje01",2001,1,"CHA","AL",254,18,0.0708661417322835
"liefeje01",2002,1,"CHA","AL",204,7,0.0343137254901961
"lileda01",2025,1,"WAS","NL",321,9,0.0280373831775701
"linarru01",1981,1,"ATL","NL",253,5,0.0197628458498024
"lindad01",2007,1,"TOR","AL",290,11,0.0379310344827586
"lindad01",2008,1,"TOR","AL",326,9,0.0276073619631902
"lindad01",2009,1,"TOR","AL",587,35,0.0596252129471891
"lindad01",2010,1,"TOR","AL",569,23,0.0404217926186292
"lindad01",2011,1,"TOR","AL",499,26,0.0521042084168337
"lindad01",2012,1,"TOR","AL",321,11,0.0342679127725857
"lindad01",2013,1,"TOR","AL",465,23,0.0494623655913978
"lindad01",2014,1,"TOR","AL",290,6,0.0206896551724138
"lindad01",2015,1,"MIL","NL",502,20,0.0398406374501992
"lindad01",2016,1,"SEA","AL",401,20,0.0498753117206983
"lindad01",2017,1,"WAS","NL",267,14,0.052434456928839
"lindeji01",1987,1,"SLN","NL",207,8,0.0386473429951691
"lindjo01",1988,1,"PIT","NL",611,2,0.00327332242225859
"lindjo01",1989,1,"PIT","NL",578,2,0.00346020761245675
"lindjo01",1990,1,"PIT","NL",514,1,0.00194552529182879
"lindjo01",1991,1,"PIT","NL",502,3,0.00597609561752988
"lindjo01",1994,1,"KCA","AL",290,1,0.00344827586206897
"lindofr01",2015,1,"CLE","AL",390,12,0.0307692307692308
"lindofr01",2016,1,"CLE","AL",604,15,0.0248344370860927
"lindofr01",2017,1,"CLE","AL",651,33,0.0506912442396313
"lindofr01",2018,1,"CLE","AL",661,38,0.0574886535552194
"lindofr01",2019,1,"CLE","AL",598,32,0.0535117056856187
"lindofr01",2020,1,"CLE","AL",236,8,0.0338983050847458
"lindofr01",2021,1,"NYN","NL",452,20,0.0442477876106195
"lindofr01",2022,1,"NYN","NL",630,26,0.0412698412698413
"lindofr01",2023,1,"NYN","NL",602,31,0.0514950166112957
"lindofr01",2024,1,"NYN","NL",618,33,0.0533980582524272
"lindofr01",2025,1,"NYN","NL",644,31,0.0481366459627329
"liriane01",1988,1,"TOR","AL",276,3,0.0108695652173913
"liriane01",1989,1,"TOR","AL",418,5,0.0119617224880383
"liriane01",1994,1,"COL","NL",255,3,0.0117647058823529
"liriane01",1995,1,"PIT","NL",259,5,0.0193050193050193
"liriane01",1996,1,"PIT","NL",217,3,0.0138248847926267
"lisjo01",1973,1,"MIN","AL",253,9,0.0355731225296443
"listapa01",1992,1,"ML4","AL",579,1,0.00172711571675302
"listapa01",1993,1,"ML4","AL",356,3,0.00842696629213483
"listapa01",1996,1,"ML4","AL",317,1,0.00315457413249211
"littlbr01",1983,1,"MON","NL",350,1,0.00285714285714286
"littogr01",1990,1,"SFN","NL",204,1,0.00490196078431372
"livinsc01",1992,1,"DET","AL",354,4,0.0112994350282486
"livinsc01",1993,1,"DET","AL",304,2,0.00657894736842105
"lobatjo01",2013,1,"TBA","AL",277,7,0.0252707581227437
"lobatjo01",2014,1,"WAS","NL",214,2,0.00934579439252336
"locasti01",2019,1,"ARI","NL",212,1,0.00471698113207547
"lockhke01",1995,1,"KCA","AL",274,6,0.0218978102189781
"lockhke01",1996,1,"KCA","AL",433,7,0.0161662817551963
"lockhke01",1998,1,"ATL","NL",366,9,0.0245901639344262
"lockhke01",2000,1,"ATL","NL",275,2,0.00727272727272727
"lockhke01",2002,1,"ATL","NL",296,5,0.0168918918918919
"locklge01",1975,1,"SDN","NL",237,5,0.0210970464135021
"loducpa01",2001,1,"LAN","NL",460,25,0.0543478260869565
"loducpa01",2002,1,"LAN","NL",580,10,0.0172413793103448
"loducpa01",2003,1,"LAN","NL",568,7,0.0123239436619718
"loducpa01",2004,1,"LAN","NL",349,10,0.0286532951289398
"loducpa01",2005,1,"FLO","NL",445,6,0.0134831460674157
"loducpa01",2006,1,"NYN","NL",512,5,0.009765625
"loducpa01",2007,1,"NYN","NL",445,9,0.0202247191011236
"loftoke01",1992,1,"CLE","AL",576,5,0.00868055555555556
"loftoke01",1993,1,"CLE","AL",569,1,0.00175746924428822
"loftoke01",1994,1,"CLE","AL",459,12,0.0261437908496732
"loftoke01",1995,1,"CLE","AL",481,7,0.0145530145530146
"loftoke01",1996,1,"CLE","AL",662,14,0.0211480362537764
"loftoke01",1997,1,"ATL","NL",493,5,0.0101419878296146
"loftoke01",1998,1,"CLE","AL",600,12,0.02
"loftoke01",1999,1,"CLE","AL",465,7,0.0150537634408602
"loftoke01",2000,1,"CLE","AL",543,15,0.0276243093922652
"loftoke01",2001,1,"CLE","AL",517,14,0.0270793036750484
"loftoke01",2002,1,"CHA","AL",352,8,0.0227272727272727
"loftoke01",2003,1,"PIT","NL",339,9,0.0265486725663717
"loftoke01",2003,2,"CHN","NL",208,3,0.0144230769230769
"loftoke01",2004,1,"NYA","AL",276,3,0.0108695652173913
"loftoke01",2005,1,"PHI","NL",367,2,0.00544959128065395
"loftoke01",2006,1,"LAN","NL",469,3,0.00639658848614073
"loftoke01",2007,1,"TEX","AL",317,7,0.0220820189274448
"loganno01",2005,1,"DET","AL",322,1,0.0031055900621118
"lombage01",2002,1,"DET","AL",241,5,0.020746887966805
"lombast01",1986,1,"MIN","AL",453,8,0.0176600441501104
"lombast01",1987,1,"MIN","AL",432,8,0.0185185185185185
"lombast01",1988,1,"MIN","AL",287,3,0.0104529616724739
"lombast02",2012,1,"WAS","NL",384,3,0.0078125
"lombast02",2013,1,"WAS","NL",290,2,0.00689655172413793
"loneyja01",2007,1,"LAN","NL",344,15,0.0436046511627907
"loneyja01",2008,1,"LAN","NL",595,13,0.0218487394957983
"loneyja01",2009,1,"LAN","NL",576,13,0.0225694444444444
"loneyja01",2010,1,"LAN","NL",588,10,0.0170068027210884
"loneyja01",2011,1,"LAN","NL",531,12,0.0225988700564972
"loneyja01",2012,1,"LAN","NL",334,4,0.0119760479041916
"loneyja01",2013,1,"TBA","AL",549,13,0.0236794171220401
"loneyja01",2014,1,"TBA","AL",600,9,0.015
"loneyja01",2015,1,"TBA","AL",361,4,0.0110803324099723
"loneyja01",2016,1,"NYN","NL",343,9,0.0262390670553936
"longoev01",2008,1,"TBA","AL",448,27,0.0602678571428571
"longoev01",2009,1,"TBA","AL",584,33,0.0565068493150685
"longoev01",2010,1,"TBA","AL",574,22,0.0383275261324042
"longoev01",2011,1,"TBA","AL",483,31,0.0641821946169772
"longoev01",2012,1,"TBA","AL",273,17,0.0622710622710623
"longoev01",2013,1,"TBA","AL",614,32,0.0521172638436482
"longoev01",2014,1,"TBA","AL",624,22,0.0352564102564103
"longoev01",2015,1,"TBA","AL",604,21,0.0347682119205298
"longoev01",2016,1,"TBA","AL",633,36,0.0568720379146919
"longoev01",2017,1,"TBA","AL",613,20,0.032626427406199
"longoev01",2018,1,"SFN","NL",480,16,0.0333333333333333
"longoev01",2019,1,"SFN","NL",453,20,0.0441501103752759
"longoev01",2021,1,"SFN","NL",253,13,0.0513833992094862
"longoev01",2022,1,"SFN","NL",266,14,0.0526315789473684
"longoev01",2023,1,"ARI","NL",211,11,0.0521327014218009
"longte01",2000,1,"OAK","AL",584,18,0.0308219178082192
"longte01",2001,1,"OAK","AL",629,12,0.0190779014308426
"longte01",2002,1,"OAK","AL",587,16,0.0272572402044293
"longte01",2003,1,"OAK","AL",486,14,0.0288065843621399
"longte01",2004,1,"SDN","NL",288,3,0.0104166666666667
"longte01",2005,1,"KCA","AL",455,6,0.0131868131868132
"lopesda01",1973,1,"LAN","NL",535,6,0.011214953271028
"lopesda01",1974,1,"LAN","NL",530,10,0.0188679245283019
"lopesda01",1975,1,"LAN","NL",618,8,0.0129449838187702
"lopesda01",1976,1,"LAN","NL",427,4,0.00936768149882904
"lopesda01",1977,1,"LAN","NL",502,11,0.0219123505976096
"lopesda01",1978,1,"LAN","NL",587,17,0.0289608177172061
"lopesda01",1979,1,"LAN","NL",582,28,0.0481099656357388
"lopesda01",1980,1,"LAN","NL",553,10,0.0180831826401447
"lopesda01",1981,1,"LAN","NL",214,5,0.0233644859813084
"lopesda01",1982,1,"OAK","AL",450,11,0.0244444444444444
"lopesda01",1983,1,"OAK","AL",494,17,0.034412955465587
"lopesda01",1984,1,"OAK","AL",230,9,0.0391304347826087
"lopesda01",1985,1,"CHN","NL",275,11,0.04
"lopezca01",1977,1,"SEA","AL",297,8,0.0269360269360269
"lopezfe01",2002,1,"TOR","AL",282,8,0.0283687943262411
"lopezfe01",2004,1,"CIN","NL",264,7,0.0265151515151515
"lopezfe01",2005,1,"CIN","NL",580,23,0.0396551724137931
"lopezfe01",2006,1,"CIN","NL",343,9,0.0262390670553936
"lopezfe01",2006,2,"WAS","NL",274,2,0.0072992700729927
"lopezfe01",2007,1,"WAS","NL",603,9,0.0149253731343284
"lopezfe01",2008,1,"WAS","NL",325,2,0.00615384615384615
"lopezfe01",2009,1,"ARI","NL",345,6,0.0173913043478261
"lopezfe01",2009,2,"MIL","NL",259,3,0.0115830115830116
"lopezfe01",2010,1,"SLN","NL",376,7,0.0186170212765957
"lopezja01",1994,1,"ATL","NL",277,13,0.0469314079422383
"lopezja01",1995,1,"ATL","NL",333,14,0.042042042042042
"lopezja01",1996,1,"ATL","NL",489,23,0.0470347648261759
"lopezja01",1997,1,"ATL","NL",414,23,0.0555555555555556
"lopezja01",1998,1,"ATL","NL",489,34,0.0695296523517382
"lopezja01",1999,1,"ATL","NL",246,11,0.0447154471544715
"lopezja01",2000,1,"ATL","NL",481,24,0.0498960498960499
"lopezja01",2001,1,"ATL","NL",438,17,0.0388127853881278
"lopezja01",2002,1,"ATL","NL",347,11,0.031700288184438
"lopezja01",2003,1,"ATL","NL",457,43,0.0940919037199125
"lopezja01",2004,1,"BAL","AL",579,23,0.0397236614853195
"lopezja01",2005,1,"BAL","AL",395,15,0.0379746835443038
"lopezja01",2006,1,"BAL","AL",279,8,0.028673835125448
"lopezjo01",2004,1,"SEA","AL",207,5,0.0241545893719807
"lopezjo01",2006,1,"SEA","AL",603,10,0.0165837479270315
"lopezjo01",2007,1,"SEA","AL",524,11,0.0209923664122137
"lopezjo01",2008,1,"SEA","AL",644,17,0.0263975155279503
"lopezjo01",2009,1,"SEA","AL",613,25,0.0407830342577488
"lopezjo01",2010,1,"SEA","AL",593,10,0.0168634064080944
"lopezjo01",2012,1,"CLE","AL",213,4,0.0187793427230047
"lopezlu02",1994,1,"SDN","NL",235,2,0.00851063829787234
"lopezlu02",1998,1,"NYN","NL",266,2,0.0075187969924812
"lopezlu02",2000,1,"MIL","NL",201,6,0.0298507462686567
"lopezlu02",2001,1,"MIL","NL",222,4,0.018018018018018
"lopezme01",1998,1,"KCA","AL",206,1,0.00485436893203883
"lopezni01",2019,1,"KCA","AL",379,2,0.00527704485488127
"lopezni01",2021,1,"KCA","AL",497,2,0.00402414486921529
"lopezni01",2024,1,"CHA","AL",398,1,0.00251256281407035
"lopezot01",2024,1,"MIA","NL",403,6,0.0148883374689826
"lopezot01",2025,1,"MIA","NL",544,15,0.0275735294117647
"loretma01",1997,1,"ML4","AL",418,5,0.0119617224880383
"loretma01",1998,1,"MIL","NL",434,6,0.0138248847926267
"loretma01",1999,1,"MIL","NL",587,5,0.00851788756388416
"loretma01",2000,1,"MIL","NL",352,7,0.0198863636363636
"loretma01",2001,1,"MIL","NL",384,2,0.00520833333333333
"loretma01",2002,1,"MIL","NL",217,2,0.00921658986175115
"loretma01",2003,1,"SDN","NL",589,13,0.0220713073005093
"loretma01",2004,1,"SDN","NL",620,16,0.0258064516129032
"loretma01",2005,1,"SDN","NL",404,3,0.00742574257425743
"loretma01",2006,1,"BOS","AL",635,5,0.0078740157480315
"loretma01",2007,1,"HOU","NL",460,4,0.00869565217391304
"loretma01",2008,1,"HOU","NL",261,4,0.0153256704980843
"loughda01",2013,1,"KCA","AL",315,5,0.0158730158730159
"lovitjo01",1972,1,"TEX","AL",330,1,0.00303030303030303
"lovitjo01",1974,1,"TEX","AL",283,2,0.00706713780918728
"lovulto01",1993,1,"CAL","AL",367,6,0.0163487738419619
"lowebr01",2019,1,"TBA","AL",296,17,0.0574324324324324
"lowebr01",2021,1,"TBA","AL",535,39,0.0728971962616822
"lowebr01",2022,1,"TBA","AL",235,8,0.0340425531914894
"lowebr01",2023,1,"TBA","AL",377,21,0.0557029177718833
"lowebr01",2024,1,"TBA","AL",385,21,0.0545454545454545
"lowebr01",2025,1,"TBA","AL",507,31,0.0611439842209073
"lowejo01",2023,1,"TBA","AL",466,20,0.0429184549356223
"lowejo01",2024,1,"TBA","AL",353,10,0.028328611898017
"lowejo01",2025,1,"TBA","AL",396,11,0.0277777777777778
"lowelmi01",1999,1,"FLO","NL",308,12,0.038961038961039
"lowelmi01",2000,1,"FLO","NL",508,22,0.0433070866141732
"lowelmi01",2001,1,"FLO","NL",551,18,0.0326678765880218
"lowelmi01",2002,1,"FLO","NL",597,24,0.0402010050251256
"lowelmi01",2003,1,"FLO","NL",492,32,0.0650406504065041
"lowelmi01",2004,1,"FLO","NL",598,27,0.0451505016722408
"lowelmi01",2005,1,"FLO","NL",500,8,0.016
"lowelmi01",2006,1,"BOS","AL",573,20,0.0349040139616056
"lowelmi01",2007,1,"BOS","AL",589,21,0.0356536502546689
"lowelmi01",2008,1,"BOS","AL",419,17,0.0405727923627685
"lowelmi01",2009,1,"BOS","AL",445,17,0.0382022471910112
"lowelmi01",2010,1,"BOS","AL",218,5,0.0229357798165138
"lowena01",2021,1,"TEX","AL",557,18,0.0323159784560144
"lowena01",2022,1,"TEX","AL",593,27,0.045531197301855
"lowena01",2023,1,"TEX","AL",623,17,0.0272873194221509
"lowena01",2024,1,"TEX","AL",486,16,0.0329218106995885
"lowena01",2025,1,"WAS","NL",440,16,0.0363636363636364
"lowenjo01",1973,1,"CLE","AL",305,6,0.019672131147541
"lowenjo01",1974,1,"CLE","AL",508,8,0.015748031496063
"lowenjo01",1975,1,"CLE","AL",265,12,0.0452830188679245
"lowenjo01",1976,1,"CLE","AL",229,2,0.00873362445414847
"lowenjo01",1982,1,"BAL","AL",322,24,0.0745341614906832
"lowenjo01",1983,1,"BAL","AL",310,15,0.0483870967741935
"lowenjo01",1984,1,"BAL","AL",270,8,0.0296296296296296
"lowrije01",2008,1,"BOS","AL",260,2,0.00769230769230769
"lowrije01",2011,1,"BOS","AL",309,6,0.0194174757281553
"lowrije01",2012,1,"HOU","NL",340,16,0.0470588235294118
"lowrije01",2013,1,"OAK","AL",603,15,0.0248756218905473
"lowrije01",2014,1,"OAK","AL",502,6,0.0119521912350598
"lowrije01",2015,1,"HOU","AL",230,9,0.0391304347826087
"lowrije01",2016,1,"OAK","AL",338,2,0.00591715976331361
"lowrije01",2017,1,"OAK","AL",567,14,0.0246913580246914
"lowrije01",2018,1,"OAK","AL",596,23,0.0385906040268456
"lowrije01",2021,1,"OAK","AL",457,14,0.0306345733041575
"lucased01",2013,1,"MIA","NL",351,4,0.0113960113960114
"lucrojo01",2010,1,"MIL","NL",277,4,0.0144404332129964
"lucrojo01",2011,1,"MIL","NL",430,12,0.027906976744186
"lucrojo01",2012,1,"MIL","NL",316,12,0.0379746835443038
"lucrojo01",2013,1,"MIL","NL",521,18,0.0345489443378119
"lucrojo01",2014,1,"MIL","NL",585,13,0.0222222222222222
"lucrojo01",2015,1,"MIL","NL",371,7,0.0188679245283019
"lucrojo01",2016,1,"MIL","NL",338,13,0.0384615384615385
"lucrojo01",2017,1,"TEX","AL",281,4,0.0142348754448399
"lucrojo01",2018,1,"OAK","AL",415,4,0.00963855421686747
"lucrojo01",2019,1,"LAA","AL",240,7,0.0291666666666667
"ludwiry01",2007,1,"SLN","NL",303,14,0.0462046204620462
"ludwiry01",2008,1,"SLN","NL",538,37,0.0687732342007435
"ludwiry01",2009,1,"SLN","NL",486,22,0.0452674897119342
"ludwiry01",2010,1,"SLN","NL",281,11,0.0391459074733096
"ludwiry01",2010,2,"SDN","NL",209,6,0.0287081339712919
"ludwiry01",2011,1,"SDN","NL",378,11,0.0291005291005291
"ludwiry01",2012,1,"CIN","NL",422,26,0.0616113744075829
"ludwiry01",2014,1,"CIN","NL",357,9,0.0252100840336134
"lugoda01",2019,1,"DET","AL",273,6,0.021978021978022
"lugoju01",2000,1,"HOU","NL",420,10,0.0238095238095238
"lugoju01",2001,1,"HOU","NL",513,10,0.0194931773879142
"lugoju01",2002,1,"HOU","NL",322,8,0.0248447204968944
"lugoju01",2003,2,"TBA","AL",433,15,0.0346420323325635
"lugoju01",2004,1,"TBA","AL",581,7,0.0120481927710843
"lugoju01",2005,1,"TBA","AL",616,6,0.00974025974025974
"lugoju01",2006,1,"TBA","AL",289,12,0.041522491349481
"lugoju01",2007,1,"BOS","AL",570,8,0.0140350877192982
"lugoju01",2008,1,"BOS","AL",261,1,0.00383141762452107
"lukesna01",2025,1,"TOR","AL",388,12,0.0309278350515464
"lummi01",1970,1,"ATL","NL",291,7,0.0240549828178694
"lummi01",1971,1,"ATL","NL",454,13,0.0286343612334802
"lummi01",1972,1,"ATL","NL",369,9,0.024390243902439
"lummi01",1973,1,"ATL","NL",513,16,0.0311890838206628
"lummi01",1974,1,"ATL","NL",361,11,0.0304709141274238
"lummi01",1975,1,"ATL","NL",364,8,0.021978021978022
"lummi01",1979,1,"ATL","NL",217,6,0.0276497695852535
"lunahe01",2006,1,"SLN","NL",223,4,0.0179372197309417
"luplojo01",2019,1,"CLE","AL",225,15,0.0666666666666667
"luplojo01",2022,1,"ARI","NL",205,11,0.0536585365853659
"luxga01",2021,1,"LAN","NL",335,7,0.0208955223880597
"luxga01",2022,1,"LAN","NL",421,6,0.0142517814726841
"luxga01",2024,1,"LAN","NL",439,10,0.0227790432801822
"luxga01",2025,1,"CIN","NL",446,5,0.0112107623318386
"luzingr01",1972,1,"PHI","NL",563,18,0.0319715808170515
"luzingr01",1973,1,"PHI","NL",610,29,0.0475409836065574
"luzingr01",1974,1,"PHI","NL",302,7,0.0231788079470199
"luzingr01",1975,1,"PHI","NL",596,34,0.0570469798657718
"luzingr01",1976,1,"PHI","NL",533,21,0.0393996247654784
"luzingr01",1977,1,"PHI","NL",554,39,0.0703971119133574
"luzingr01",1978,1,"PHI","NL",540,35,0.0648148148148148
"luzingr01",1979,1,"PHI","NL",452,18,0.0398230088495575
"luzingr01",1980,1,"PHI","NL",368,19,0.0516304347826087
"luzingr01",1981,1,"CHA","AL",378,21,0.0555555555555556
"luzingr01",1982,1,"CHA","AL",583,18,0.0308747855917667
"luzingr01",1983,1,"CHA","AL",502,32,0.0637450199203187
"luzingr01",1984,1,"CHA","AL",412,13,0.0315533980582524
"lynnfr01",1975,1,"BOS","AL",528,21,0.0397727272727273
"lynnfr01",1976,1,"BOS","AL",507,10,0.019723865877712
"lynnfr01",1977,1,"BOS","AL",497,18,0.0362173038229376
"lynnfr01",1978,1,"BOS","AL",541,22,0.0406654343807763
"lynnfr01",1979,1,"BOS","AL",531,39,0.0734463276836158
"lynnfr01",1980,1,"BOS","AL",415,12,0.0289156626506024
"lynnfr01",1981,1,"CAL","AL",256,5,0.01953125
"lynnfr01",1982,1,"CAL","AL",472,21,0.0444915254237288
"lynnfr01",1983,1,"CAL","AL",437,22,0.0503432494279176
"lynnfr01",1984,1,"CAL","AL",517,23,0.0444874274661509
"lynnfr01",1985,1,"BAL","AL",448,23,0.0513392857142857
"lynnfr01",1986,1,"BAL","AL",397,23,0.0579345088161209
"lynnfr01",1987,1,"BAL","AL",396,23,0.0580808080808081
"lynnfr01",1988,1,"BAL","AL",301,18,0.0598006644518272
"lynnfr01",1989,1,"DET","AL",353,11,0.0311614730878187
"lyonsba01",1989,1,"NYN","NL",235,3,0.0127659574468085
"lyonsst01",1985,1,"BOS","AL",371,5,0.0134770889487871
"lyonsst01",1988,1,"CHA","AL",472,5,0.010593220338983
"lyonsst01",1989,1,"CHA","AL",443,2,0.00451467268623025
"lyonsst01",1991,1,"BOS","AL",212,4,0.0188679245283019
"maaske01",1990,1,"NYA","AL",254,21,0.0826771653543307
"maaske01",1991,1,"NYA","AL",500,23,0.046
"maaske01",1992,1,"NYA","AL",286,11,0.0384615384615385
"mabryjo01",1995,1,"SLN","NL",388,5,0.0128865979381443
"mabryjo01",1996,1,"SLN","NL",543,13,0.0239410681399632
"mabryjo01",1997,1,"SLN","NL",388,5,0.0128865979381443
"mabryjo01",1998,1,"SLN","NL",377,9,0.0238726790450928
"mabryjo01",1999,1,"SEA","AL",262,9,0.0343511450381679
"mabryjo01",2004,1,"SLN","NL",240,13,0.0541666666666667
"mabryjo01",2005,1,"SLN","NL",246,8,0.032520325203252
"mabryjo01",2006,1,"CHN","NL",210,5,0.0238095238095238
"macfami01",1988,1,"KCA","AL",211,4,0.018957345971564
"macfami01",1990,1,"KCA","AL",400,6,0.015
"macfami01",1991,1,"KCA","AL",267,13,0.048689138576779
"macfami01",1992,1,"KCA","AL",402,17,0.0422885572139304
"macfami01",1993,1,"KCA","AL",388,20,0.0515463917525773
"macfami01",1994,1,"KCA","AL",314,14,0.0445859872611465
"macfami01",1995,1,"BOS","AL",364,15,0.0412087912087912
"macfami01",1996,1,"KCA","AL",379,19,0.050131926121372
"macfami01",1997,1,"KCA","AL",257,8,0.0311284046692607
"macfami01",1998,2,"OAK","AL",207,7,0.0338164251207729
"macfami01",1999,1,"OAK","AL",226,4,0.0176991150442478
"machadi01",2018,1,"DET","AL",214,1,0.00467289719626168
"machama01",2013,1,"BAL","AL",667,14,0.0209895052473763
"machama01",2014,1,"BAL","AL",327,12,0.036697247706422
"machama01",2015,1,"BAL","AL",633,35,0.0552922590837283
"machama01",2016,1,"BAL","AL",640,37,0.0578125
"machama01",2017,1,"BAL","AL",630,33,0.0523809523809524
"machama01",2018,1,"BAL","AL",365,24,0.0657534246575342
"machama01",2018,2,"LAN","NL",267,13,0.048689138576779
"machama01",2019,1,"SDN","NL",587,32,0.0545144804088586
"machama01",2020,1,"SDN","NL",224,16,0.0714285714285714
"machama01",2021,1,"SDN","NL",564,28,0.049645390070922
"machama01",2022,1,"SDN","NL",578,32,0.055363321799308
"machama01",2023,1,"SDN","NL",543,30,0.0552486187845304
"machama01",2024,1,"SDN","NL",593,29,0.0489038785834739
"machama01",2025,1,"SDN","NL",615,27,0.0439024390243902
"machivi01",2022,1,"OAK","AL",223,1,0.00448430493273543
"maciajo01",2001,1,"DET","AL",488,8,0.0163934426229508
"maciajo01",2002,2,"MON","NL",231,7,0.0303030303030303
"maciajo01",2003,1,"MON","NL",272,4,0.0147058823529412
"mackape01",1975,1,"MON","NL",448,12,0.0267857142857143
"mackape01",1976,1,"MON","NL",380,8,0.0210526315789474
"mackape01",1980,1,"MIN","AL",319,4,0.0125391849529781
"mackape01",1981,1,"MIN","AL",225,4,0.0177777777777778
"mackoro01",2001,1,"PIT","NL",214,4,0.0186915887850467
"mackoro01",2002,1,"PIT","NL",385,16,0.0415584415584416
"mackoro01",2004,1,"PIT","NL",491,17,0.0346232179226069
"mackoro01",2005,1,"PIT","NL",463,9,0.019438444924406
"mackoro01",2006,1,"CHA","AL",255,5,0.0196078431372549
"mackoro01",2007,1,"CHA","AL",237,6,0.0253164556962025
"macksh01",1987,1,"SDN","NL",238,4,0.0168067226890756
"macksh01",1990,1,"MIN","AL",313,8,0.0255591054313099
"macksh01",1991,1,"MIN","AL",442,18,0.0407239819004525
"macksh01",1992,1,"MIN","AL",600,16,0.0266666666666667
"macksh01",1993,1,"MIN","AL",503,10,0.0198807157057654
"macksh01",1994,1,"MIN","AL",303,15,0.0495049504950495
"macksh01",1998,2,"KCA","AL",207,6,0.0289855072463768
"maddoel01",1970,1,"DET","AL",258,3,0.0116279069767442
"maddoel01",1971,1,"WS2","AL",258,1,0.00387596899224806
"maddoel01",1974,1,"NYA","AL",466,3,0.00643776824034335
"maddoel01",1975,1,"NYA","AL",218,1,0.00458715596330275
"maddoel01",1978,1,"NYN","NL",389,2,0.0051413881748072
"maddoel01",1979,1,"NYN","NL",224,1,0.00446428571428571
"maddoel01",1980,1,"NYN","NL",411,4,0.0097323600973236
"maddoga01",1972,1,"SFN","NL",458,12,0.0262008733624454
"maddoga01",1973,1,"SFN","NL",587,11,0.0187393526405451
"maddoga01",1974,1,"SFN","NL",538,8,0.0148698884758364
"maddoga01",1975,2,"PHI","NL",374,4,0.0106951871657754
"maddoga01",1976,1,"PHI","NL",531,6,0.0112994350282486
"maddoga01",1977,1,"PHI","NL",571,14,0.0245183887915937
"maddoga01",1978,1,"PHI","NL",598,11,0.0183946488294314
"maddoga01",1979,1,"PHI","NL",548,13,0.0237226277372263
"maddoga01",1980,1,"PHI","NL",549,11,0.0200364298724954
"maddoga01",1981,1,"PHI","NL",323,5,0.0154798761609907
"maddoga01",1982,1,"PHI","NL",412,8,0.0194174757281553
"maddoga01",1983,1,"PHI","NL",324,4,0.0123456790123457
"maddoga01",1984,1,"PHI","NL",241,5,0.020746887966805
"maddoga01",1985,1,"PHI","NL",218,4,0.018348623853211
"madlobi01",1974,1,"CHN","NL",453,9,0.0198675496688742
"madlobi01",1975,1,"CHN","NL",514,7,0.0136186770428016
"madlobi01",1976,1,"CHN","NL",514,15,0.0291828793774319
"madlobi01",1977,1,"SFN","NL",533,12,0.0225140712945591
"madlobi01",1978,1,"SFN","NL",447,15,0.0335570469798658
"madlobi01",1979,1,"SFN","NL",249,7,0.0281124497991968
"madlobi01",1979,2,"PIT","NL",311,7,0.022508038585209
"madlobi01",1980,1,"PIT","NL",494,10,0.0202429149797571
"madlobi01",1981,1,"PIT","NL",279,6,0.021505376344086
"madlobi01",1982,1,"PIT","NL",568,19,0.0334507042253521
"madlobi01",1983,1,"PIT","NL",473,12,0.025369978858351
"madlobi01",1984,1,"PIT","NL",403,4,0.00992555831265509
"madlobi01",1985,1,"PIT","NL",399,10,0.025062656641604
"madlobi01",1986,1,"LAN","NL",379,10,0.0263852242744063
"madlobi01",1987,2,"DET","AL",326,14,0.0429447852760736
"madrini01",2021,1,"CHA","AL",200,2,0.01
"madrini01",2023,1,"CHN","NL",270,2,0.00740740740740741
"magadda01",1988,1,"NYN","NL",314,1,0.00318471337579618
"magadda01",1989,1,"NYN","NL",374,4,0.0106951871657754
"magadda01",1990,1,"NYN","NL",451,6,0.0133037694013304
"magadda01",1991,1,"NYN","NL",418,4,0.00956937799043062
"magadda01",1992,1,"NYN","NL",321,3,0.00934579439252336
"magadda01",1993,1,"FLO","NL",227,4,0.0176211453744493
"magadda01",1993,2,"SEA","AL",228,1,0.0043859649122807
"magadda01",1994,1,"FLO","NL",211,1,0.004739336492891
"magadda01",1995,1,"HOU","NL",348,2,0.00574712643678161
"magadda01",1997,1,"OAK","AL",271,4,0.014760147601476
"magadda01",1999,1,"SDN","NL",248,2,0.00806451612903226
"mageewe01",2001,1,"DET","AL",207,5,0.0241545893719807
"mageewe01",2002,1,"DET","AL",347,6,0.0172910662824208
"magruch01",2002,1,"CLE","AL",258,6,0.0232558139534884
"mahtomi01",2017,1,"DET","AL",348,12,0.0344827586206897
"mahtomi01",2018,1,"DET","AL",223,9,0.0403587443946188
"maiermi01",2009,1,"KCA","AL",341,3,0.00879765395894428
"maiermi01",2010,1,"KCA","AL",373,5,0.0134048257372654
"mailelu01",2018,1,"TOR","AL",202,3,0.0148514851485149
"maldoca01",1984,1,"LAN","NL",254,5,0.0196850393700787
"maldoca01",1985,1,"LAN","NL",213,5,0.0234741784037559
"maldoca01",1986,1,"SFN","NL",405,18,0.0444444444444444
"maldoca01",1987,1,"SFN","NL",442,20,0.0452488687782805
"maldoca01",1988,1,"SFN","NL",499,12,0.0240480961923848
"maldoca01",1989,1,"SFN","NL",345,9,0.0260869565217391
"maldoca01",1990,1,"CLE","AL",590,22,0.0372881355932203
"maldoca01",1992,1,"TOR","AL",489,20,0.0408997955010225
"maldoma01",2012,1,"MIL","NL",233,8,0.0343347639484979
"maldoma01",2015,1,"MIL","NL",229,4,0.0174672489082969
"maldoma01",2016,1,"MIL","NL",208,8,0.0384615384615385
"maldoma01",2017,1,"LAA","AL",429,14,0.0326340326340326
"maldoma01",2018,1,"LAA","AL",265,5,0.0188679245283019
"maldoma01",2019,1,"KCA","AL",238,6,0.0252100840336134
"maldoma01",2021,1,"HOU","AL",373,12,0.032171581769437
"maldoma01",2022,1,"HOU","AL",344,15,0.0436046511627907
"maldoma01",2023,1,"HOU","AL",362,15,0.0414364640883978
"malerji01",1982,1,"SEA","AL",221,4,0.0180995475113122
"malloju02",2024,1,"DET","AL",202,8,0.0396039603960396
"mancitr01",2017,1,"BAL","AL",543,24,0.0441988950276243
"mancitr01",2018,1,"BAL","AL",582,24,0.0412371134020619
"mancitr01",2019,1,"BAL","AL",602,35,0.0581395348837209
"mancitr01",2021,1,"BAL","AL",556,21,0.0377697841726619
"mancitr01",2022,1,"BAL","AL",354,10,0.0282485875706215
"mancitr01",2023,1,"CHN","NL",235,4,0.0170212765957447
"manguan01",1971,1,"OAK","AL",287,4,0.0139372822299652
"manguan01",1972,1,"OAK","AL",272,5,0.0183823529411765
"manguan01",1974,1,"OAK","AL",365,9,0.0246575342465753
"manguja01",2025,1,"TBA","AL",405,3,0.00740740740740741
"mangupe01",1975,1,"MON","NL",514,9,0.0175097276264591
"mangupe01",1976,1,"MON","NL",215,3,0.013953488372093
"mankoph01",1977,1,"DET","AL",286,3,0.0104895104895105
"mankoph01",1978,1,"DET","AL",222,4,0.018018018018018
"manniri01",1975,1,"CLE","AL",480,3,0.00625
"manniri01",1976,1,"CLE","AL",552,6,0.0108695652173913
"manniri01",1977,1,"CLE","AL",252,5,0.0198412698412698
"manniri01",1978,1,"CLE","AL",566,3,0.00530035335689046
"manniri01",1979,1,"CLE","AL",560,3,0.00535714285714286
"manniri01",1980,1,"CLE","AL",471,3,0.00636942675159236
"manniri01",1981,1,"CLE","AL",360,4,0.0111111111111111
"manniri01",1982,1,"CLE","AL",562,8,0.0142348754448399
"manniri01",1983,2,"ML4","AL",375,3,0.008
"manniri01",1984,1,"ML4","AL",341,7,0.0205278592375367
"manniri01",1985,1,"ML4","AL",216,2,0.00925925925925926
"manniri01",1986,1,"ML4","AL",205,8,0.0390243902439024
"manrifr01",1987,1,"CHA","AL",298,4,0.0134228187919463
"manrifr01",1988,1,"CHA","AL",345,5,0.0144927536231884
"manrifr01",1990,1,"MIN","AL",228,5,0.0219298245614035
"mantoje01",1995,1,"BAL","AL",254,17,0.0669291338582677
"manwaki01",1992,1,"SFN","NL",349,4,0.0114613180515759
"manwaki01",1993,1,"SFN","NL",432,5,0.0115740740740741
"manwaki01",1994,1,"SFN","NL",316,1,0.00316455696202532
"manwaki01",1995,1,"SFN","NL",379,4,0.0105540897097625
"manwaki01",1997,1,"COL","NL",337,1,0.0029673590504451
"manwaki01",1998,1,"COL","NL",291,2,0.00687285223367698
"manzaky01",2025,1,"CLE","AL",470,27,0.0574468085106383
"manzeto01",2010,1,"HOU","NL",258,1,0.00387596899224806
"marcatu01",2023,1,"PIT","NL",202,3,0.0148514851485149
"margoma01",2017,1,"SDN","NL",487,13,0.026694045174538
"margoma01",2018,1,"SDN","NL",477,8,0.0167714884696017
"margoma01",2019,1,"SDN","NL",398,12,0.0301507537688442
"margoma01",2021,1,"TBA","AL",421,10,0.0237529691211401
"margoma01",2022,1,"TBA","AL",336,4,0.0119047619047619
"margoma01",2023,1,"TBA","AL",311,4,0.0128617363344051
"margoma01",2024,1,"MIN","AL",315,4,0.0126984126984127
"marisja01",2015,1,"HOU","AL",339,9,0.0265486725663717
"marisja01",2016,1,"HOU","AL",287,5,0.0174216027874564
"marisja01",2017,1,"HOU","AL",230,16,0.0695652173913043
"marisja01",2018,1,"HOU","AL",213,10,0.0469483568075117
"marisja01",2019,1,"HOU","AL",292,10,0.0342465753424658
"markani01",2006,1,"BAL","AL",491,16,0.0325865580448065
"markani01",2007,1,"BAL","AL",637,23,0.0361067503924647
"markani01",2008,1,"BAL","AL",595,20,0.0336134453781513
"markani01",2009,1,"BAL","AL",642,18,0.0280373831775701
"markani01",2010,1,"BAL","AL",629,12,0.0190779014308426
"markani01",2011,1,"BAL","AL",641,15,0.0234009360374415
"markani01",2012,1,"BAL","AL",420,13,0.030952380952381
"markani01",2013,1,"BAL","AL",634,10,0.0157728706624606
"markani01",2014,1,"BAL","AL",642,14,0.0218068535825545
"markani01",2015,1,"ATL","NL",612,3,0.00490196078431372
"markani01",2016,1,"ATL","NL",599,13,0.0217028380634391
"markani01",2017,1,"ATL","NL",593,8,0.0134907251264755
"markani01",2018,1,"ATL","NL",623,14,0.0224719101123596
"markani01",2019,1,"ATL","NL",414,9,0.0217391304347826
"marreel01",1998,1,"SLN","NL",254,4,0.015748031496063
"marreel01",1999,1,"SLN","NL",317,6,0.0189274447949527
"marreel01",2001,1,"SLN","NL",203,6,0.0295566502463054
"marreel01",2002,1,"SLN","NL",397,18,0.0453400503778338
"marreel01",2004,1,"ATL","NL",250,10,0.04
"marseja01",2025,1,"MIA","NL",209,5,0.0239234449760766
"marshbr02",2021,1,"LAA","AL",236,2,0.00847457627118644
"marshbr02",2022,1,"LAA","AL",292,8,0.0273972602739726
"marshbr02",2023,1,"PHI","NL",404,12,0.0297029702970297
"marshbr02",2024,1,"PHI","NL",418,16,0.0382775119617225
"marshbr02",2025,1,"PHI","NL",379,11,0.029023746701847
"marshda01",1971,1,"NYN","NL",214,3,0.014018691588785
"marshmi02",1983,1,"LAN","NL",465,17,0.0365591397849462
"marshmi02",1984,1,"LAN","NL",495,21,0.0424242424242424
"marshmi02",1985,1,"LAN","NL",518,28,0.0540540540540541
"marshmi02",1986,1,"LAN","NL",330,19,0.0575757575757576
"marshmi02",1987,1,"LAN","NL",402,16,0.0398009950248756
"marshmi02",1988,1,"LAN","NL",542,20,0.03690036900369
"marshmi02",1989,1,"LAN","NL",377,11,0.0291777188328912
"marsolo01",2010,1,"CLE","AL",262,3,0.0114503816793893
"marsolo01",2011,1,"CLE","AL",243,1,0.00411522633744856
"martean01",2008,1,"CLE","AL",235,3,0.0127659574468085
"marteje01",2016,1,"LAA","AL",258,15,0.0581395348837209
"marteke01",2015,1,"SEA","AL",219,2,0.0091324200913242
"marteke01",2016,1,"SEA","AL",437,1,0.0022883295194508
"marteke01",2017,1,"ARI","NL",223,5,0.0224215246636771
"marteke01",2018,1,"ARI","NL",520,14,0.0269230769230769
"marteke01",2019,1,"ARI","NL",569,32,0.0562390158172232
"marteke01",2021,1,"ARI","NL",340,14,0.0411764705882353
"marteke01",2022,1,"ARI","NL",492,12,0.024390243902439
"marteke01",2023,1,"ARI","NL",569,25,0.0439367311072056
"marteke01",2024,1,"ARI","NL",504,36,0.0714285714285714
"marteke01",2025,1,"ARI","NL",480,28,0.0583333333333333
"marteno01",2024,1,"CIN","NL",229,4,0.0174672489082969
"marteno01",2025,1,"CIN","NL",339,14,0.0412979351032448
"martest01",2013,1,"PIT","NL",510,12,0.0235294117647059
"martest01",2014,1,"PIT","NL",495,13,0.0262626262626263
"martest01",2015,1,"PIT","NL",579,19,0.0328151986183074
"martest01",2016,1,"PIT","NL",489,9,0.0184049079754601
"martest01",2017,1,"PIT","NL",309,7,0.0226537216828479
"martest01",2018,1,"PIT","NL",559,20,0.035778175313059
"martest01",2019,1,"PIT","NL",539,23,0.0426716141001855
"martest01",2021,1,"MIA","NL",233,7,0.0300429184549356
"martest01",2021,2,"OAK","AL",234,5,0.0213675213675214
"martest01",2022,1,"NYN","NL",466,16,0.0343347639484979
"martest01",2023,1,"NYN","NL",315,5,0.0158730158730159
"martest01",2024,1,"NYN","NL",335,7,0.0208955223880597
"martest01",2025,1,"NYN","NL",293,9,0.0307167235494881
"martial03",1993,1,"PIT","NL",480,18,0.0375
"martial03",1994,1,"PIT","NL",276,9,0.0326086956521739
"martial03",1995,1,"PIT","NL",439,13,0.0296127562642369
"martial03",1996,1,"PIT","NL",630,18,0.0285714285714286
"martial03",1997,1,"PIT","NL",423,13,0.0307328605200946
"martial03",1998,1,"PIT","NL",440,12,0.0272727272727273
"martial03",1999,1,"PIT","NL",541,24,0.044362292051756
"martial03",2000,1,"SDN","NL",346,11,0.0317919075144509
"martial03",2001,1,"SEA","AL",283,7,0.0247349823321555
"martial03",2003,1,"TBA","AL",238,3,0.0126050420168067
"martian02",2025,1,"CLE","AL",446,11,0.0246636771300448
"martiau01",2024,1,"MIN","AL",233,1,0.00429184549356223
"martibu01",1975,1,"KCA","AL",226,3,0.0132743362831858
"martibu01",1976,1,"KCA","AL",267,5,0.0187265917602996
"martibu01",1978,1,"ML4","AL",256,1,0.00390625
"martibu01",1980,1,"ML4","AL",219,3,0.0136986301369863
"martibu01",1982,1,"TOR","AL",260,10,0.0384615384615385
"martibu01",1983,1,"TOR","AL",221,10,0.0452488687782805
"martibu01",1984,1,"TOR","AL",232,5,0.021551724137931
"martica01",1984,1,"SDN","NL",488,13,0.0266393442622951
"martica01",1985,1,"SDN","NL",514,21,0.0408560311284047
"martica01",1986,1,"SDN","NL",244,9,0.0368852459016393
"martica01",1987,1,"SDN","NL",447,15,0.0335570469798658
"martica01",1988,1,"SDN","NL",365,18,0.0493150684931507
"martica01",1989,1,"SDN","NL",267,6,0.0224719101123596
"martica02",1989,1,"CHA","AL",350,5,0.0142857142857143
"martica02",1990,1,"CHA","AL",272,4,0.0147058823529412
"martica02",1991,1,"CLE","AL",257,5,0.0194552529182879
"martica02",1992,1,"CLE","AL",228,5,0.0219298245614035
"martica02",1993,1,"CLE","AL",262,5,0.0190839694656489
"martich01",1991,1,"BAL","AL",216,13,0.0601851851851852
"martida01",1987,1,"CHN","NL",459,8,0.0174291938997821
"martida01",1988,1,"CHN","NL",256,4,0.015625
"martida01",1989,1,"MON","NL",361,3,0.00831024930747922
"martida01",1990,1,"MON","NL",391,11,0.0281329923273657
"martida01",1991,1,"MON","NL",396,7,0.0176767676767677
"martida01",1992,1,"CIN","NL",393,3,0.00763358778625954
"martida01",1993,1,"SFN","NL",241,5,0.020746887966805
"martida01",1994,1,"SFN","NL",235,4,0.0170212765957447
"martida01",1995,1,"CHA","AL",303,5,0.0165016501650165
"martida01",1996,1,"CHA","AL",440,10,0.0227272727272727
"martida01",1997,1,"CHA","AL",504,12,0.0238095238095238
"martida01",1998,1,"TBA","AL",309,3,0.00970873786407767
"martida01",1999,1,"TBA","AL",514,6,0.0116731517509728
"martida01",2001,1,"ATL","NL",237,2,0.00843881856540084
"martied01",1990,1,"SEA","AL",487,11,0.0225872689938398
"martied01",1991,1,"SEA","AL",544,14,0.0257352941176471
"martied01",1992,1,"SEA","AL",528,18,0.0340909090909091
"martied01",1994,1,"SEA","AL",326,13,0.0398773006134969
"martied01",1995,1,"SEA","AL",511,29,0.0567514677103718
"martied01",1996,1,"SEA","AL",499,26,0.0521042084168337
"martied01",1997,1,"SEA","AL",542,28,0.051660516605166
"martied01",1998,1,"SEA","AL",556,29,0.052158273381295
"martied01",1999,1,"SEA","AL",502,24,0.047808764940239
"martied01",2000,1,"SEA","AL",556,37,0.0665467625899281
"martied01",2001,1,"SEA","AL",470,23,0.048936170212766
"martied01",2002,1,"SEA","AL",328,15,0.0457317073170732
"martied01",2003,1,"SEA","AL",497,24,0.0482897384305835
"martied01",2004,1,"SEA","AL",486,12,0.0246913580246914
"martife01",2000,1,"TBA","AL",299,2,0.00668896321070234
"martife01",2001,1,"TBA","AL",219,1,0.0045662100456621
"martijd02",2011,1,"HOU","NL",208,6,0.0288461538461539
"martijd02",2012,1,"HOU","NL",395,11,0.0278481012658228
"martijd02",2013,1,"HOU","AL",296,7,0.0236486486486486
"martijd02",2014,1,"DET","AL",441,23,0.0521541950113379
"martijd02",2015,1,"DET","AL",596,38,0.063758389261745
"martijd02",2016,1,"DET","AL",460,22,0.0478260869565217
"martijd02",2017,1,"DET","AL",200,16,0.08
"martijd02",2017,2,"ARI","NL",232,29,0.125
"martijd02",2018,1,"BOS","AL",569,43,0.0755711775043937
"martijd02",2019,1,"BOS","AL",575,36,0.0626086956521739
"martijd02",2020,1,"BOS","AL",211,7,0.033175355450237
"martijd02",2021,1,"BOS","AL",570,28,0.0491228070175439
"martijd02",2022,1,"BOS","AL",533,16,0.0300187617260788
"martijd02",2023,1,"LAN","NL",432,33,0.0763888888888889
"martijd02",2024,1,"NYN","NL",434,16,0.0368663594470046
"martije01",1977,1,"PHI","NL",215,6,0.027906976744186
"martije01",1978,1,"PHI","NL",266,9,0.0338345864661654
"martije01",1979,1,"CHN","NL",534,19,0.0355805243445693
"martije01",1980,1,"CHN","NL",494,23,0.0465587044534413
"martije01",1981,1,"SFN","NL",241,4,0.016597510373444
"martije01",1982,1,"KCA","AL",519,15,0.0289017341040462
"martijo08",2017,1,"SLN","NL",272,14,0.0514705882352941
"martijo08",2018,1,"SLN","NL",534,17,0.0318352059925094
"martijo08",2019,1,"SLN","NL",334,10,0.029940119760479
"martile01",2013,1,"TEX","AL",457,8,0.0175054704595186
"martile01",2014,1,"TEX","AL",533,7,0.0131332082551595
"martile01",2015,1,"TEX","AL",288,5,0.0173611111111111
"martile01",2016,1,"SEA","AL",518,15,0.028957528957529
"martile01",2018,1,"DET","AL",303,9,0.0297029702970297
"martile01",2019,1,"CLE","AL",236,9,0.038135593220339
"martima02",1999,1,"MON","NL",331,2,0.00604229607250755
"martimi02",2011,1,"PHI","NL",209,3,0.0143540669856459
"martino01",1997,1,"CHA","AL",213,2,0.00938967136150235
"martira03",2001,1,"SFN","NL",391,5,0.0127877237851662
"martira03",2003,1,"CHN","NL",293,3,0.0102389078498294
"martira03",2004,1,"CHN","NL",260,3,0.0115384615384615
"martiri01",2019,1,"BAL","AL",283,6,0.0212014134275618
"martiru01",2006,1,"LAN","NL",415,10,0.0240963855421687
"martiru01",2007,1,"LAN","NL",540,19,0.0351851851851852
"martiru01",2008,1,"LAN","NL",553,13,0.0235081374321881
"martiru01",2009,1,"LAN","NL",505,7,0.0138613861386139
"martiru01",2010,1,"LAN","NL",331,5,0.0151057401812689
"martiru01",2011,1,"NYA","AL",417,18,0.0431654676258993
"martiru01",2012,1,"NYA","AL",422,21,0.0497630331753555
"martiru01",2013,1,"PIT","NL",438,15,0.0342465753424658
"martiru01",2014,1,"PIT","NL",379,11,0.029023746701847
"martiru01",2015,1,"TOR","AL",441,23,0.0521541950113379
"martiru01",2016,1,"TOR","AL",455,20,0.043956043956044
"martiru01",2017,1,"TOR","AL",307,13,0.0423452768729642
"martiru01",2018,1,"TOR","AL",289,10,0.0346020761245675
"martiru01",2019,1,"LAN","NL",209,6,0.0287081339712919
"martisa01",1996,1,"TOR","AL",229,3,0.0131004366812227
"martite01",1972,1,"NYN","NL",330,1,0.00303030303030303
"martite01",1973,1,"NYN","NL",263,1,0.00380228136882129
"martite01",1974,1,"NYN","NL",334,2,0.00598802395209581
"martiti02",1992,1,"SEA","AL",460,16,0.0347826086956522
"martiti02",1993,1,"SEA","AL",408,17,0.0416666666666667
"martiti02",1994,1,"SEA","AL",329,20,0.060790273556231
"martiti02",1995,1,"SEA","AL",519,31,0.0597302504816956
"martiti02",1996,1,"NYA","AL",595,25,0.0420168067226891
"martiti02",1997,1,"NYA","AL",594,44,0.0740740740740741
"martiti02",1998,1,"NYA","AL",531,28,0.0527306967984934
"martiti02",1999,1,"NYA","AL",589,28,0.0475382003395586
"martiti02",2000,1,"NYA","AL",569,16,0.0281195079086116
"martiti02",2001,1,"NYA","AL",589,34,0.0577249575551783
"martiti02",2002,1,"SLN","NL",511,21,0.0410958904109589
"martiti02",2003,1,"SLN","NL",476,15,0.0315126050420168
"martiti02",2004,1,"TBA","AL",458,23,0.0502183406113537
"martiti02",2005,1,"NYA","AL",303,17,0.0561056105610561
"martivi01",2004,1,"CLE","AL",520,23,0.0442307692307692
"martivi01",2005,1,"CLE","AL",547,20,0.036563071297989
"martivi01",2006,1,"CLE","AL",572,16,0.027972027972028
"martivi01",2007,1,"CLE","AL",562,25,0.0444839857651246
"martivi01",2008,1,"CLE","AL",266,2,0.0075187969924812
"martivi01",2009,1,"CLE","AL",377,15,0.0397877984084881
"martivi01",2009,2,"BOS","AL",211,8,0.037914691943128
"martivi01",2010,1,"BOS","AL",493,20,0.0405679513184584
"martivi01",2011,1,"DET","AL",540,12,0.0222222222222222
"martivi01",2013,1,"DET","AL",605,14,0.0231404958677686
"martivi01",2014,1,"DET","AL",561,32,0.0570409982174688
"martivi01",2015,1,"DET","AL",440,11,0.025
"martivi01",2016,1,"DET","AL",553,27,0.0488245931283906
"martivi01",2017,1,"DET","AL",392,10,0.0255102040816327
"martivi01",2018,1,"DET","AL",467,9,0.019271948608137
"mashoda01",1997,1,"OAK","AL",279,3,0.010752688172043
"masondo01",1971,1,"SDN","NL",344,2,0.00581395348837209
"masonji01",1973,1,"TEX","AL",238,3,0.0126050420168067
"masonji01",1974,1,"NYA","AL",440,5,0.0113636363636364
"masonji01",1975,1,"NYA","AL",223,2,0.00896860986547085
"masonji01",1976,1,"NYA","AL",217,1,0.00460829493087558
"massemi02",2023,1,"KCA","AL",428,15,0.0350467289719626
"massemi02",2024,1,"KCA","AL",332,14,0.0421686746987952
"massemi02",2025,1,"KCA","AL",262,3,0.0114503816793893
"mateojo01",2022,1,"BAL","AL",494,13,0.0263157894736842
"mateojo01",2023,1,"BAL","AL",318,7,0.0220125786163522
"mateoru01",2000,1,"TEX","AL",206,7,0.0339805825242718
"mateoru01",2003,1,"CIN","NL",207,3,0.0144927536231884
"mathejo02",2012,1,"CHN","NL",225,5,0.0222222222222222
"mathemi01",1996,1,"ML4","AL",313,8,0.0255591054313099
"mathemi01",1997,1,"ML4","AL",320,4,0.0125
"mathemi01",1998,1,"MIL","NL",320,6,0.01875
"mathemi01",2000,1,"SLN","NL",417,6,0.0143884892086331
"mathemi01",2001,1,"SLN","NL",381,7,0.0183727034120735
"mathemi01",2002,1,"SLN","NL",315,3,0.00952380952380952
"mathemi01",2003,1,"SLN","NL",441,8,0.018140589569161
"mathemi01",2004,1,"SLN","NL",385,5,0.012987012987013
"mathemi01",2005,1,"SFN","NL",443,13,0.0293453724604966
"mathije01",2008,1,"LAA","AL",283,9,0.0318021201413428
"mathije01",2009,1,"LAA","AL",237,5,0.0210970464135021
"mathije01",2010,1,"LAA","AL",205,3,0.0146341463414634
"mathije01",2011,1,"LAA","AL",247,3,0.0121457489878543
"mathije01",2012,1,"TOR","AL",211,8,0.037914691943128
"mathije01",2013,1,"MIA","NL",232,5,0.021551724137931
"mathije01",2019,1,"TEX","AL",228,2,0.0087719298245614
"matonni01",2023,1,"DET","AL",249,8,0.0321285140562249
"matoslu01",2003,1,"BAL","AL",439,13,0.0296127562642369
"matoslu01",2004,1,"BAL","AL",330,6,0.0181818181818182
"matoslu01",2005,1,"BAL","AL",389,4,0.0102827763496144
"matoslu02",2023,1,"SFN","NL",228,2,0.0087719298245614
"matsuhi01",2003,1,"NYA","AL",623,16,0.0256821829855538
"matsuhi01",2004,1,"NYA","AL",584,31,0.0530821917808219
"matsuhi01",2005,1,"NYA","AL",629,23,0.0365659777424483
"matsuhi01",2007,1,"NYA","AL",547,25,0.0457038391224863
"matsuhi01",2008,1,"NYA","AL",337,9,0.0267062314540059
"matsuhi01",2009,1,"NYA","AL",456,28,0.0614035087719298
"matsuhi01",2010,1,"LAA","AL",482,21,0.0435684647302905
"matsuhi01",2011,1,"OAK","AL",517,12,0.02321083172147
"matsuka01",2004,1,"NYN","NL",460,7,0.0152173913043478
"matsuka01",2005,1,"NYN","NL",267,3,0.0112359550561798
"matsuka01",2007,1,"COL","NL",410,4,0.00975609756097561
"matsuka01",2008,1,"HOU","NL",375,6,0.016
"matsuka01",2009,1,"HOU","NL",476,9,0.0189075630252101
"matthga01",1973,1,"SFN","NL",540,12,0.0222222222222222
"matthga01",1974,1,"SFN","NL",561,16,0.0285204991087344
"matthga01",1975,1,"SFN","NL",425,12,0.0282352941176471
"matthga01",1976,1,"SFN","NL",587,20,0.0340715502555366
"matthga01",1977,1,"ATL","NL",555,17,0.0306306306306306
"matthga01",1978,1,"ATL","NL",474,18,0.0379746835443038
"matthga01",1979,1,"ATL","NL",631,27,0.0427892234548336
"matthga01",1980,1,"ATL","NL",571,19,0.0332749562171629
"matthga01",1981,1,"PHI","NL",359,9,0.0250696378830084
"matthga01",1982,1,"PHI","NL",616,19,0.0308441558441558
"matthga01",1983,1,"PHI","NL",446,10,0.0224215246636771
"matthga01",1984,1,"CHN","NL",491,14,0.0285132382892057
"matthga01",1985,1,"CHN","NL",298,13,0.0436241610738255
"matthga01",1986,1,"CHN","NL",370,21,0.0567567567567568
"matthga02",2001,1,"CHN","NL",258,9,0.0348837209302326
"matthga02",2002,2,"BAL","AL",344,7,0.0203488372093023
"matthga02",2003,2,"SDN","NL",306,4,0.0130718954248366
"matthga02",2004,1,"TEX","AL",280,11,0.0392857142857143
"matthga02",2005,1,"TEX","AL",475,17,0.0357894736842105
"matthga02",2006,1,"TEX","AL",620,19,0.0306451612903226
"matthga02",2007,1,"LAA","AL",516,18,0.0348837209302326
"matthga02",2008,1,"LAA","AL",426,8,0.0187793427230047
"matthga02",2009,1,"LAA","AL",316,4,0.0126582278481013
"mattido01",1983,1,"NYA","AL",279,4,0.014336917562724
"mattido01",1984,1,"NYA","AL",603,23,0.0381426202321725
"mattido01",1985,1,"NYA","AL",652,35,0.053680981595092
"mattido01",1986,1,"NYA","AL",677,31,0.0457902511078287
"mattido01",1987,1,"NYA","AL",569,30,0.0527240773286468
"mattido01",1988,1,"NYA","AL",599,18,0.0300500834724541
"mattido01",1989,1,"NYA","AL",631,23,0.0364500792393027
"mattido01",1990,1,"NYA","AL",394,5,0.0126903553299492
"mattido01",1991,1,"NYA","AL",587,9,0.0153321976149915
"mattido01",1992,1,"NYA","AL",640,14,0.021875
"mattido01",1993,1,"NYA","AL",530,17,0.0320754716981132
"mattido01",1994,1,"NYA","AL",372,6,0.0161290322580645
"mattido01",1995,1,"NYA","AL",458,7,0.0152838427947598
"matusle01",1984,1,"PHI","NL",262,12,0.0458015267175572
"mauerjo01",2005,1,"MIN","AL",489,9,0.0184049079754601
"mauerjo01",2006,1,"MIN","AL",521,13,0.0249520153550864
"mauerjo01",2007,1,"MIN","AL",406,7,0.0172413793103448
"mauerjo01",2008,1,"MIN","AL",536,9,0.0167910447761194
"mauerjo01",2009,1,"MIN","AL",523,28,0.0535372848948375
"mauerjo01",2010,1,"MIN","AL",510,9,0.0176470588235294
"mauerjo01",2011,1,"MIN","AL",296,3,0.0101351351351351
"mauerjo01",2012,1,"MIN","AL",545,10,0.018348623853211
"mauerjo01",2013,1,"MIN","AL",445,11,0.0247191011235955
"mauerjo01",2014,1,"MIN","AL",455,4,0.00879120879120879
"mauerjo01",2015,1,"MIN","AL",592,10,0.0168918918918919
"mauerjo01",2016,1,"MIN","AL",494,11,0.0222672064777328
"mauerjo01",2017,1,"MIN","AL",525,7,0.0133333333333333
"mauerjo01",2018,1,"MIN","AL",486,6,0.0123456790123457
"maxvida01",1972,1,"SLN","NL",276,1,0.0036231884057971
"maxwebr01",2017,1,"OAK","AL",219,3,0.0136986301369863
"maxweju01",2012,1,"HOU","NL",315,18,0.0571428571428571
"maxweju01",2015,1,"SFN","NL",249,7,0.0281124497991968
"maybejo01",1972,1,"KCA","AL",503,25,0.0497017892644135
"maybejo01",1973,1,"KCA","AL",510,26,0.0509803921568627
"maybejo01",1974,1,"KCA","AL",427,22,0.0515222482435597
"maybejo01",1975,1,"KCA","AL",554,34,0.0613718411552346
"maybejo01",1976,1,"KCA","AL",594,13,0.0218855218855219
"maybejo01",1977,1,"KCA","AL",543,23,0.0423572744014733
"maybejo01",1978,1,"TOR","AL",515,22,0.0427184466019417
"maybejo01",1979,1,"TOR","AL",464,21,0.0452586206896552
"maybejo01",1980,1,"TOR","AL",501,30,0.0598802395209581
"maybejo01",1981,1,"TOR","AL",290,17,0.0586206896551724
"maybejo01",1982,2,"NYA","AL",215,8,0.0372093023255814
"maybejo02",2011,1,"PHI","NL",267,15,0.0561797752808989
"maybejo02",2012,1,"PHI","NL",441,14,0.0317460317460317
"maybejo02",2013,1,"PHI","NL",353,11,0.0311614730878187
"maybica01",2010,1,"FLO","NL",291,8,0.0274914089347079
"maybica01",2011,1,"SDN","NL",516,9,0.0174418604651163
"maybica01",2012,1,"SDN","NL",507,8,0.0157790927021696
"maybica01",2014,1,"SDN","NL",251,1,0.00398406374501992
"maybica01",2015,1,"ATL","NL",505,10,0.0198019801980198
"maybica01",2016,1,"DET","AL",349,4,0.0114613180515759
"maybica01",2017,1,"LAA","AL",336,6,0.0178571428571429
"maybica01",2018,1,"MIA","NL",251,3,0.0119521912350598
"maybica01",2019,1,"NYA","AL",239,11,0.0460251046025105
"mayca01",1970,1,"CHA","AL",555,12,0.0216216216216216
"mayca01",1971,1,"CHA","AL",500,7,0.014
"mayca01",1972,1,"CHA","AL",523,12,0.0229445506692161
"mayca01",1973,1,"CHA","AL",553,20,0.0361663652802893
"mayca01",1974,1,"CHA","AL",551,8,0.014519056261343
"mayca01",1975,1,"CHA","AL",454,8,0.0176211453744493
"mayca01",1976,2,"NYA","AL",288,3,0.0104166666666667
"mayda01",1970,2,"ML4","AL",342,7,0.0204678362573099
"mayda01",1971,1,"ML4","AL",501,16,0.031936127744511
"mayda01",1972,1,"ML4","AL",500,9,0.018
"mayda01",1973,1,"ML4","AL",624,25,0.0400641025641026
"mayda01",1974,1,"ML4","AL",477,10,0.0209643605870021
"mayda01",1975,1,"ATL","NL",203,12,0.0591133004926108
"mayda01",1976,1,"ATL","NL",214,3,0.014018691588785
"mayda01",1977,1,"TEX","AL",340,7,0.0205882352941176
"mayde01",1992,1,"CHN","NL",351,8,0.0227920227920228
"mayde01",1993,1,"CHN","NL",465,10,0.021505376344086
"mayde01",1994,1,"CHN","NL",345,8,0.0231884057971015
"mayde01",1995,2,"HOU","NL",206,8,0.0388349514563107
"mayde01",1996,1,"HOU","NL",259,5,0.0193050193050193
"mayele01",1970,1,"WS2","AL",255,7,0.0274509803921569
"mayfija01",2021,3,"LAA","AL",229,10,0.0436681222707424
"mayje01",1971,1,"KCA","AL",218,1,0.00458715596330275
"mayle01",1970,1,"CIN","NL",605,34,0.056198347107438
"mayle01",1971,1,"CIN","NL",553,39,0.0705244122965642
"mayle01",1972,1,"HOU","NL",592,29,0.0489864864864865
"mayle01",1973,1,"HOU","NL",545,28,0.0513761467889908
"mayle01",1974,1,"HOU","NL",556,24,0.0431654676258993
"mayle01",1975,1,"BAL","AL",580,20,0.0344827586206897
"mayle01",1976,1,"BAL","AL",530,25,0.0471698113207547
"mayle01",1977,1,"BAL","AL",585,27,0.0461538461538462
"mayle01",1978,1,"BAL","AL",556,25,0.0449640287769784
"mayle01",1979,1,"BAL","AL",456,19,0.0416666666666667
"mayle01",1980,1,"BAL","AL",222,7,0.0315315315315315
"maymi01",1973,1,"PIT","NL",283,7,0.0247349823321555
"maymi01",1974,1,"HOU","NL",405,7,0.017283950617284
"maymi01",1975,1,"HOU","NL",386,4,0.0103626943005181
"maymi01",1977,1,"DET","AL",397,12,0.0302267002518892
"maymi01",1978,1,"DET","AL",352,10,0.0284090909090909
"maymi01",1979,2,"CHA","AL",202,7,0.0346534653465347
"maymi01",1980,1,"SFN","NL",358,6,0.0167597765363128
"maymi01",1981,1,"SFN","NL",316,2,0.00632911392405063
"maymi01",1982,1,"SFN","NL",395,9,0.0227848101265823
"maynebr01",1991,1,"KCA","AL",231,3,0.012987012987013
"maynebr01",1993,1,"KCA","AL",205,2,0.00975609756097561
"maynebr01",1995,1,"KCA","AL",307,1,0.00325732899022801
"maynebr01",1997,1,"OAK","AL",256,6,0.0234375
"maynebr01",1998,1,"SFN","NL",275,3,0.0109090909090909
"maynebr01",1999,1,"SFN","NL",322,2,0.0062111801242236
"maynebr01",2000,1,"COL","NL",335,6,0.017910447761194
"maynebr01",2002,1,"KCA","AL",326,4,0.0122699386503067
"maynebr01",2003,1,"KCA","AL",372,6,0.0161290322580645
"mayoco01",2025,1,"BAL","AL",263,11,0.0418250950570342
"mayswi01",1970,1,"SFN","NL",478,28,0.0585774058577406
"mayswi01",1971,1,"SFN","NL",417,18,0.0431654676258993
"mayswi01",1973,1,"NYN","NL",209,6,0.0287081339712919
"mazarno01",2016,1,"TEX","AL",516,20,0.0387596899224806
"mazarno01",2017,1,"TEX","AL",554,20,0.036101083032491
"mazarno01",2018,1,"TEX","AL",489,20,0.0408997955010225
"mazarno01",2019,1,"TEX","AL",429,19,0.0442890442890443
"mazerbi01",1970,1,"PIT","NL",367,7,0.0190735694822888
"mazzile01",1977,1,"NYN","NL",537,6,0.0111731843575419
"mazzile01",1978,1,"NYN","NL",542,16,0.029520295202952
"mazzile01",1979,1,"NYN","NL",597,15,0.0251256281407035
"mazzile01",1980,1,"NYN","NL",578,16,0.027681660899654
"mazzile01",1981,1,"NYN","NL",324,6,0.0185185185185185
"mazzile01",1983,1,"PIT","NL",246,5,0.0203252032520325
"mazzile01",1984,1,"PIT","NL",266,4,0.0150375939849624
"mcauldi01",1970,1,"DET","AL",530,12,0.0226415094339623
"mcauldi01",1971,1,"DET","AL",477,18,0.0377358490566038
"mcauldi01",1972,1,"DET","AL",408,8,0.0196078431372549
"mcauldi01",1973,1,"DET","AL",343,12,0.0349854227405248
"mcauldi01",1974,1,"BOS","AL",272,5,0.0183823529411765
"mcbriba01",1974,1,"SLN","NL",559,6,0.0107334525939177
"mcbriba01",1975,1,"SLN","NL",413,5,0.0121065375302663
"mcbriba01",1976,1,"SLN","NL",272,3,0.0110294117647059
"mcbriba01",1977,2,"PHI","NL",280,11,0.0392857142857143
"mcbriba01",1978,1,"PHI","NL",472,10,0.0211864406779661
"mcbriba01",1979,1,"PHI","NL",582,12,0.0206185567010309
"mcbriba01",1980,1,"PHI","NL",554,9,0.0162454873646209
"mcbriba01",1981,1,"PHI","NL",221,2,0.00904977375565611
"mcbriba01",1983,1,"CLE","AL",230,1,0.00434782608695652
"mccanbr01",2006,1,"ATL","NL",442,24,0.0542986425339367
"mccanbr01",2007,1,"ATL","NL",504,18,0.0357142857142857
"mccanbr01",2008,1,"ATL","NL",509,23,0.0451866404715128
"mccanbr01",2009,1,"ATL","NL",488,21,0.0430327868852459
"mccanbr01",2010,1,"ATL","NL",479,21,0.0438413361169102
"mccanbr01",2011,1,"ATL","NL",466,24,0.0515021459227468
"mccanbr01",2012,1,"ATL","NL",439,20,0.0455580865603645
"mccanbr01",2013,1,"ATL","NL",356,20,0.0561797752808989
"mccanbr01",2014,1,"NYA","AL",495,23,0.0464646464646465
"mccanbr01",2015,1,"NYA","AL",465,26,0.0559139784946237
"mccanbr01",2016,1,"NYA","AL",429,20,0.0466200466200466
"mccanbr01",2017,1,"HOU","AL",349,18,0.0515759312320917
"mccanbr01",2019,1,"ATL","NL",277,12,0.0433212996389892
"mccanja02",2015,1,"DET","AL",401,7,0.0174563591022444
"mccanja02",2016,1,"DET","AL",344,12,0.0348837209302326
"mccanja02",2017,1,"DET","AL",352,13,0.0369318181818182
"mccanja02",2018,1,"DET","AL",427,8,0.0187353629976581
"mccanja02",2019,1,"CHA","AL",439,18,0.041002277904328
"mccanja02",2021,1,"NYN","NL",375,10,0.0266666666666667
"mccanja02",2023,1,"BAL","AL",207,6,0.0289855072463768
"mccanja02",2024,1,"BAL","AL",214,8,0.0373831775700935
"mccarda01",1993,1,"MIN","AL",350,2,0.00571428571428571
"mccarda01",2000,1,"KCA","AL",270,12,0.0444444444444444
"mccarda01",2001,1,"KCA","AL",200,7,0.035
"mccarja02",2022,1,"ARI","NL",321,8,0.0249221183800623
"mccarja02",2023,1,"ARI","NL",276,2,0.0072463768115942
"mccarja02",2024,1,"ARI","NL",442,8,0.0180995475113122
"mccarja02",2025,1,"ARI","NL",206,4,0.0194174757281553
"mccarti01",1971,1,"PHI","NL",474,8,0.0168776371308017
"mccarti01",1972,2,"MON","NL",239,5,0.0209205020920502
"mccarti01",1973,1,"SLN","NL",331,3,0.00906344410876133
"mcclell01",1989,1,"CHN","NL",259,12,0.0463320463320463
"mccorch01",2021,1,"HOU","AL",284,14,0.0492957746478873
"mccorch01",2022,1,"HOU","AL",359,14,0.0389972144846797
"mccorch01",2023,1,"HOU","AL",403,22,0.054590570719603
"mccorch01",2024,1,"HOU","AL",242,5,0.0206611570247934
"mccovwi01",1970,1,"SFN","NL",495,39,0.0787878787878788
"mccovwi01",1971,1,"SFN","NL",329,18,0.0547112462006079
"mccovwi01",1972,1,"SFN","NL",263,14,0.0532319391634981
"mccovwi01",1973,1,"SFN","NL",383,29,0.0757180156657963
"mccovwi01",1974,1,"SDN","NL",344,22,0.063953488372093
"mccovwi01",1975,1,"SDN","NL",413,23,0.0556900726392252
"mccovwi01",1976,1,"SDN","NL",202,7,0.0346534653465347
"mccovwi01",1977,1,"SFN","NL",478,28,0.0585774058577406
"mccovwi01",1978,1,"SFN","NL",351,12,0.0341880341880342
"mccovwi01",1979,1,"SFN","NL",353,15,0.0424929178470255
"mccraqu01",1996,1,"COL","NL",283,3,0.0106007067137809
"mccraqu01",1997,1,"COL","NL",325,3,0.00923076923076923
"mccraqu01",1998,1,"TBA","AL",614,7,0.011400651465798
"mccraqu01",2002,1,"ARI","NL",349,3,0.00859598853868195
"mccraqu01",2005,1,"ARI","NL",215,1,0.00465116279069767
"mccrato01",1970,1,"CHA","AL",332,6,0.0180722891566265
"mccrato01",1971,1,"WS2","AL",207,7,0.0338164251207729
"mccrato01",1972,1,"CLE","AL",391,7,0.0179028132992327
"mccrato01",1973,1,"CAL","AL",264,3,0.0113636363636364
"mccutan01",2009,1,"PIT","NL",433,12,0.0277136258660508
"mccutan01",2010,1,"PIT","NL",570,16,0.0280701754385965
"mccutan01",2011,1,"PIT","NL",572,23,0.0402097902097902
"mccutan01",2012,1,"PIT","NL",593,31,0.0522765598650927
"mccutan01",2013,1,"PIT","NL",583,21,0.0360205831903945
"mccutan01",2014,1,"PIT","NL",548,25,0.0456204379562044
"mccutan01",2015,1,"PIT","NL",566,23,0.0406360424028269
"mccutan01",2016,1,"PIT","NL",598,24,0.040133779264214
"mccutan01",2017,1,"PIT","NL",570,28,0.0491228070175439
"mccutan01",2018,1,"SFN","NL",482,15,0.0311203319502075
"mccutan01",2019,1,"PHI","NL",219,10,0.045662100456621
"mccutan01",2020,1,"PHI","NL",217,10,0.0460829493087558
"mccutan01",2021,1,"PHI","NL",482,27,0.0560165975103734
"mccutan01",2022,1,"MIL","NL",515,17,0.0330097087378641
"mccutan01",2023,1,"PIT","NL",390,12,0.0307692307692308
"mccutan01",2024,1,"PIT","NL",448,20,0.0446428571428571
"mccutan01",2025,1,"PIT","NL",477,13,0.0272536687631027
"mcdonda02",2010,1,"BOS","AL",319,9,0.0282131661442006
"mcdonja02",1997,1,"OAK","AL",236,4,0.0169491525423729
"mcdonjo03",2002,1,"CLE","AL",264,1,0.00378787878787879
"mcdonjo03",2003,1,"CLE","AL",214,1,0.00467289719626168
"mcdonjo03",2006,1,"TOR","AL",260,3,0.0115384615384615
"mcdonjo03",2007,1,"TOR","AL",327,1,0.00305810397553517
"mcdowod01",1985,1,"TEX","AL",406,18,0.0443349753694581
"mcdowod01",1986,1,"TEX","AL",572,18,0.0314685314685315
"mcdowod01",1987,1,"TEX","AL",407,14,0.0343980343980344
"mcdowod01",1988,1,"TEX","AL",437,6,0.0137299771167048
"mcdowod01",1989,1,"CLE","AL",239,3,0.0125523012552301
"mcdowod01",1989,2,"ATL","NL",280,7,0.025
"mcdowod01",1990,1,"ATL","NL",305,7,0.0229508196721311
"mcewijo01",1999,1,"SLN","NL",513,9,0.0175438596491228
"mcewijo01",2001,1,"NYN","NL",283,8,0.0282685512367491
"mcewijo01",2003,1,"NYN","NL",278,1,0.00359712230215827
"mcgeewi01",1982,1,"SLN","NL",422,4,0.00947867298578199
"mcgeewi01",1983,1,"SLN","NL",601,5,0.00831946755407654
"mcgeewi01",1984,1,"SLN","NL",571,6,0.010507880910683
"mcgeewi01",1985,1,"SLN","NL",612,10,0.0163398692810458
"mcgeewi01",1986,1,"SLN","NL",497,7,0.0140845070422535
"mcgeewi01",1987,1,"SLN","NL",620,11,0.017741935483871
"mcgeewi01",1988,1,"SLN","NL",562,3,0.00533807829181495
"mcgeewi01",1990,1,"SLN","NL",501,3,0.00598802395209581
"mcgeewi01",1991,1,"SFN","NL",497,4,0.00804828973843058
"mcgeewi01",1992,1,"SFN","NL",474,1,0.00210970464135021
"mcgeewi01",1993,1,"SFN","NL",475,4,0.00842105263157895
"mcgeewi01",1995,1,"BOS","AL",200,2,0.01
"mcgeewi01",1996,1,"SLN","NL",309,5,0.0161812297734628
"mcgeewi01",1997,1,"SLN","NL",300,3,0.01
"mcgeewi01",1998,1,"SLN","NL",269,3,0.0111524163568773
"mcgehca01",2009,1,"MIL","NL",355,16,0.0450704225352113
"mcgehca01",2010,1,"MIL","NL",610,23,0.0377049180327869
"mcgehca01",2011,1,"MIL","NL",546,13,0.0238095238095238
"mcgehca01",2012,1,"PIT","NL",265,8,0.030188679245283
"mcgehca01",2014,1,"MIA","NL",616,4,0.00649350649350649
"mcgrifr01",1987,1,"TOR","AL",295,20,0.0677966101694915
"mcgrifr01",1988,1,"TOR","AL",536,34,0.0634328358208955
"mcgrifr01",1989,1,"TOR","AL",551,36,0.0653357531760436
"mcgrifr01",1990,1,"TOR","AL",557,35,0.0628366247755835
"mcgrifr01",1991,1,"SDN","NL",528,31,0.0587121212121212
"mcgrifr01",1992,1,"SDN","NL",531,35,0.0659133709981168
"mcgrifr01",1993,1,"SDN","NL",302,18,0.0596026490066225
"mcgrifr01",1993,2,"ATL","NL",255,19,0.0745098039215686
"mcgrifr01",1994,1,"ATL","NL",424,34,0.080188679245283
"mcgrifr01",1995,1,"ATL","NL",528,27,0.0511363636363636
"mcgrifr01",1996,1,"ATL","NL",617,28,0.0453808752025932
"mcgrifr01",1997,1,"ATL","NL",564,22,0.0390070921985816
"mcgrifr01",1998,1,"TBA","AL",564,19,0.0336879432624113
"mcgrifr01",1999,1,"TBA","AL",529,32,0.0604914933837429
"mcgrifr01",2000,1,"TBA","AL",566,27,0.0477031802120141
"mcgrifr01",2001,1,"TBA","AL",343,19,0.0553935860058309
"mcgrifr01",2002,1,"CHN","NL",523,30,0.0573613766730402
"mcgrifr01",2003,1,"LAN","NL",297,13,0.0437710437710438
"mcguiry01",1998,1,"MON","NL",210,1,0.00476190476190476
"mcgwima01",1987,1,"OAK","AL",557,49,0.0879712746858169
"mcgwima01",1988,1,"OAK","AL",550,32,0.0581818181818182
"mcgwima01",1989,1,"OAK","AL",490,33,0.0673469387755102
"mcgwima01",1990,1,"OAK","AL",523,39,0.0745697896749522
"mcgwima01",1991,1,"OAK","AL",483,22,0.0455486542443064
"mcgwima01",1992,1,"OAK","AL",467,42,0.0899357601713062
"mcgwima01",1995,1,"OAK","AL",317,39,0.123028391167192
"mcgwima01",1996,1,"OAK","AL",423,52,0.122931442080378
"mcgwima01",1997,1,"OAK","AL",366,34,0.092896174863388
"mcgwima01",1998,1,"SLN","NL",509,70,0.137524557956778
"mcgwima01",1999,1,"SLN","NL",521,65,0.124760076775432
"mcgwima01",2000,1,"SLN","NL",236,32,0.135593220338983
"mcgwima01",2001,1,"SLN","NL",299,29,0.096989966555184
"mckayda01",1977,1,"TOR","AL",274,3,0.0109489051094891
"mckayda01",1978,1,"TOR","AL",504,7,0.0138888888888889
"mckayda01",1980,1,"OAK","AL",295,1,0.00338983050847458
"mckayda01",1981,1,"OAK","AL",224,4,0.0178571428571429
"mckayda01",1982,1,"OAK","AL",212,4,0.0188679245283019
"mckenmi01",2012,1,"PIT","NL",240,12,0.05
"mckinbi01",2019,1,"TOR","AL",251,12,0.047808764940239
"mckinri01",1971,1,"CHA","AL",369,8,0.021680216802168
"mckinza01",2023,1,"DET","AL",464,9,0.0193965517241379
"mckinza01",2024,1,"DET","AL",297,4,0.0134680134680135
"mckinza01",2025,1,"DET","AL",452,12,0.0265486725663717
"mclaima01",2023,1,"CIN","NL",365,16,0.0438356164383562
"mclaima01",2025,1,"CIN","NL",510,15,0.0294117647058824
"mclemma01",1987,1,"CAL","AL",433,3,0.0069284064665127
"mclemma01",1988,1,"CAL","AL",233,2,0.00858369098712446
"mclemma01",1993,1,"BAL","AL",581,4,0.00688468158347677
"mclemma01",1994,1,"BAL","AL",343,3,0.0087463556851312
"mclemma01",1995,1,"TEX","AL",467,5,0.0107066381156317
"mclemma01",1996,1,"TEX","AL",517,5,0.00967117988394584
"mclemma01",1997,1,"TEX","AL",349,1,0.00286532951289398
"mclemma01",1998,1,"TEX","AL",461,5,0.0108459869848156
"mclemma01",1999,1,"TEX","AL",566,6,0.0106007067137809
"mclemma01",2000,1,"SEA","AL",481,3,0.00623700623700624
"mclemma01",2001,1,"SEA","AL",409,5,0.0122249388753056
"mclemma01",2002,1,"SEA","AL",337,7,0.0207715133531157
"mclemma01",2003,1,"SEA","AL",309,2,0.00647249190938511
"mclemma01",2004,1,"OAK","AL",250,2,0.008
"mclouna01",2006,1,"PIT","NL",270,7,0.0259259259259259
"mclouna01",2007,1,"PIT","NL",329,13,0.0395136778115502
"mclouna01",2008,1,"PIT","NL",597,26,0.0435510887772194
"mclouna01",2009,2,"ATL","NL",339,11,0.0324483775811209
"mclouna01",2010,1,"ATL","NL",242,6,0.0247933884297521
"mclouna01",2011,1,"ATL","NL",267,4,0.0149812734082397
"mclouna01",2012,2,"BAL","AL",209,7,0.0334928229665072
"mclouna01",2013,1,"BAL","AL",531,12,0.0225988700564972
"mcmahry01",2019,1,"COL","NL",480,24,0.05
"mcmahry01",2021,1,"COL","NL",528,23,0.0435606060606061
"mcmahry01",2022,1,"COL","NL",529,20,0.0378071833648393
"mcmahry01",2023,1,"COL","NL",555,23,0.0414414414414414
"mcmahry01",2024,1,"COL","NL",567,20,0.0352733686067019
"mcmahry01",2025,1,"COL","NL",350,16,0.0457142857142857
"mcmulke01",1970,2,"CAL","AL",422,14,0.033175355450237
"mcmulke01",1971,1,"CAL","AL",593,21,0.0354131534569983
"mcmulke01",1972,1,"CAL","AL",472,9,0.0190677966101695
"mcneije01",2018,1,"NYN","NL",225,3,0.0133333333333333
"mcneije01",2019,1,"NYN","NL",510,23,0.0450980392156863
"mcneije01",2021,1,"NYN","NL",386,7,0.0181347150259067
"mcneije01",2022,1,"NYN","NL",533,9,0.0168855534709193
"mcneije01",2023,1,"NYN","NL",585,10,0.0170940170940171
"mcneije01",2024,1,"NYN","NL",424,12,0.0283018867924528
"mcneije01",2025,1,"NYN","NL",399,12,0.0300751879699248
"mcnerje01",1970,1,"ML4","AL",296,6,0.0202702702702703
"mcpheda01",2005,1,"LAA","AL",205,8,0.0390243902439024
"mcraebr01",1991,1,"KCA","AL",629,8,0.0127186009538951
"mcraebr01",1992,1,"KCA","AL",533,4,0.0075046904315197
"mcraebr01",1993,1,"KCA","AL",627,12,0.0191387559808612
"mcraebr01",1994,1,"KCA","AL",436,4,0.0091743119266055
"mcraebr01",1995,1,"CHN","NL",580,12,0.0206896551724138
"mcraebr01",1996,1,"CHN","NL",624,17,0.0272435897435897
"mcraebr01",1997,1,"CHN","NL",417,6,0.0143884892086331
"mcraebr01",1998,1,"NYN","NL",552,21,0.0380434782608696
"mcraebr01",1999,1,"NYN","NL",298,8,0.0268456375838926
"mcraeha01",1971,1,"CIN","NL",337,9,0.0267062314540059
"mcraeha01",1973,1,"KCA","AL",338,9,0.0266272189349112
"mcraeha01",1974,1,"KCA","AL",539,15,0.0278293135435993
"mcraeha01",1975,1,"KCA","AL",480,5,0.0104166666666667
"mcraeha01",1976,1,"KCA","AL",527,8,0.015180265654649
"mcraeha01",1977,1,"KCA","AL",641,21,0.0327613104524181
"mcraeha01",1978,1,"KCA","AL",623,16,0.0256821829855538
"mcraeha01",1979,1,"KCA","AL",393,10,0.0254452926208651
"mcraeha01",1980,1,"KCA","AL",489,14,0.0286298568507157
"mcraeha01",1981,1,"KCA","AL",389,7,0.0179948586118252
"mcraeha01",1982,1,"KCA","AL",613,27,0.0440456769983687
"mcraeha01",1983,1,"KCA","AL",589,12,0.0203735144312394
"mcraeha01",1984,1,"KCA","AL",317,3,0.00946372239747634
"mcraeha01",1985,1,"KCA","AL",320,14,0.04375
"mcraeha01",1986,1,"KCA","AL",278,7,0.0251798561151079
"mcreyke01",1984,1,"SDN","NL",525,20,0.0380952380952381
"mcreyke01",1985,1,"SDN","NL",564,15,0.0265957446808511
"mcreyke01",1986,1,"SDN","NL",560,26,0.0464285714285714
"mcreyke01",1987,1,"NYN","NL",590,29,0.0491525423728814
"mcreyke01",1988,1,"NYN","NL",552,27,0.0489130434782609
"mcreyke01",1989,1,"NYN","NL",545,22,0.0403669724770642
"mcreyke01",1990,1,"NYN","NL",521,24,0.0460652591170825
"mcreyke01",1991,1,"NYN","NL",522,16,0.0306513409961686
"mcreyke01",1992,1,"KCA","AL",373,13,0.0348525469168901
"mcreyke01",1993,1,"KCA","AL",351,11,0.0313390313390313
"meachbo01",1984,1,"NYA","AL",360,2,0.00555555555555556
"meachbo01",1985,1,"NYA","AL",481,1,0.00207900207900208
"meachbo01",1987,1,"NYA","AL",203,5,0.0246305418719212
"meadoau01",2019,1,"TBA","AL",530,33,0.0622641509433962
"meadoau01",2021,1,"TBA","AL",518,27,0.0521235521235521
"meadopa01",2024,1,"DET","AL",270,9,0.0333333333333333
"mearepa01",1994,1,"MIN","AL",229,2,0.00873362445414847
"mearepa01",1995,1,"MIN","AL",390,12,0.0307692307692308
"mearepa01",1996,1,"MIN","AL",517,8,0.0154738878143133
"mearepa01",1997,1,"MIN","AL",439,10,0.0227790432801822
"mearepa01",1998,1,"MIN","AL",543,9,0.0165745856353591
"mearepa01",2000,1,"PIT","NL",462,13,0.0281385281385281
"mearepa01",2001,1,"PIT","NL",270,4,0.0148148148148148
"medicto01",2014,1,"SDN","NL",240,9,0.0375
"meidrch01",2025,1,"CHA","AL",450,5,0.0111111111111111
"mejiafr01",2019,1,"SDN","NL",226,8,0.0353982300884956
"mejiafr01",2021,1,"TBA","AL",250,6,0.024
"mejiafr01",2022,1,"TBA","AL",289,6,0.0207612456747405
"mejiaro02",1993,1,"COL","NL",229,5,0.0218340611353712
"melenlu01",1972,1,"SLN","NL",332,5,0.0150602409638554
"melenlu01",1973,1,"SLN","NL",341,2,0.00586510263929619
"melenlu01",1975,1,"SLN","NL",291,2,0.00687285223367698
"melenmj01",2022,1,"KCA","AL",460,18,0.0391304347826087
"melenmj01",2023,1,"KCA","AL",533,16,0.0300187617260788
"melenmj01",2024,1,"KCA","AL",412,17,0.0412621359223301
"melhuad01",2004,1,"OAK","AL",214,11,0.0514018691588785
"meltobi01",1970,1,"CHA","AL",514,33,0.0642023346303502
"meltobi01",1971,1,"CHA","AL",543,33,0.0607734806629834
"meltobi01",1972,1,"CHA","AL",208,7,0.0336538461538461
"meltobi01",1973,1,"CHA","AL",560,20,0.0357142857142857
"meltobi01",1974,1,"CHA","AL",495,21,0.0424242424242424
"meltobi01",1975,1,"CHA","AL",512,15,0.029296875
"meltobi01",1976,1,"CAL","AL",341,6,0.0175953079178886
"melusmi01",2000,1,"HOU","NL",337,14,0.0415430267062314
"melvibo01",1986,1,"SFN","NL",268,5,0.0186567164179104
"melvibo01",1987,1,"SFN","NL",246,11,0.0447154471544715
"melvibo01",1988,1,"SFN","NL",273,8,0.0293040293040293
"melvibo01",1989,1,"BAL","AL",278,1,0.00359712230215827
"melvibo01",1990,1,"BAL","AL",301,5,0.0166112956810631
"melvibo01",1991,1,"BAL","AL",228,1,0.0043859649122807
"menchke01",2002,1,"TEX","AL",366,15,0.040983606557377
"menchke01",2004,1,"TEX","AL",438,26,0.0593607305936073
"menchke01",2005,1,"TEX","AL",557,25,0.0448833034111311
"menchke01",2006,1,"TEX","AL",320,12,0.0375
"menchke01",2007,1,"MIL","NL",288,8,0.0277777777777778
"mendoma01",1979,1,"SEA","AL",373,1,0.00268096514745308
"mendoma01",1980,1,"SEA","AL",277,2,0.0072202166064982
"menecfr01",2001,1,"OAK","AL",471,12,0.0254777070063694
"menecfr01",2004,2,"TOR","AL",236,9,0.038135593220339
"menesjo01",2022,1,"WAS","NL",222,13,0.0585585585585586
"menesjo01",2023,1,"WAS","NL",611,13,0.0212765957446809
"menesjo01",2024,1,"WAS","NL",281,3,0.0106761565836299
"menkede01",1970,1,"HOU","NL",562,13,0.0231316725978648
"menkede01",1971,1,"HOU","NL",475,1,0.00210526315789474
"menkede01",1972,1,"CIN","NL",447,9,0.0201342281879195
"menkede01",1973,1,"CIN","NL",241,3,0.012448132780083
"meoliru01",1973,1,"CAL","AL",305,2,0.00655737704918033
"mercaos01",2019,1,"CLE","AL",438,15,0.0342465753424658
"mercaos01",2021,1,"CLE","AL",214,6,0.0280373831775701
"mercejo03",2013,1,"PIT","NL",333,8,0.024024024024024
"mercejo03",2014,1,"PIT","NL",506,12,0.0237154150197628
"mercejo03",2015,1,"PIT","NL",394,3,0.00761421319796954
"mercejo03",2016,1,"PIT","NL",519,11,0.0211946050096339
"mercejo03",2017,1,"PIT","NL",502,14,0.0278884462151394
"mercejo03",2018,1,"PIT","NL",394,6,0.0152284263959391
"mercejo03",2019,1,"DET","AL",256,9,0.03515625
"merceor01",1991,1,"PIT","NL",411,10,0.024330900243309
"merceor01",1992,1,"PIT","NL",405,6,0.0148148148148148
"merceor01",1993,1,"PIT","NL",447,8,0.0178970917225951
"merceor01",1994,1,"PIT","NL",386,9,0.0233160621761658
"merceor01",1995,1,"PIT","NL",487,15,0.0308008213552361
"merceor01",1996,1,"PIT","NL",453,17,0.0375275938189845
"merceor01",1997,1,"TOR","AL",368,9,0.0244565217391304
"merceor01",1998,1,"MIN","AL",204,5,0.0245098039215686
"merceor01",2002,1,"HOU","NL",251,6,0.0239043824701195
"merceor01",2003,1,"HOU","NL",212,3,0.0141509433962264
"merceye01",2021,1,"CHA","AL",240,7,0.0291666666666667
"merrija01",2024,1,"SDN","NL",554,24,0.0433212996389892
"merrija01",2025,1,"SDN","NL",440,16,0.0363636363636364
"merriwh01",2016,1,"KCA","AL",311,2,0.00643086816720257
"merriwh01",2017,1,"KCA","AL",587,19,0.0323679727427598
"merriwh01",2018,1,"KCA","AL",632,12,0.0189873417721519
"merriwh01",2019,1,"KCA","AL",681,16,0.0234948604992658
"merriwh01",2020,1,"KCA","AL",248,9,0.0362903225806452
"merriwh01",2021,1,"KCA","AL",664,10,0.0150602409638554
"merriwh01",2022,1,"KCA","AL",383,6,0.0156657963446475
"merriwh01",2023,1,"TOR","AL",547,11,0.020109689213894
"mesorde01",2013,1,"CIN","NL",323,9,0.0278637770897833
"mesorde01",2014,1,"CIN","NL",384,25,0.0651041666666667
"mesorde01",2018,2,"NYN","NL",203,10,0.0492610837438424
"metzgro01",1972,1,"HOU","NL",641,2,0.0031201248049922
"metzgro01",1973,1,"HOU","NL",580,1,0.00172413793103448
"metzgro01",1975,1,"HOU","NL",450,2,0.00444444444444444
"meulehe01",1991,1,"NYA","AL",288,6,0.0208333333333333
"meyerda01",1975,1,"DET","AL",470,8,0.0170212765957447
"meyerda01",1976,1,"DET","AL",294,2,0.00680272108843537
"meyerda01",1977,1,"SEA","AL",582,22,0.0378006872852234
"meyerda01",1978,1,"SEA","AL",444,8,0.018018018018018
"meyerda01",1979,1,"SEA","AL",525,20,0.0380952380952381
"meyerda01",1980,1,"SEA","AL",531,11,0.0207156308851224
"meyerda01",1981,1,"SEA","AL",252,3,0.0119047619047619
"meyerda01",1982,1,"OAK","AL",383,8,0.02088772845953
"meyerja02",2023,1,"HOU","AL",309,10,0.0323624595469256
"meyerja02",2024,1,"HOU","AL",461,13,0.0281995661605206
"meyerja02",2025,1,"HOU","AL",343,3,0.0087463556851312
"meyerjo01",1988,1,"ML4","AL",327,11,0.0336391437308868
"michage01",1970,1,"NYA","AL",435,2,0.00459770114942529
"michage01",1971,1,"NYA","AL",456,3,0.00657894736842105
"michage01",1972,1,"NYA","AL",391,1,0.00255754475703325
"michage01",1973,1,"NYA","AL",418,3,0.00717703349282297
"michaja01",2004,1,"PHI","NL",299,10,0.0334448160535117
"michaja01",2005,1,"PHI","NL",289,4,0.013840830449827
"michaja01",2006,1,"CLE","AL",494,9,0.0182186234817814
"michaja01",2007,1,"CLE","AL",267,7,0.0262172284644195
"michaja01",2008,2,"PIT","NL",228,8,0.0350877192982456
"middlwi01",2012,1,"BOS","AL",267,15,0.0561797752808989
"middlwi01",2013,1,"BOS","AL",348,17,0.0488505747126437
"middlwi01",2014,1,"BOS","AL",215,2,0.00930232558139535
"middlwi01",2015,1,"SDN","NL",255,9,0.0352941176470588
"mientdo01",1999,1,"MIN","AL",327,2,0.00611620795107034
"mientdo01",2001,1,"MIN","AL",543,15,0.0276243093922652
"mientdo01",2002,1,"MIN","AL",467,10,0.0214132762312634
"mientdo01",2003,1,"MIN","AL",487,11,0.0225872689938398
"mientdo01",2004,1,"MIN","AL",284,5,0.0176056338028169
"mientdo01",2005,1,"NYN","NL",275,11,0.04
"mientdo01",2006,1,"KCA","AL",314,4,0.0127388535031847
"mientdo01",2008,1,"PIT","NL",285,2,0.00701754385964912
"mieskma01",1994,1,"ML4","AL",259,10,0.0386100386100386
"mieskma01",1995,1,"ML4","AL",267,12,0.0449438202247191
"mieskma01",1996,1,"ML4","AL",374,14,0.0374331550802139
"mieskma01",1997,1,"ML4","AL",253,5,0.0197628458498024
"milbola01",1977,1,"SEA","AL",242,2,0.00826446280991736
"milbola01",1978,1,"SEA","AL",234,2,0.00854700854700855
"milbola01",1979,1,"SEA","AL",356,2,0.00561797752808989
"milbola01",1982,3,"CLE","AL",291,2,0.00687285223367698
"milbola01",1984,1,"SEA","AL",211,1,0.004739336492891
"milesaa01",2004,1,"COL","NL",522,6,0.0114942528735632
"milesaa01",2005,1,"COL","NL",324,2,0.00617283950617284
"milesaa01",2006,1,"SLN","NL",426,2,0.00469483568075117
"milesaa01",2007,1,"SLN","NL",414,2,0.00483091787439614
"milesaa01",2008,1,"SLN","NL",379,4,0.0105540897097625
"milesaa01",2011,1,"LAN","NL",454,3,0.0066079295154185
"mileymi01",1975,1,"CAL","AL",224,4,0.0178571428571429
"millafe01",1970,1,"ATL","NL",590,2,0.00338983050847458
"millafe01",1971,1,"ATL","NL",577,2,0.00346620450606586
"millafe01",1972,1,"ATL","NL",498,1,0.00200803212851406
"millafe01",1973,1,"NYN","NL",638,3,0.00470219435736677
"millafe01",1974,1,"NYN","NL",518,1,0.00193050193050193
"millafe01",1975,1,"NYN","NL",676,1,0.0014792899408284
"millafe01",1976,1,"NYN","NL",531,1,0.00188323917137476
"millafe01",1977,1,"NYN","NL",314,2,0.00636942675159236
"millake01",1999,1,"FLO","NL",351,9,0.0256410256410256
"millake01",2000,1,"FLO","NL",259,14,0.0540540540540541
"millake01",2001,1,"FLO","NL",449,20,0.044543429844098
"millake01",2002,1,"FLO","NL",438,16,0.0365296803652968
"millake01",2003,1,"BOS","AL",544,25,0.0459558823529412
"millake01",2004,1,"BOS","AL",508,18,0.0354330708661417
"millake01",2005,1,"BOS","AL",449,9,0.0200445434298441
"millake01",2006,1,"BAL","AL",430,15,0.0348837209302326
"millake01",2007,1,"BAL","AL",476,17,0.0357142857142857
"millake01",2008,1,"BAL","AL",531,20,0.0376647834274953
"millake01",2009,1,"TOR","AL",251,7,0.0278884462151394
"millebr01",1975,1,"SFN","NL",309,1,0.00323624595469256
"millebr02",2013,1,"SEA","AL",306,8,0.0261437908496732
"millebr02",2014,1,"SEA","AL",367,10,0.0272479564032698
"millebr02",2015,1,"SEA","AL",438,11,0.0251141552511416
"millebr02",2016,1,"TBA","AL",548,30,0.0547445255474453
"millebr02",2017,1,"TBA","AL",338,9,0.0266272189349112
"millebr02",2021,1,"PHI","NL",331,20,0.0604229607250755
"millebr02",2022,1,"TEX","AL",222,7,0.0315315315315315
"milleda02",1999,1,"ARI","NL",296,11,0.0371621621621622
"milleda02",2000,1,"ARI","NL",324,10,0.0308641975308642
"milleda02",2001,1,"ARI","NL",380,13,0.0342105263157895
"milleda02",2002,1,"ARI","NL",297,11,0.037037037037037
"milleda02",2003,1,"CHN","NL",352,9,0.0255681818181818
"milleda02",2004,1,"OAK","AL",397,9,0.0226700251889169
"milleda02",2005,1,"MIL","NL",385,9,0.0233766233766234
"milleda02",2006,1,"MIL","NL",331,6,0.0181268882175227
"milleke01",1990,1,"NYN","NL",233,1,0.00429184549356223
"milleke01",1991,1,"NYN","NL",275,4,0.0145454545454545
"milleke01",1992,1,"KCA","AL",416,4,0.00961538461538461
"millela02",2008,1,"WAS","NL",523,14,0.0267686424474187
"millela02",2009,2,"PIT","NL",220,4,0.0181818181818182
"millela02",2010,1,"PIT","NL",379,4,0.0105540897097625
"milleno01",1970,1,"HOU","NL",226,4,0.0176991150442478
"milleor01",1995,1,"HOU","NL",324,5,0.0154320987654321
"milleor01",1996,1,"HOU","NL",468,15,0.032051282051282
"milleow01",2022,1,"CLE","AL",424,6,0.0141509433962264
"milleow01",2023,1,"MIL","NL",291,5,0.0171821305841924
"milleri01",1973,1,"BOS","AL",441,6,0.0136054421768707
"milleri01",1974,1,"BOS","AL",280,5,0.0178571428571429
"milleri01",1978,1,"CAL","AL",475,1,0.00210526315789474
"milleri01",1979,1,"CAL","AL",427,2,0.00468384074941452
"milleri01",1980,1,"CAL","AL",412,2,0.00485436893203883
"milleri01",1981,1,"BOS","AL",316,2,0.00632911392405063
"milleri01",1982,1,"BOS","AL",409,4,0.0097799511002445
"milleri01",1983,1,"BOS","AL",262,2,0.00763358778625954
"millira01",1989,1,"BAL","AL",365,12,0.0328767123287671
"millira01",1990,1,"BAL","AL",362,20,0.0552486187845304
"millira01",1991,1,"BAL","AL",483,16,0.0331262939958592
"millira01",1992,1,"BAL","AL",462,11,0.0238095238095238
"millira01",1993,1,"CIN","NL",234,6,0.0256410256410256
"milneed01",1982,1,"CIN","NL",407,4,0.00982800982800983
"milneed01",1983,1,"CIN","NL",502,9,0.0179282868525896
"milneed01",1984,1,"CIN","NL",336,7,0.0208333333333333
"milneed01",1985,1,"CIN","NL",453,3,0.00662251655629139
"milneed01",1986,1,"CIN","NL",424,15,0.035377358490566
"milneed01",1987,1,"SFN","NL",214,4,0.0186915887850467
"milnejo01",1972,1,"NYN","NL",362,17,0.0469613259668508
"milnejo01",1973,1,"NYN","NL",451,23,0.0509977827050998
"milnejo01",1974,1,"NYN","NL",507,20,0.0394477317554241
"milnejo01",1975,1,"NYN","NL",220,7,0.0318181818181818
"milnejo01",1976,1,"NYN","NL",443,15,0.0338600451467269
"milnejo01",1977,1,"NYN","NL",388,12,0.0309278350515464
"milnejo01",1978,1,"PIT","NL",295,6,0.0203389830508475
"milnejo01",1979,1,"PIT","NL",326,16,0.049079754601227
"milnejo01",1980,1,"PIT","NL",238,8,0.0336134453781513
"minchdo01",1970,1,"OAK","AL",463,27,0.0583153347732181
"minchdo01",1971,2,"WS2","AL",323,10,0.0309597523219814
"mirabdo01",2000,1,"SFN","NL",230,6,0.0260869565217391
"miranjo01",2022,1,"MIN","AL",444,15,0.0337837837837838
"miranjo01",2024,1,"MIN","AL",401,9,0.0224438902743142
"mitchbo02",1975,1,"ML4","AL",229,9,0.0393013100436681
"mitchbo03",1982,1,"MIN","AL",454,2,0.00440528634361234
"mitchca01",2022,1,"PIT","NL",212,5,0.0235849056603774
"mitchke01",1986,1,"NYN","NL",328,12,0.0365853658536585
"mitchke01",1987,2,"SFN","NL",268,15,0.0559701492537314
"mitchke01",1988,1,"SFN","NL",505,19,0.0376237623762376
"mitchke01",1989,1,"SFN","NL",543,47,0.0865561694290976
"mitchke01",1990,1,"SFN","NL",524,35,0.066793893129771
"mitchke01",1991,1,"SFN","NL",371,27,0.0727762803234501
"mitchke01",1992,1,"SEA","AL",360,9,0.025
"mitchke01",1993,1,"CIN","NL",323,19,0.0588235294117647
"mitchke01",1994,1,"CIN","NL",310,30,0.0967741935483871
"mittege01",1970,1,"MIN","AL",369,15,0.040650406504065
"mittege01",1971,1,"MIN","AL",388,13,0.0335051546391753
"mittege01",1973,1,"MIN","AL",432,16,0.037037037037037
"mittege01",1974,1,"CHN","NL",215,7,0.0325581395348837
"mittege01",1975,1,"CHN","NL",200,5,0.025
"mittege01",1976,1,"CHN","NL",303,5,0.0165016501650165
"mittege01",1977,1,"CHN","NL",349,9,0.0257879656160458
"moellch01",2003,1,"ARI","NL",239,7,0.0292887029288703
"moellch01",2004,1,"MIL","NL",317,5,0.0157728706624606
"mohrdu01",2002,1,"MIN","AL",383,12,0.031331592689295
"mohrdu01",2003,1,"MIN","AL",348,10,0.028735632183908
"mohrdu01",2004,1,"SFN","NL",263,7,0.026615969581749
"mohrdu01",2005,1,"COL","NL",266,17,0.0639097744360902
"molinbe01",2000,1,"ANA","AL",473,14,0.0295983086680761
"molinbe01",2001,1,"ANA","AL",325,6,0.0184615384615385
"molinbe01",2002,1,"ANA","AL",428,5,0.0116822429906542
"molinbe01",2003,1,"ANA","AL",409,14,0.0342298288508557
"molinbe01",2004,1,"ANA","AL",337,10,0.029673590504451
"molinbe01",2005,1,"LAA","AL",410,15,0.0365853658536585
"molinbe01",2006,1,"TOR","AL",433,19,0.0438799076212471
"molinbe01",2007,1,"SFN","NL",497,19,0.0382293762575453
"molinbe01",2008,1,"SFN","NL",530,16,0.030188679245283
"molinbe01",2009,1,"SFN","NL",491,20,0.0407331975560082
"molinbe01",2010,1,"SFN","NL",202,3,0.0148514851485149
"molinbo01",1978,1,"CHA","AL",286,6,0.020979020979021
"molinbo01",1980,1,"CHA","AL",344,5,0.0145348837209302
"molinjo01",2004,1,"ANA","AL",203,3,0.0147783251231527
"molinjo01",2006,1,"LAA","AL",225,4,0.0177777777777778
"molinjo01",2008,1,"NYA","AL",268,3,0.0111940298507463
"molinjo01",2012,1,"TBA","AL",251,8,0.0318725099601594
"molinjo01",2013,1,"TBA","AL",283,2,0.00706713780918728
"molinya01",2005,1,"SLN","NL",385,8,0.0207792207792208
"molinya01",2006,1,"SLN","NL",417,6,0.0143884892086331
"molinya01",2007,1,"SLN","NL",353,6,0.0169971671388102
"molinya01",2008,1,"SLN","NL",444,7,0.0157657657657658
"molinya01",2009,1,"SLN","NL",481,6,0.0124740124740125
"molinya01",2010,1,"SLN","NL",465,6,0.0129032258064516
"molinya01",2011,1,"SLN","NL",475,14,0.0294736842105263
"molinya01",2012,1,"SLN","NL",505,22,0.0435643564356436
"molinya01",2013,1,"SLN","NL",505,12,0.0237623762376238
"molinya01",2014,1,"SLN","NL",404,7,0.0173267326732673
"molinya01",2015,1,"SLN","NL",488,4,0.00819672131147541
"molinya01",2016,1,"SLN","NL",534,8,0.0149812734082397
"molinya01",2017,1,"SLN","NL",501,18,0.0359281437125748
"molinya01",2018,1,"SLN","NL",459,20,0.0435729847494553
"molinya01",2019,1,"SLN","NL",419,10,0.0238663484486873
"molinya01",2021,1,"SLN","NL",440,11,0.025
"molinya01",2022,1,"SLN","NL",262,5,0.0190839694656489
"molitpa01",1978,1,"ML4","AL",521,6,0.0115163147792706
"molitpa01",1979,1,"ML4","AL",584,9,0.0154109589041096
"molitpa01",1980,1,"ML4","AL",450,9,0.02
"molitpa01",1981,1,"ML4","AL",251,2,0.00796812749003984
"molitpa01",1982,1,"ML4","AL",666,19,0.0285285285285285
"molitpa01",1983,1,"ML4","AL",608,15,0.0246710526315789
"molitpa01",1985,1,"ML4","AL",576,10,0.0173611111111111
"molitpa01",1986,1,"ML4","AL",437,9,0.0205949656750572
"molitpa01",1987,1,"ML4","AL",465,16,0.0344086021505376
"molitpa01",1988,1,"ML4","AL",609,13,0.0213464696223317
"molitpa01",1989,1,"ML4","AL",615,11,0.0178861788617886
"molitpa01",1990,1,"ML4","AL",418,12,0.0287081339712919
"molitpa01",1991,1,"ML4","AL",665,17,0.0255639097744361
"molitpa01",1992,1,"ML4","AL",609,12,0.0197044334975369
"molitpa01",1993,1,"TOR","AL",636,22,0.0345911949685535
"molitpa01",1994,1,"TOR","AL",454,14,0.0308370044052863
"molitpa01",1995,1,"TOR","AL",525,15,0.0285714285714286
"molitpa01",1996,1,"MIN","AL",660,9,0.0136363636363636
"molitpa01",1997,1,"MIN","AL",538,10,0.0185873605947955
"molitpa01",1998,1,"MIN","AL",502,4,0.00796812749003984
"monahsh01",1998,1,"SEA","AL",211,4,0.018957345971564
"monasan01",2023,1,"MIL","NL",282,3,0.0106382978723404
"moncayo01",2018,1,"CHA","AL",578,17,0.0294117647058824
"moncayo01",2019,1,"CHA","AL",511,25,0.0489236790606654
"moncayo01",2020,1,"CHA","AL",200,6,0.03
"moncayo01",2021,1,"CHA","AL",520,14,0.0269230769230769
"moncayo01",2022,1,"CHA","AL",397,12,0.0302267002518892
"moncayo01",2023,1,"CHA","AL",334,11,0.032934131736527
"moncayo01",2025,1,"LAA","AL",248,12,0.0483870967741935
"mondari01",1970,1,"OAK","AL",376,10,0.0265957446808511
"mondari01",1971,1,"OAK","AL",355,18,0.0507042253521127
"mondari01",1972,1,"CHN","NL",434,11,0.0253456221198157
"mondari01",1973,1,"CHN","NL",554,26,0.0469314079422383
"mondari01",1974,1,"CHN","NL",538,20,0.0371747211895911
"mondari01",1975,1,"CHN","NL",491,17,0.0346232179226069
"mondari01",1976,1,"CHN","NL",534,32,0.0599250936329588
"mondari01",1977,1,"LAN","NL",392,15,0.038265306122449
"mondari01",1978,1,"LAN","NL",342,19,0.0555555555555556
"mondari01",1982,1,"LAN","NL",210,11,0.0523809523809524
"mondera01",1994,1,"LAN","NL",434,16,0.0368663594470046
"mondera01",1995,1,"LAN","NL",536,26,0.0485074626865672
"mondera01",1996,1,"LAN","NL",634,24,0.0378548895899054
"mondera01",1997,1,"LAN","NL",616,30,0.0487012987012987
"mondera01",1998,1,"LAN","NL",580,30,0.0517241379310345
"mondera01",1999,1,"LAN","NL",601,33,0.0549084858569052
"mondera01",2000,1,"TOR","AL",388,24,0.0618556701030928
"mondera01",2001,1,"TOR","AL",572,27,0.0472027972027972
"mondera01",2002,1,"TOR","AL",299,15,0.0501672240802676
"mondera01",2002,2,"NYA","AL",270,11,0.0407407407407407
"mondera01",2003,1,"NYA","AL",361,16,0.0443213296398892
"mondera02",2018,1,"KCA","AL",275,14,0.0509090909090909
"mondera02",2019,1,"KCA","AL",415,9,0.0216867469879518
"mondera02",2020,1,"KCA","AL",219,6,0.0273972602739726
"moneydo01",1970,1,"PHI","NL",447,14,0.0313199105145414
"moneydo01",1971,1,"PHI","NL",439,7,0.0159453302961276
"moneydo01",1972,1,"PHI","NL",536,15,0.0279850746268657
"moneydo01",1973,1,"ML4","AL",556,11,0.0197841726618705
"moneydo01",1974,1,"ML4","AL",629,15,0.0238473767885533
"moneydo01",1975,1,"ML4","AL",405,15,0.037037037037037
"moneydo01",1976,1,"ML4","AL",439,12,0.0273348519362187
"moneydo01",1977,1,"ML4","AL",570,25,0.043859649122807
"moneydo01",1978,1,"ML4","AL",518,14,0.027027027027027
"moneydo01",1979,1,"ML4","AL",350,6,0.0171428571428571
"moneydo01",1980,1,"ML4","AL",289,17,0.0588235294117647
"moneydo01",1982,1,"ML4","AL",275,16,0.0581818181818182
"moniami01",2023,1,"LAA","AL",311,14,0.045016077170418
"moniami01",2024,1,"LAA","AL",392,14,0.0357142857142857
"moniami01",2025,1,"COL","NL",434,24,0.0552995391705069
"monrocr01",2003,1,"DET","AL",425,23,0.0541176470588235
"monrocr01",2004,1,"DET","AL",447,18,0.0402684563758389
"monrocr01",2005,1,"DET","AL",567,20,0.0352733686067019
"monrocr01",2006,1,"DET","AL",541,28,0.0517560073937153
"monrocr01",2007,1,"DET","AL",343,11,0.032069970845481
"montawi01",1971,1,"PHI","NL",599,30,0.0500834724540901
"montawi01",1972,1,"PHI","NL",531,13,0.0244821092278719
"montawi01",1973,1,"PHI","NL",552,11,0.0199275362318841
"montawi01",1974,1,"PHI","NL",527,7,0.0132827324478178
"montawi01",1975,2,"SFN","NL",518,8,0.0154440154440154
"montawi01",1976,1,"SFN","NL",230,2,0.00869565217391304
"montawi01",1976,2,"ATL","NL",420,9,0.0214285714285714
"montawi01",1977,1,"ATL","NL",544,20,0.0367647058823529
"montawi01",1978,1,"NYN","NL",609,17,0.0279146141215107
"montawi01",1979,1,"NYN","NL",410,5,0.0121951219512195
"montawi01",1980,1,"SDN","NL",481,6,0.0124740124740125
"monteel01",2023,1,"COL","NL",284,11,0.0387323943661972
"monteel01",2024,1,"COL","NL",224,4,0.0178571428571429
"monteje01",2012,1,"SEA","AL",515,15,0.029126213592233
"montemi01",2007,1,"ARI","NL",214,10,0.0467289719626168
"montemi01",2009,1,"ARI","NL",425,16,0.0376470588235294
"montemi01",2010,1,"ARI","NL",297,9,0.0303030303030303
"montemi01",2011,1,"ARI","NL",493,18,0.0365111561866126
"montemi01",2012,1,"ARI","NL",486,15,0.0308641975308642
"montemi01",2013,1,"ARI","NL",413,11,0.026634382566586
"montemi01",2014,1,"ARI","NL",489,13,0.0265848670756646
"montemi01",2015,1,"CHN","NL",347,15,0.0432276657060519
"montemi01",2016,1,"CHN","NL",241,8,0.033195020746888
"montgbo01",1971,1,"BOS","AL",205,2,0.00975609756097561
"montgbo01",1974,1,"BOS","AL",254,4,0.015748031496063
"montgco01",2025,1,"CHA","AL",255,21,0.0823529411764706
"mooread01",2010,1,"SEA","AL",205,4,0.0195121951219512
"moorech02",1975,1,"ML4","AL",241,1,0.004149377593361
"moorech02",1976,1,"ML4","AL",241,3,0.012448132780083
"moorech02",1977,1,"ML4","AL",375,5,0.0133333333333333
"moorech02",1978,1,"ML4","AL",268,5,0.0186567164179104
"moorech02",1979,1,"ML4","AL",337,5,0.0148367952522255
"moorech02",1980,1,"ML4","AL",320,2,0.00625
"moorech02",1982,1,"ML4","AL",456,6,0.0131578947368421
"moorech02",1983,1,"ML4","AL",529,2,0.00378071833648393
"moorech02",1986,1,"ML4","AL",235,3,0.0127659574468085
"mooredy01",2019,1,"SEA","AL",247,9,0.0364372469635628
"mooredy01",2021,1,"SEA","AL",332,12,0.036144578313253
"mooredy01",2022,1,"SEA","AL",205,6,0.0292682926829268
"mooredy01",2024,1,"SEA","AL",368,10,0.0271739130434783
"mooreju01",1977,1,"ATL","NL",361,5,0.0138504155124654
"mooreju01",1979,1,"CHA","AL",201,1,0.00497512437810945
"mooresc02",2012,1,"HOU","NL",201,9,0.0447761194029851
"moraan01",1976,1,"BAL","AL",220,6,0.0272727272727273
"moraan01",1977,1,"BAL","AL",233,13,0.055793991416309
"moraan01",1978,1,"BAL","AL",229,8,0.0349344978165939
"moralje01",1972,1,"SDN","NL",347,4,0.0115273775216138
"moralje01",1973,1,"SDN","NL",388,9,0.0231958762886598
"moralje01",1974,1,"CHN","NL",534,15,0.0280898876404494
"moralje01",1975,1,"CHN","NL",578,12,0.0207612456747405
"moralje01",1976,1,"CHN","NL",537,16,0.0297951582867784
"moralje01",1977,1,"CHN","NL",490,11,0.0224489795918367
"moralje01",1978,1,"SLN","NL",457,4,0.0087527352297593
"moralje01",1979,1,"DET","AL",440,14,0.0318181818181818
"moralje01",1981,1,"CHN","NL",245,1,0.00408163265306122
"moraljo01",1978,1,"MIN","AL",242,2,0.00826446280991736
"moraljo01",1980,1,"MIN","AL",241,8,0.033195020746888
"moralke01",2009,1,"LAA","AL",566,34,0.0600706713780919
"moralke01",2012,1,"LAA","AL",484,22,0.0454545454545455
"moralke01",2013,1,"SEA","AL",602,23,0.0382059800664452
"moralke01",2014,2,"SEA","AL",213,7,0.0328638497652582
"moralke01",2015,1,"KCA","AL",569,22,0.038664323374341
"moralke01",2016,1,"KCA","AL",558,30,0.0537634408602151
"moralke01",2017,1,"TOR","AL",557,28,0.0502692998204668
"moralke01",2018,1,"TOR","AL",413,21,0.0508474576271186
"moralri01",1972,1,"CHA","AL",287,2,0.00696864111498258
"morame01",2000,1,"NYN","NL",215,6,0.027906976744186
"morame01",2001,1,"BAL","AL",436,7,0.0160550458715596
"morame01",2002,1,"BAL","AL",557,19,0.0341113105924596
"morame01",2003,1,"BAL","AL",344,15,0.0436046511627907
"morame01",2004,1,"BAL","AL",550,27,0.0490909090909091
"morame01",2005,1,"BAL","AL",593,27,0.045531197301855
"morame01",2006,1,"BAL","AL",624,16,0.0256410256410256
"morame01",2007,1,"BAL","AL",467,14,0.0299785867237687
"morame01",2008,1,"BAL","AL",513,23,0.0448343079922027
"morame01",2009,1,"BAL","AL",450,8,0.0177777777777778
"morame01",2010,1,"COL","NL",316,7,0.0221518987341772
"moranco01",2018,1,"PIT","NL",415,11,0.0265060240963855
"moranco01",2019,1,"PIT","NL",466,13,0.0278969957081545
"moranco01",2021,1,"PIT","NL",318,10,0.0314465408805031
"moranmi01",1991,1,"PHI","NL",325,1,0.00307692307692308
"moranmi01",1992,1,"PHI","NL",422,3,0.00710900473933649
"moranmi01",1993,1,"PHI","NL",425,3,0.00705882352941176
"moranmi01",1994,1,"PHI","NL",274,2,0.0072992700729927
"moranmi01",1995,1,"PHI","NL",494,6,0.0121457489878543
"moranmi01",1996,1,"PHI","NL",539,3,0.00556586270871985
"moranmi01",1997,1,"PHI","NL",553,1,0.00180831826401447
"moranmi01",1998,1,"CHN","NL",582,8,0.013745704467354
"moranmi01",1999,1,"CHN","NL",456,4,0.0087719298245614
"mordemi01",1999,1,"MON","NL",226,5,0.0221238938053097
"mordemi01",2001,1,"MON","NL",254,3,0.0118110236220472
"morelbr01",2011,1,"CHA","AL",413,10,0.0242130750605327
"morelch01",2022,1,"CHN","NL",379,16,0.0422163588390501
"morelch01",2023,1,"CHN","NL",388,26,0.0670103092783505
"morelch01",2024,1,"CHN","NL",362,18,0.0497237569060773
"morelch01",2025,1,"TBA","AL",278,11,0.039568345323741
"morelke01",1982,1,"CHN","NL",476,15,0.0315126050420168
"morelke01",1983,1,"CHN","NL",533,16,0.0300187617260788
"morelke01",1984,1,"CHN","NL",495,16,0.0323232323232323
"morelke01",1985,1,"CHN","NL",587,14,0.0238500851788756
"morelke01",1986,1,"CHN","NL",586,12,0.0204778156996587
"morelke01",1987,1,"CHN","NL",563,27,0.0479573712255773
"morelke01",1988,1,"SDN","NL",511,5,0.00978473581213307
"morelke01",1989,1,"DET","AL",318,5,0.0157232704402516
"morelmi01",2011,1,"TEX","AL",464,16,0.0344827586206897
"morelmi01",2012,1,"TEX","AL",327,15,0.0458715596330275
"morelmi01",2013,1,"TEX","AL",462,23,0.0497835497835498
"morelmi01",2015,1,"TEX","AL",471,23,0.0488322717622081
"morelmi01",2016,1,"TEX","AL",460,22,0.0478260869565217
"morelmi01",2017,1,"BOS","AL",508,22,0.0433070866141732
"morelmi01",2018,1,"BOS","AL",404,15,0.0371287128712871
"morelmi01",2019,1,"BOS","AL",298,19,0.063758389261745
"morelmi01",2021,1,"OAK","AL",229,10,0.0436681222707424
"morenga01",2023,1,"ARI","NL",341,7,0.0205278592375367
"morenga01",2024,1,"ARI","NL",305,5,0.0163934426229508
"morenga01",2025,1,"ARI","NL",277,9,0.0324909747292419
"morenom01",1977,1,"PIT","NL",492,7,0.0142276422764228
"morenom01",1978,1,"PIT","NL",515,2,0.00388349514563107
"morenom01",1979,1,"PIT","NL",695,8,0.0115107913669065
"morenom01",1980,1,"PIT","NL",676,2,0.0029585798816568
"morenom01",1981,1,"PIT","NL",434,1,0.00230414746543779
"morenom01",1982,1,"PIT","NL",645,3,0.00465116279069767
"morenom01",1984,1,"NYA","AL",355,4,0.0112676056338028
"morenom01",1986,1,"ATL","NL",359,4,0.011142061281337
"morgajo02",1970,1,"HOU","NL",548,8,0.0145985401459854
"morgajo02",1971,1,"HOU","NL",583,13,0.0222984562607204
"morgajo02",1972,1,"CIN","NL",552,16,0.0289855072463768
"morgajo02",1973,1,"CIN","NL",576,26,0.0451388888888889
"morgajo02",1974,1,"CIN","NL",512,22,0.04296875
"morgajo02",1975,1,"CIN","NL",498,17,0.034136546184739
"morgajo02",1976,1,"CIN","NL",472,27,0.0572033898305085
"morgajo02",1977,1,"CIN","NL",521,22,0.0422264875239923
"morgajo02",1978,1,"CIN","NL",441,13,0.0294784580498866
"morgajo02",1979,1,"CIN","NL",436,9,0.0206422018348624
"morgajo02",1980,1,"HOU","NL",461,11,0.0238611713665944
"morgajo02",1981,1,"SFN","NL",308,8,0.025974025974026
"morgajo02",1982,1,"SFN","NL",463,14,0.0302375809935205
"morgajo02",1983,1,"PHI","NL",404,16,0.0396039603960396
"morgajo02",1984,1,"OAK","AL",365,6,0.0164383561643836
"morgany01",2009,1,"PIT","NL",278,2,0.00719424460431655
"morgany01",2011,1,"MIL","NL",378,4,0.0105820105820106
"morgany01",2012,1,"MIL","NL",289,3,0.0103806228373702
"morneju01",2004,1,"MIN","AL",280,19,0.0678571428571428
"morneju01",2005,1,"MIN","AL",490,22,0.0448979591836735
"morneju01",2006,1,"MIN","AL",592,34,0.0574324324324324
"morneju01",2007,1,"MIN","AL",590,31,0.0525423728813559
"morneju01",2008,1,"MIN","AL",623,23,0.0369181380417336
"morneju01",2009,1,"MIN","AL",508,30,0.0590551181102362
"morneju01",2010,1,"MIN","AL",296,18,0.0608108108108108
"morneju01",2011,1,"MIN","AL",264,4,0.0151515151515152
"morneju01",2012,1,"MIN","AL",505,19,0.0376237623762376
"morneju01",2013,1,"MIN","AL",495,17,0.0343434343434343
"morneju01",2014,1,"COL","NL",502,17,0.0338645418326693
"morneju01",2016,1,"CHA","AL",203,6,0.0295566502463054
"morriha02",1990,1,"CIN","NL",309,7,0.0226537216828479
"morriha02",1991,1,"CIN","NL",478,14,0.0292887029288703
"morriha02",1992,1,"CIN","NL",395,6,0.0151898734177215
"morriha02",1993,1,"CIN","NL",379,7,0.0184696569920844
"morriha02",1994,1,"CIN","NL",436,10,0.0229357798165138
"morriha02",1995,1,"CIN","NL",359,11,0.0306406685236769
"morriha02",1996,1,"CIN","NL",528,16,0.0303030303030303
"morriha02",1997,1,"CIN","NL",333,1,0.003003003003003
"morriha02",1998,1,"KCA","AL",472,1,0.00211864406779661
"morriji01",1979,1,"CHA","AL",240,14,0.0583333333333333
"morriji01",1980,1,"CHA","AL",604,15,0.0248344370860927
"morriji01",1981,1,"CHA","AL",290,10,0.0344827586206897
"morriji01",1984,1,"PIT","NL",304,11,0.0361842105263158
"morriji01",1985,1,"PIT","NL",244,4,0.0163934426229508
"morriji01",1986,1,"PIT","NL",537,23,0.042830540037244
"morriji01",1987,1,"PIT","NL",348,9,0.0258620689655172
"morrilo01",2010,1,"FLO","NL",244,2,0.00819672131147541
"morrilo01",2011,1,"FLO","NL",462,23,0.0497835497835498
"morrilo01",2012,1,"MIA","NL",296,11,0.0371621621621622
"morrilo01",2013,1,"MIA","NL",293,6,0.0204778156996587
"morrilo01",2014,1,"SEA","AL",336,11,0.0327380952380952
"morrilo01",2015,1,"SEA","AL",457,17,0.037199124726477
"morrilo01",2016,1,"TBA","AL",353,14,0.0396600566572238
"morrilo01",2017,1,"TBA","AL",512,38,0.07421875
"morrilo01",2018,1,"MIN","AL",318,15,0.0471698113207547
"morriwa02",1999,1,"PIT","NL",511,15,0.0293542074363992
"morriwa02",2000,1,"PIT","NL",528,3,0.00568181818181818
"morriwa02",2003,1,"DET","AL",346,6,0.0173410404624277
"morsemi01",2005,1,"SEA","AL",230,3,0.0130434782608696
"morsemi01",2010,1,"WAS","NL",266,15,0.056390977443609
"morsemi01",2011,1,"WAS","NL",522,31,0.0593869731800766
"morsemi01",2012,1,"WAS","NL",406,18,0.0443349753694581
"morsemi01",2013,1,"SEA","AL",283,13,0.0459363957597173
"morsemi01",2014,1,"SFN","NL",438,16,0.0365296803652968
"mosebll01",1980,1,"TOR","AL",389,9,0.0231362467866324
"mosebll01",1981,1,"TOR","AL",378,9,0.0238095238095238
"mosebll01",1982,1,"TOR","AL",487,9,0.0184804928131417
"mosebll01",1983,1,"TOR","AL",539,18,0.0333951762523191
"mosebll01",1984,1,"TOR","AL",592,18,0.0304054054054054
"mosebll01",1985,1,"TOR","AL",584,18,0.0308219178082192
"mosebll01",1986,1,"TOR","AL",589,21,0.0356536502546689
"mosebll01",1987,1,"TOR","AL",592,26,0.0439189189189189
"mosebll01",1988,1,"TOR","AL",472,10,0.0211864406779661
"mosebll01",1989,1,"TOR","AL",502,11,0.0219123505976096
"mosebll01",1990,1,"DET","AL",431,14,0.0324825986078886
"mosebll01",1991,1,"DET","AL",260,6,0.0230769230769231
"mosesje01",1970,1,"BOS","AL",315,6,0.019047619047619
"mosesjo01",1986,1,"SEA","AL",399,3,0.0075187969924812
"mosesjo01",1987,1,"SEA","AL",390,3,0.00769230769230769
"mosesjo01",1988,1,"MIN","AL",206,2,0.00970873786407767
"mosesjo01",1989,1,"MIN","AL",242,1,0.00413223140495868
"mossbr01",2009,1,"PIT","NL",385,7,0.0181818181818182
"mossbr01",2012,1,"OAK","AL",265,21,0.0792452830188679
"mossbr01",2013,1,"OAK","AL",446,30,0.0672645739910314
"mossbr01",2014,1,"OAK","AL",500,25,0.05
"mossbr01",2015,1,"CLE","AL",337,15,0.0445103857566766
"mossbr01",2016,1,"SLN","NL",413,28,0.0677966101694915
"mossbr01",2017,1,"KCA","AL",362,22,0.0607734806629834
"motama01",1970,1,"LAN","NL",417,3,0.00719424460431655
"motama01",1972,1,"LAN","NL",371,5,0.0134770889487871
"motleda01",1984,1,"KCA","AL",522,15,0.028735632183908
"motleda01",1985,1,"KCA","AL",383,17,0.0443864229765013
"motleda01",1986,1,"KCA","AL",217,7,0.032258064516129
"motteta01",2017,1,"SEA","AL",258,7,0.0271317829457364
"mountry01",2021,1,"BAL","AL",534,33,0.0617977528089888
"mountry01",2022,1,"BAL","AL",555,22,0.0396396396396396
"mountry01",2023,1,"BAL","AL",423,18,0.0425531914893617
"mountry01",2024,1,"BAL","AL",473,13,0.0274841437632135
"mountry01",2025,1,"BAL","AL",332,7,0.0210843373493976
"moustmi01",2011,1,"KCA","AL",338,5,0.014792899408284
"moustmi01",2012,1,"KCA","AL",563,20,0.0355239786856128
"moustmi01",2013,1,"KCA","AL",472,12,0.0254237288135593
"moustmi01",2014,1,"KCA","AL",457,15,0.0328227571115974
"moustmi01",2015,1,"KCA","AL",549,22,0.0400728597449909
"moustmi01",2017,1,"KCA","AL",555,38,0.0684684684684685
"moustmi01",2018,1,"KCA","AL",378,20,0.0529100529100529
"moustmi01",2019,1,"MIL","NL",523,35,0.0669216061185469
"moustmi01",2022,1,"CIN","NL",252,7,0.0277777777777778
"moustmi01",2023,2,"LAA","AL",237,8,0.0337552742616034
"moutoja01",1994,1,"HOU","NL",310,2,0.00645161290322581
"moutoja01",1995,1,"HOU","NL",298,4,0.0134228187919463
"moutoja01",1996,1,"HOU","NL",300,3,0.01
"moutoly01",1996,1,"CHA","AL",214,7,0.0327102803738318
"moutoly01",1997,1,"CHA","AL",242,5,0.0206611570247934
"muellbi02",1997,1,"SFN","NL",390,7,0.0179487179487179
"muellbi02",1998,1,"SFN","NL",534,9,0.0168539325842697
"muellbi02",1999,1,"SFN","NL",414,2,0.00483091787439614
"muellbi02",2000,1,"SFN","NL",560,10,0.0178571428571429
"muellbi02",2001,1,"CHN","NL",210,6,0.0285714285714286
"muellbi02",2002,1,"CHN","NL",353,7,0.0198300283286119
"muellbi02",2003,1,"BOS","AL",524,19,0.0362595419847328
"muellbi02",2004,1,"BOS","AL",399,12,0.0300751879699248
"muellbi02",2005,1,"BOS","AL",519,10,0.0192678227360308
"mullice01",2021,1,"BAL","AL",602,30,0.0498338870431894
"mullice01",2022,1,"BAL","AL",608,16,0.0263157894736842
"mullice01",2023,1,"BAL","AL",404,15,0.0371287128712871
"mullice01",2024,1,"BAL","AL",444,18,0.0405405405405405
"mullice01",2025,1,"BAL","AL",314,15,0.0477707006369427
"mullira01",1977,1,"CAL","AL",271,3,0.011070110701107
"mullira01",1982,1,"TOR","AL",311,4,0.0128617363344051
"mullira01",1983,1,"TOR","AL",364,10,0.0274725274725275
"mullira01",1984,1,"TOR","AL",343,3,0.0087463556851312
"mullira01",1985,1,"TOR","AL",366,10,0.0273224043715847
"mullira01",1986,1,"TOR","AL",348,11,0.0316091954022989
"mullira01",1987,1,"TOR","AL",332,11,0.0331325301204819
"mullira01",1988,1,"TOR","AL",337,12,0.0356083086053413
"mullira01",1989,1,"TOR","AL",273,3,0.010989010989011
"mullira01",1991,1,"TOR","AL",240,2,0.00833333333333333
"mumphje01",1976,1,"SLN","NL",384,1,0.00260416666666667
"mumphje01",1977,1,"SLN","NL",463,2,0.00431965442764579
"mumphje01",1978,1,"SLN","NL",367,2,0.00544959128065395
"mumphje01",1979,1,"SLN","NL",339,3,0.00884955752212390
"mumphje01",1980,1,"SDN","NL",564,4,0.00709219858156028
"mumphje01",1981,1,"NYA","AL",319,6,0.0188087774294671
"mumphje01",1982,1,"NYA","AL",477,9,0.0188679245283019
"mumphje01",1983,1,"NYA","AL",267,7,0.0262172284644195
"mumphje01",1984,1,"HOU","NL",524,9,0.017175572519084
"mumphje01",1985,1,"HOU","NL",444,8,0.018018018018018
"mumphje01",1986,1,"CHN","NL",309,5,0.0161812297734628
"mumphje01",1987,1,"CHN","NL",309,13,0.0420711974110032
"muncyma01",2018,1,"LAN","NL",395,35,0.0886075949367089
"muncyma01",2019,1,"LAN","NL",487,35,0.0718685831622177
"muncyma01",2020,1,"LAN","NL",203,12,0.0591133004926108
"muncyma01",2021,1,"LAN","NL",497,36,0.0724346076458753
"muncyma01",2022,1,"LAN","NL",464,21,0.0452586206896552
"muncyma01",2023,1,"LAN","NL",482,36,0.0746887966804979
"muncyma01",2024,1,"LAN","NL",237,15,0.0632911392405063
"muncyma01",2025,1,"LAN","NL",313,19,0.060702875399361
"muncyma02",2025,1,"ATH","AL",206,9,0.0436893203883495
"munozpe01",1992,1,"MIN","AL",418,12,0.0287081339712919
"munozpe01",1993,1,"MIN","AL",326,13,0.0398773006134969
"munozpe01",1994,1,"MIN","AL",244,11,0.0450819672131148
"munozpe01",1995,1,"MIN","AL",376,18,0.0478723404255319
"munozya01",2018,1,"SLN","NL",293,8,0.0273037542662116
"munsoer01",2003,1,"DET","AL",313,18,0.0575079872204473
"munsoer01",2004,1,"DET","AL",321,19,0.059190031152648
"munsoth01",1970,1,"NYA","AL",453,6,0.0132450331125828
"munsoth01",1971,1,"NYA","AL",451,10,0.0221729490022173
"munsoth01",1972,1,"NYA","AL",511,7,0.0136986301369863
"munsoth01",1973,1,"NYA","AL",519,20,0.0385356454720617
"munsoth01",1974,1,"NYA","AL",517,13,0.0251450676982592
"munsoth01",1975,1,"NYA","AL",597,12,0.0201005025125628
"munsoth01",1976,1,"NYA","AL",616,17,0.0275974025974026
"munsoth01",1977,1,"NYA","AL",595,18,0.0302521008403361
"munsoth01",1978,1,"NYA","AL",617,6,0.00972447325769854
"munsoth01",1979,1,"NYA","AL",382,3,0.00785340314136126
"murcebo01",1970,1,"NYA","AL",581,23,0.0395869191049914
"murcebo01",1971,1,"NYA","AL",529,25,0.0472589792060491
"murcebo01",1972,1,"NYA","AL",585,33,0.0564102564102564
"murcebo01",1973,1,"NYA","AL",616,22,0.0357142857142857
"murcebo01",1974,1,"NYA","AL",606,10,0.0165016501650165
"murcebo01",1975,1,"SFN","NL",526,11,0.0209125475285171
"murcebo01",1976,1,"SFN","NL",533,23,0.0431519699812383
"murcebo01",1977,1,"CHN","NL",554,27,0.0487364620938628
"murcebo01",1978,1,"CHN","NL",499,9,0.0180360721442886
"murcebo01",1979,2,"NYA","AL",264,8,0.0303030303030303
"murcebo01",1980,1,"NYA","AL",297,13,0.0437710437710438
"murphda05",1978,1,"ATL","NL",530,23,0.0433962264150943
"murphda05",1979,1,"ATL","NL",384,21,0.0546875
"murphda05",1980,1,"ATL","NL",569,33,0.0579964850615114
"murphda05",1981,1,"ATL","NL",369,13,0.035230352303523
"murphda05",1982,1,"ATL","NL",598,36,0.0602006688963211
"murphda05",1983,1,"ATL","NL",589,36,0.0611205432937182
"murphda05",1984,1,"ATL","NL",607,36,0.0593080724876442
"murphda05",1985,1,"ATL","NL",616,37,0.0600649350649351
"murphda05",1986,1,"ATL","NL",614,29,0.0472312703583062
"murphda05",1987,1,"ATL","NL",566,44,0.0777385159010601
"murphda05",1988,1,"ATL","NL",592,24,0.0405405405405405
"murphda05",1989,1,"ATL","NL",574,20,0.0348432055749129
"murphda05",1990,1,"ATL","NL",349,17,0.0487106017191977
"murphda05",1990,2,"PHI","NL",214,7,0.0327102803738318
"murphda05",1991,1,"PHI","NL",544,18,0.0330882352941176
"murphda07",2008,1,"TEX","AL",415,15,0.036144578313253
"murphda07",2009,1,"TEX","AL",432,17,0.0393518518518519
"murphda07",2010,1,"TEX","AL",419,12,0.0286396181384248
"murphda07",2011,1,"TEX","AL",404,11,0.0272277227722772
"murphda07",2012,1,"TEX","AL",457,15,0.0328227571115974
"murphda07",2013,1,"TEX","AL",436,13,0.0298165137614679
"murphda07",2014,1,"CLE","AL",416,8,0.0192307692307692
"murphda07",2015,1,"CLE","AL",206,5,0.0242718446601942
"murphda08",2009,1,"NYN","NL",508,12,0.0236220472440945
"murphda08",2011,1,"NYN","NL",391,6,0.0153452685421995
"murphda08",2012,1,"NYN","NL",571,6,0.010507880910683
"murphda08",2013,1,"NYN","NL",658,13,0.0197568389057751
"murphda08",2014,1,"NYN","NL",596,9,0.0151006711409396
"murphda08",2015,1,"NYN","NL",499,14,0.0280561122244489
"murphda08",2016,1,"WAS","NL",531,25,0.0470809792843691
"murphda08",2017,1,"WAS","NL",534,23,0.0430711610486891
"murphda08",2019,1,"COL","NL",438,13,0.0296803652968037
"murphdw01",1979,1,"OAK","AL",388,11,0.0283505154639175
"murphdw01",1980,1,"OAK","AL",573,13,0.0226876090750436
"murphdw01",1981,1,"OAK","AL",390,15,0.0384615384615385
"murphdw01",1982,1,"OAK","AL",543,27,0.0497237569060773
"murphdw01",1983,1,"OAK","AL",471,17,0.0360934182590234
"murphdw01",1984,1,"OAK","AL",559,33,0.0590339892665474
"murphdw01",1985,1,"OAK","AL",523,20,0.0382409177820268
"murphdw01",1986,1,"OAK","AL",329,9,0.027355623100304
"murphdw01",1987,1,"OAK","AL",219,8,0.0365296803652968
"murphjr01",2018,1,"ARI","NL",208,9,0.0432692307692308
"murphse01",2021,1,"OAK","AL",393,17,0.0432569974554707
"murphse01",2022,1,"OAK","AL",537,18,0.0335195530726257
"murphse01",2023,1,"ATL","NL",370,21,0.0567567567567568
"murphse01",2024,1,"ATL","NL",233,10,0.0429184549356223
"murphse01",2025,1,"ATL","NL",291,16,0.0549828178694158
"murphto04",2019,1,"SEA","AL",260,18,0.0692307692307692
"murphto04",2021,1,"SEA","AL",277,11,0.0397111913357401
"murraca01",2001,1,"SFN","NL",326,6,0.0184049079754601
"murraed02",1977,1,"BAL","AL",611,27,0.044189852700491
"murraed02",1978,1,"BAL","AL",610,27,0.0442622950819672
"murraed02",1979,1,"BAL","AL",606,25,0.0412541254125412
"murraed02",1980,1,"BAL","AL",621,32,0.0515297906602254
"murraed02",1981,1,"BAL","AL",378,22,0.0582010582010582
"murraed02",1982,1,"BAL","AL",550,32,0.0581818181818182
"murraed02",1983,1,"BAL","AL",582,33,0.056701030927835
"murraed02",1984,1,"BAL","AL",588,29,0.0493197278911565
"murraed02",1985,1,"BAL","AL",583,31,0.0531732418524871
"murraed02",1986,1,"BAL","AL",495,17,0.0343434343434343
"murraed02",1987,1,"BAL","AL",618,30,0.0485436893203883
"murraed02",1988,1,"BAL","AL",603,28,0.0464344941956882
"murraed02",1989,1,"LAN","NL",594,20,0.0336700336700337
"murraed02",1990,1,"LAN","NL",558,26,0.046594982078853
"murraed02",1991,1,"LAN","NL",576,19,0.0329861111111111
"murraed02",1992,1,"NYN","NL",551,16,0.029038112522686
"murraed02",1993,1,"NYN","NL",610,27,0.0442622950819672
"murraed02",1994,1,"CLE","AL",433,17,0.0392609699769053
"murraed02",1995,1,"CLE","AL",436,21,0.0481651376146789
"murraed02",1996,1,"CLE","AL",336,12,0.0357142857142857
"murraed02",1996,2,"BAL","AL",230,10,0.0434782608695652
"murrala01",1979,1,"OAK","AL",226,2,0.00884955752212390
"murreiv01",1970,1,"SDN","NL",347,12,0.0345821325648415
"murreiv01",1971,1,"SDN","NL",255,7,0.0274509803921569
"murreiv01",1973,1,"SDN","NL",210,9,0.0428571428571429
"murtoma01",2006,1,"CHN","NL",455,13,0.0285714285714286
"murtoma01",2007,1,"CHN","NL",235,8,0.0340425531914894
"muserto01",1973,1,"CHA","AL",309,4,0.0129449838187702
"muserto01",1974,1,"CHA","AL",206,1,0.00485436893203883
"muserto01",1976,1,"BAL","AL",326,1,0.00306748466257669
"myersda01",2025,1,"MIA","NL",307,6,0.0195439739413681
"myersgr01",1990,1,"TOR","AL",250,5,0.02
"myersgr01",1991,1,"TOR","AL",309,8,0.0258899676375405
"myersgr01",1993,1,"CAL","AL",290,7,0.0241379310344828
"myersgr01",1995,1,"CAL","AL",273,9,0.032967032967033
"myersgr01",1996,1,"MIN","AL",329,6,0.0182370820668693
"myersgr01",2003,1,"TOR","AL",329,15,0.0455927051671733
"myerswi01",2013,1,"TBA","AL",335,13,0.0388059701492537
"myerswi01",2014,1,"TBA","AL",325,6,0.0184615384615385
"myerswi01",2015,1,"SDN","NL",225,8,0.0355555555555556
"myerswi01",2016,1,"SDN","NL",599,28,0.0467445742904841
"myerswi01",2017,1,"SDN","NL",567,30,0.0529100529100529
"myerswi01",2018,1,"SDN","NL",312,11,0.0352564102564103
"myerswi01",2019,1,"SDN","NL",435,18,0.0413793103448276
"myerswi01",2021,1,"SDN","NL",442,17,0.0384615384615385
"myerswi01",2022,1,"SDN","NL",261,7,0.0268199233716475
"nadyxa01",2003,1,"SDN","NL",371,9,0.0242587601078167
"nadyxa01",2005,1,"SDN","NL",326,13,0.0398773006134969
"nadyxa01",2006,1,"NYN","NL",265,14,0.0528301886792453
"nadyxa01",2006,2,"PIT","NL",203,3,0.0147783251231527
"nadyxa01",2007,1,"PIT","NL",431,20,0.0464037122969838
"nadyxa01",2008,1,"PIT","NL",327,13,0.0397553516819572
"nadyxa01",2008,2,"NYA","AL",228,12,0.0526315789473684
"nadyxa01",2010,1,"CHN","NL",317,6,0.0189274447949527
"nadyxa01",2011,1,"ARI","NL",206,4,0.0194174757281553
"naehrti01",1994,1,"BOS","AL",297,7,0.0235690235690236
"naehrti01",1995,1,"BOS","AL",433,10,0.023094688221709
"naehrti01",1996,1,"BOS","AL",430,17,0.0395348837209302
"naehrti01",1997,1,"BOS","AL",259,9,0.0347490347490347
"nahorbi01",1978,1,"CHA","AL",347,8,0.0230547550432277
"napolmi01",2006,1,"LAA","AL",268,16,0.0597014925373134
"napolmi01",2007,1,"LAA","AL",219,10,0.045662100456621
"napolmi01",2008,1,"LAA","AL",227,20,0.0881057268722467
"napolmi01",2009,1,"LAA","AL",382,20,0.0523560209424084
"napolmi01",2010,1,"LAA","AL",453,26,0.0573951434878587
"napolmi01",2011,1,"TEX","AL",369,30,0.0813008130081301
"napolmi01",2012,1,"TEX","AL",352,24,0.0681818181818182
"napolmi01",2013,1,"BOS","AL",498,23,0.0461847389558233
"napolmi01",2014,1,"BOS","AL",415,17,0.0409638554216867
"napolmi01",2015,1,"BOS","AL",329,13,0.0395136778115502
"napolmi01",2016,1,"CLE","AL",557,34,0.0610412926391382
"napolmi01",2017,1,"TEX","AL",425,29,0.0682352941176471
"naquity01",2016,1,"CLE","AL",321,14,0.043613707165109
"naquity01",2019,1,"CLE","AL",274,10,0.0364963503649635
"naquity01",2021,1,"CIN","NL",411,19,0.0462287104622871
"narroje01",1981,1,"SEA","AL",203,3,0.0147783251231527
"narvaca01",2025,1,"BOS","AL",403,15,0.0372208436724566
"narvaom01",2017,1,"CHA","AL",253,2,0.00790513833992095
"narvaom01",2018,1,"CHA","AL",280,9,0.0321428571428571
"narvaom01",2019,1,"SEA","AL",428,22,0.0514018691588785
"narvaom01",2021,1,"MIL","NL",391,11,0.0281329923273657
"narvaom01",2022,1,"MIL","NL",262,4,0.0152671755725191
"navada01",2012,1,"BOS","AL",267,6,0.0224719101123596
"navada01",2013,1,"BOS","AL",458,12,0.0262008733624454
"navada01",2014,1,"BOS","AL",363,4,0.0110192837465565
"navardi01",2007,1,"TBA","AL",388,9,0.0231958762886598
"navardi01",2008,1,"TBA","AL",427,7,0.0163934426229508
"navardi01",2009,1,"TBA","AL",376,8,0.0212765957446809
"navardi01",2013,1,"CHN","NL",240,13,0.0541666666666667
"navardi01",2014,1,"TOR","AL",481,12,0.024948024948025
"navardi01",2016,1,"CHA","AL",271,6,0.022140221402214
"naylobo01",2024,1,"CLE","AL",354,13,0.0367231638418079
"naylobo01",2025,1,"CLE","AL",359,14,0.0389972144846797
"naylojo01",2019,1,"SDN","NL",253,8,0.0316205533596838
"naylojo01",2021,1,"CLE","AL",233,7,0.0300429184549356
"naylojo01",2022,1,"CLE","AL",449,20,0.044543429844098
"naylojo01",2023,1,"CLE","AL",452,17,0.0376106194690266
"naylojo01",2024,1,"CLE","AL",563,31,0.0550621669626998
"naylojo01",2025,1,"ARI","NL",349,11,0.0315186246418338
"neeltr01",1993,1,"OAK","AL",427,19,0.0444964871194379
"neeltr01",1994,1,"OAK","AL",278,15,0.0539568345323741
"nelsoch01",2012,1,"COL","NL",345,9,0.0260869565217391
"nelsoda01",1971,1,"WS2","AL",329,5,0.0151975683890577
"nelsoda01",1972,1,"TEX","AL",499,2,0.00400801603206413
"nelsoda01",1973,1,"TEX","AL",576,7,0.0121527777777778
"nelsoda01",1974,1,"TEX","AL",474,3,0.00632911392405063
"nelsori01",1983,1,"SEA","AL",291,5,0.0171821305841924
"netoza01",2023,1,"LAA","AL",289,9,0.0311418685121107
"netoza01",2024,1,"LAA","AL",542,23,0.0424354243542435
"netoza01",2025,1,"LAA","AL",502,26,0.051792828685259
"nettlgr01",1970,1,"CLE","AL",549,26,0.0473588342440801
"nettlgr01",1971,1,"CLE","AL",598,28,0.0468227424749164
"nettlgr01",1972,1,"CLE","AL",557,17,0.0305206463195691
"nettlgr01",1973,1,"NYA","AL",552,22,0.0398550724637681
"nettlgr01",1974,1,"NYA","AL",566,22,0.03886925795053
"nettlgr01",1975,1,"NYA","AL",581,21,0.036144578313253
"nettlgr01",1976,1,"NYA","AL",583,32,0.0548885077186964
"nettlgr01",1977,1,"NYA","AL",589,37,0.0628183361629881
"nettlgr01",1978,1,"NYA","AL",587,27,0.0459965928449745
"nettlgr01",1979,1,"NYA","AL",521,20,0.0383877159309021
"nettlgr01",1980,1,"NYA","AL",324,16,0.0493827160493827
"nettlgr01",1981,1,"NYA","AL",349,15,0.0429799426934097
"nettlgr01",1982,1,"NYA","AL",405,18,0.0444444444444444
"nettlgr01",1983,1,"NYA","AL",462,20,0.0432900432900433
"nettlgr01",1984,1,"SDN","NL",395,20,0.0506329113924051
"nettlgr01",1985,1,"SDN","NL",440,15,0.0340909090909091
"nettlgr01",1986,1,"SDN","NL",354,16,0.0451977401129944
"nettlji01",1972,1,"MIN","AL",235,4,0.0170212765957447
"neusesh01",2022,1,"OAK","AL",271,4,0.014760147601476
"nevinph01",1997,1,"DET","AL",251,9,0.0358565737051793
"nevinph01",1998,1,"ANA","AL",237,8,0.0337552742616034
"nevinph01",1999,1,"SDN","NL",383,24,0.0626631853785901
"nevinph01",2000,1,"SDN","NL",538,31,0.0576208178438662
"nevinph01",2001,1,"SDN","NL",546,41,0.0750915750915751
"nevinph01",2002,1,"SDN","NL",407,12,0.0294840294840295
"nevinph01",2003,1,"SDN","NL",226,13,0.0575221238938053
"nevinph01",2004,1,"SDN","NL",547,26,0.0475319926873857
"nevinph01",2005,1,"SDN","NL",281,9,0.0320284697508897
"nevinty01",2024,1,"OAK","AL",245,7,0.0285714285714286
"newhada01",2004,1,"BAL","AL",373,8,0.0214477211796247
"newhada01",2005,1,"BAL","AL",218,5,0.0229357798165138
"newmaje01",1978,1,"OAK","AL",268,9,0.0335820895522388
"newmaje01",1979,1,"OAK","AL",516,22,0.0426356589147287
"newmaje01",1980,1,"OAK","AL",438,15,0.0342465753424658
"newmaje01",1981,1,"OAK","AL",216,3,0.0138888888888889
"newmaje01",1982,1,"OAK","AL",251,6,0.0239043824701195
"newmake01",2019,1,"PIT","NL",493,12,0.024340770791075
"newmake01",2021,1,"PIT","NL",517,5,0.00967117988394584
"newmake01",2022,1,"PIT","NL",288,2,0.00694444444444444
"newmake01",2023,1,"CIN","NL",225,3,0.0133333333333333
"newmake01",2024,1,"ARI","NL",288,3,0.0104166666666667
"newsowa01",1996,1,"TEX","AL",235,10,0.0425531914893617
"nichore01",1982,1,"BOS","AL",245,7,0.0285714285714286
"nichore01",1983,1,"BOS","AL",274,6,0.0218978102189781
"nidoto01",2022,1,"NYN","NL",284,3,0.0105633802816901
"niekrla01",2005,1,"SFN","NL",278,12,0.0431654676258993
"nieuwki01",2012,1,"NYN","NL",282,7,0.024822695035461
"nieuwki01",2016,1,"MIL","NL",335,13,0.0388059701492537
"nieveme01",1995,1,"SDN","NL",234,14,0.0598290598290598
"nieveme01",1996,1,"DET","AL",431,24,0.0556844547563805
"nieveme01",1997,1,"DET","AL",359,20,0.0557103064066852
"nievewi01",2009,1,"WAS","NL",224,1,0.00446428571428571
"nilssda01",1993,1,"ML4","AL",296,7,0.0236486486486486
"nilssda01",1994,1,"ML4","AL",397,12,0.0302267002518892
"nilssda01",1995,1,"ML4","AL",263,12,0.0456273764258555
"nilssda01",1996,1,"ML4","AL",453,17,0.0375275938189845
"nilssda01",1997,1,"ML4","AL",554,20,0.036101083032491
"nilssda01",1998,1,"MIL","NL",309,12,0.0388349514563107
"nilssda01",1999,1,"MIL","NL",343,21,0.0612244897959184
"nimmobr01",2018,1,"NYN","NL",433,17,0.0392609699769053
"nimmobr01",2021,1,"NYN","NL",325,8,0.0246153846153846
"nimmobr01",2022,1,"NYN","NL",580,16,0.0275862068965517
"nimmobr01",2023,1,"NYN","NL",592,24,0.0405405405405405
"nimmobr01",2024,1,"NYN","NL",571,23,0.0402802101576182
"nimmobr01",2025,1,"NYN","NL",587,25,0.0425894378194208
"nixja01",2009,1,"CHA","AL",255,12,0.0470588235294118
"nixja01",2010,2,"CLE","AL",282,13,0.0460992907801418
"nixja01",2013,1,"NYA","AL",267,3,0.0112359550561798
"nixla01",2004,1,"TEX","AL",371,14,0.0377358490566038
"nixla01",2005,1,"TEX","AL",229,6,0.0262008733624454
"nixla01",2009,1,"CIN","NL",309,15,0.0485436893203883
"nixla01",2011,1,"WAS","NL",324,16,0.0493827160493827
"nixonot01",1990,1,"MON","NL",231,1,0.00432900432900433
"nixonot01",1992,1,"ATL","NL",456,2,0.0043859649122807
"nixonot01",1993,1,"ATL","NL",461,1,0.00216919739696312
"nixonot01",1996,1,"TOR","AL",496,1,0.00201612903225806
"nixonot01",1997,1,"TOR","AL",401,1,0.00249376558603491
"nixonot01",1998,1,"MIN","AL",448,1,0.00223214285714286
"nixontr01",1999,1,"BOS","AL",381,15,0.0393700787401575
"nixontr01",2000,1,"BOS","AL",427,12,0.0281030444964871
"nixontr01",2001,1,"BOS","AL",535,27,0.0504672897196262
"nixontr01",2002,1,"BOS","AL",532,24,0.0451127819548872
"nixontr01",2003,1,"BOS","AL",441,28,0.0634920634920635
"nixontr01",2005,1,"BOS","AL",408,13,0.0318627450980392
"nixontr01",2006,1,"BOS","AL",381,8,0.020997375328084
"nixontr01",2007,1,"CLE","AL",307,3,0.00977198697068404
"nodary01",2023,1,"OAK","AL",406,16,0.0394088669950739
"nokesma01",1987,1,"DET","AL",461,32,0.06941431670282
"nokesma01",1988,1,"DET","AL",382,16,0.0418848167539267
"nokesma01",1989,1,"DET","AL",268,9,0.0335820895522388
"nokesma01",1990,2,"NYA","AL",240,8,0.0333333333333333
"nokesma01",1991,1,"NYA","AL",456,24,0.0526315789473684
"nokesma01",1992,1,"NYA","AL",384,22,0.0572916666666667
"nokesma01",1993,1,"NYA","AL",217,10,0.0460829493087558
"nolaau01",2019,1,"SEA","AL",238,10,0.0420168067226891
"nolaau01",2022,1,"SDN","NL",347,4,0.0115273775216138
"nolanjo01",1978,1,"ATL","NL",213,4,0.0187793427230047
"nolanjo01",1979,1,"ATL","NL",230,4,0.0173913043478261
"nolanjo01",1981,1,"CIN","NL",236,1,0.00423728813559322
"nolanjo01",1982,1,"BAL","AL",219,6,0.0273972602739726
"nootbla01",2022,1,"SLN","NL",290,14,0.0482758620689655
"nootbla01",2023,1,"SLN","NL",426,14,0.0328638497652582
"nootbla01",2024,1,"SLN","NL",348,12,0.0344827586206897
"nootbla01",2025,1,"SLN","NL",509,13,0.0255402750491159
"norbyco01",2025,1,"MIA","NL",311,8,0.0257234726688103
"nordhwa01",1978,1,"CHA","AL",206,5,0.0242718446601942
"nordhwa01",1980,1,"CHA","AL",415,15,0.036144578313253
"nordhwa01",1981,1,"CHA","AL",208,6,0.0288461538461539
"norride01",2012,1,"OAK","AL",209,7,0.0334928229665072
"norride01",2013,1,"OAK","AL",264,9,0.0340909090909091
"norride01",2014,1,"OAK","AL",385,10,0.025974025974026
"norride01",2015,1,"SDN","NL",515,14,0.0271844660194175
"norride01",2016,1,"SDN","NL",415,14,0.0337349397590361
"norriji01",1977,1,"CLE","AL",440,2,0.00454545454545455
"norriji01",1978,1,"CLE","AL",315,2,0.00634920634920635
"norriji01",1979,1,"CLE","AL",353,3,0.0084985835694051
"northbi01",1973,1,"OAK","AL",554,5,0.00902527075812274
"northbi01",1974,1,"OAK","AL",543,4,0.00736648250460405
"northbi01",1975,1,"OAK","AL",524,1,0.00190839694656489
"northbi01",1976,1,"OAK","AL",590,2,0.00338983050847458
"northbi01",1979,1,"SFN","NL",460,5,0.0108695652173913
"northbi01",1980,1,"SFN","NL",415,1,0.00240963855421687
"northji01",1970,1,"DET","AL",504,24,0.0476190476190476
"northji01",1971,1,"DET","AL",459,16,0.0348583877995643
"northji01",1972,1,"DET","AL",426,8,0.0187793427230047
"northji01",1973,1,"DET","AL",404,12,0.0297029702970297
"northji01",1974,1,"DET","AL",376,11,0.0292553191489362
"nortogr01",1998,1,"CHA","AL",299,9,0.0301003344481605
"nortogr01",1999,1,"CHA","AL",436,16,0.036697247706422
"nortogr01",2000,1,"CHA","AL",201,6,0.0298507462686567
"nortogr01",2001,1,"COL","NL",225,13,0.0577777777777778
"nortogr01",2006,1,"TBA","AL",294,17,0.0578231292517007
"nortogr01",2007,1,"TBA","AL",202,4,0.0198019801980198
"norwowi01",1978,1,"MIN","AL",428,8,0.0186915887850467
"norwowi01",1979,1,"MIN","AL",270,6,0.0222222222222222
"nunezab01",2001,1,"PIT","NL",301,1,0.00332225913621262
"nunezab01",2002,1,"PIT","NL",253,2,0.00790513833992095
"nunezab01",2003,1,"PIT","NL",311,4,0.0128617363344051
"nunezab01",2005,1,"SLN","NL",421,5,0.0118764845605701
"nunezab01",2006,1,"PHI","NL",322,2,0.0062111801242236
"nunezab02",2004,2,"KCA","AL",221,5,0.0226244343891403
"nunezdo01",2021,1,"COL","NL",228,10,0.043859649122807
"nunezed02",2011,1,"NYA","AL",309,5,0.0161812297734628
"nunezed02",2013,1,"NYA","AL",304,3,0.00986842105263158
"nunezed02",2014,1,"MIN","AL",204,4,0.0196078431372549
"nunezed02",2016,1,"MIN","AL",371,12,0.032345013477089
"nunezed02",2017,1,"SFN","NL",302,4,0.0132450331125828
"nunezed02",2018,1,"BOS","AL",480,10,0.0208333333333333
"nunezre01",2018,2,"BAL","AL",200,7,0.035
"nunezre01",2019,1,"BAL","AL",541,31,0.0573012939001848
"nunnajo01",1995,1,"KCA","AL",303,14,0.0462046204620462
"nunnajo01",1997,2,"CIN","NL",201,13,0.0646766169154229
"nymanny01",1975,1,"CHA","AL",327,2,0.00611620795107034
"oatesjo01",1972,1,"BAL","AL",253,4,0.0158102766798419
"oatesjo01",1973,1,"ATL","NL",322,4,0.0124223602484472
"oatesjo01",1974,1,"ATL","NL",291,1,0.00343642611683849
"oatesjo01",1975,2,"PHI","NL",269,1,0.00371747211895911
"oberkke01",1979,1,"SLN","NL",369,1,0.002710027100271
"oberkke01",1980,1,"SLN","NL",422,3,0.00710900473933649
"oberkke01",1981,1,"SLN","NL",376,2,0.00531914893617021
"oberkke01",1982,1,"SLN","NL",470,2,0.00425531914893617
"oberkke01",1983,1,"SLN","NL",488,3,0.00614754098360656
"oberkke01",1985,1,"ATL","NL",412,3,0.00728155339805825
"oberkke01",1986,1,"ATL","NL",503,5,0.0099403578528827
"oberkke01",1987,1,"ATL","NL",508,3,0.00590551181102362
"oberkke01",1988,1,"ATL","NL",422,3,0.00710900473933649
"obriech01",1996,1,"TOR","AL",324,13,0.0401234567901235
"obriech01",1997,1,"TOR","AL",225,4,0.0177777777777778
"obriepe03",1983,1,"TEX","AL",524,8,0.0152671755725191
"obriepe03",1984,1,"TEX","AL",520,18,0.0346153846153846
"obriepe03",1985,1,"TEX","AL",573,22,0.0383944153577661
"obriepe03",1986,1,"TEX","AL",551,23,0.0417422867513612
"obriepe03",1987,1,"TEX","AL",569,23,0.0404217926186292
"obriepe03",1988,1,"TEX","AL",547,16,0.0292504570383912
"obriepe03",1989,1,"CLE","AL",554,12,0.0216606498194946
"obriepe03",1990,1,"SEA","AL",366,5,0.0136612021857923
"obriepe03",1991,1,"SEA","AL",560,17,0.0303571428571429
"obriepe03",1992,1,"SEA","AL",396,14,0.0353535353535354
"obriepe03",1993,1,"SEA","AL",210,7,0.0333333333333333
"obriesy01",1970,1,"CHA","AL",441,8,0.018140589569161
"obriesy01",1971,1,"CAL","AL",251,5,0.0199203187250996
"ochoaal01",1996,1,"NYN","NL",282,4,0.0141843971631206
"ochoaal01",1997,1,"NYN","NL",238,3,0.0126050420168067
"ochoaal01",1998,1,"MIN","AL",249,2,0.00803212851405623
"ochoaal01",1999,1,"MIL","NL",277,8,0.0288808664259928
"ochoaal01",2000,1,"CIN","NL",244,13,0.0532786885245902
"ochoaal01",2001,1,"CIN","NL",349,7,0.0200573065902579
"ochoaal01",2002,1,"MIL","NL",215,6,0.027906976744186
"odorro01",2014,1,"TEX","AL",386,9,0.0233160621761658
"odorro01",2015,1,"TEX","AL",426,16,0.0375586854460094
"odorro01",2016,1,"TEX","AL",605,33,0.0545454545454545
"odorro01",2017,1,"TEX","AL",607,30,0.0494233937397035
"odorro01",2018,1,"TEX","AL",474,18,0.0379746835443038
"odorro01",2019,1,"TEX","AL",522,30,0.0574712643678161
"odorro01",2021,1,"NYA","AL",322,15,0.046583850931677
"odorro01",2022,1,"BAL","AL",426,13,0.0305164319248826
"oestero01",1980,1,"CIN","NL",303,2,0.0066006600660066
"oestero01",1981,1,"CIN","NL",354,5,0.0141242937853107
"oestero01",1982,1,"CIN","NL",549,9,0.0163934426229508
"oestero01",1983,1,"CIN","NL",549,11,0.0200364298724954
"oestero01",1984,1,"CIN","NL",553,3,0.0054249547920434
"oestero01",1985,1,"CIN","NL",526,1,0.00190114068441065
"oestero01",1986,1,"CIN","NL",523,8,0.0152963671128107
"oestero01",1987,1,"CIN","NL",237,2,0.00843881856540084
"oestero01",1989,1,"CIN","NL",305,1,0.00327868852459016
"offerjo01",1992,1,"LAN","NL",534,1,0.00187265917602996
"offerjo01",1993,1,"LAN","NL",590,1,0.00169491525423729
"offerjo01",1994,1,"LAN","NL",243,1,0.00411522633744856
"offerjo01",1995,1,"LAN","NL",429,4,0.00932400932400932
"offerjo01",1996,1,"KCA","AL",561,5,0.0089126559714795
"offerjo01",1997,1,"KCA","AL",424,2,0.00471698113207547
"offerjo01",1998,1,"KCA","AL",607,7,0.0115321252059308
"offerjo01",1999,1,"BOS","AL",586,8,0.0136518771331058
"offerjo01",2000,1,"BOS","AL",451,9,0.0199556541019956
"offerjo01",2001,1,"BOS","AL",524,9,0.017175572519084
"offerjo01",2002,1,"BOS","AL",237,4,0.0168776371308017
"officro01",1974,1,"ATL","NL",248,3,0.0120967741935484
"officro01",1975,1,"ATL","NL",355,3,0.00845070422535211
"officro01",1976,1,"ATL","NL",359,4,0.011142061281337
"officro01",1977,1,"ATL","NL",428,5,0.0116822429906542
"officro01",1978,1,"ATL","NL",404,9,0.0222772277227723
"officro01",1979,1,"ATL","NL",277,2,0.0072202166064982
"officro01",1980,1,"MON","NL",292,6,0.0205479452054794
"oglivbe01",1972,1,"BOS","AL",253,8,0.0316205533596838
"oglivbe01",1974,1,"DET","AL",252,4,0.0158730158730159
"oglivbe01",1975,1,"DET","AL",332,9,0.0271084337349398
"oglivbe01",1976,1,"DET","AL",305,15,0.0491803278688525
"oglivbe01",1977,1,"DET","AL",450,21,0.0466666666666667
"oglivbe01",1978,1,"ML4","AL",469,18,0.0383795309168443
"oglivbe01",1979,1,"ML4","AL",514,29,0.056420233463035
"oglivbe01",1980,1,"ML4","AL",592,41,0.0692567567567568
"oglivbe01",1981,1,"ML4","AL",400,14,0.035
"oglivbe01",1982,1,"ML4","AL",602,34,0.0564784053156146
"oglivbe01",1983,1,"ML4","AL",411,13,0.0316301703163017
"oglivbe01",1984,1,"ML4","AL",461,12,0.0260303687635575
"oglivbe01",1985,1,"ML4","AL",341,10,0.0293255131964809
"oglivbe01",1986,1,"ML4","AL",346,5,0.0144508670520231
"ohearry01",2019,1,"KCA","AL",328,14,0.0426829268292683
"ohearry01",2021,1,"KCA","AL",236,9,0.038135593220339
"ohearry01",2023,1,"BAL","AL",346,14,0.0404624277456647
"ohearry01",2024,1,"BAL","AL",443,15,0.0338600451467269
"ohearry01",2025,1,"BAL","AL",311,13,0.0418006430868167
"ohopplo01",2024,1,"LAA","AL",479,20,0.0417536534446764
"ohopplo01",2025,1,"LAA","AL",423,19,0.0449172576832151
"ohtansh01",2018,1,"LAA","AL",326,22,0.0674846625766871
"ohtansh01",2019,1,"LAA","AL",384,18,0.046875
"ohtansh01",2021,1,"LAA","AL",537,46,0.0856610800744879
"ohtansh01",2022,1,"LAA","AL",586,34,0.0580204778156997
"ohtansh01",2023,1,"LAA","AL",497,44,0.0885311871227364
"ohtansh01",2024,1,"LAN","NL",636,54,0.0849056603773585
"ohtansh01",2025,1,"LAN","NL",611,55,0.0900163666121113
"ojedaau01",2009,1,"ARI","NL",264,1,0.00378787878787879
"oleartr01",1995,1,"BOS","AL",399,10,0.025062656641604
"oleartr01",1996,1,"BOS","AL",497,15,0.0301810865191147
"oleartr01",1997,1,"BOS","AL",499,15,0.030060120240481
"oleartr01",1998,1,"BOS","AL",611,23,0.0376432078559738
"oleartr01",1999,1,"BOS","AL",596,28,0.0469798657718121
"oleartr01",2000,1,"BOS","AL",513,13,0.0253411306042885
"oleartr01",2001,1,"BOS","AL",341,13,0.0381231671554252
"oleartr01",2002,1,"MON","NL",273,3,0.010989010989011
"olerujo01",1990,1,"TOR","AL",358,14,0.0391061452513966
"olerujo01",1991,1,"TOR","AL",454,17,0.0374449339207048
"olerujo01",1992,1,"TOR","AL",458,16,0.0349344978165939
"olerujo01",1993,1,"TOR","AL",551,24,0.043557168784029
"olerujo01",1994,1,"TOR","AL",384,12,0.03125
"olerujo01",1995,1,"TOR","AL",492,8,0.016260162601626
"olerujo01",1996,1,"TOR","AL",398,18,0.0452261306532663
"olerujo01",1997,1,"NYN","NL",524,22,0.0419847328244275
"olerujo01",1998,1,"NYN","NL",557,22,0.0394973070017953
"olerujo01",1999,1,"NYN","NL",581,19,0.0327022375215146
"olerujo01",2000,1,"SEA","AL",565,14,0.0247787610619469
"olerujo01",2001,1,"SEA","AL",572,21,0.0367132867132867
"olerujo01",2002,1,"SEA","AL",553,22,0.0397830018083183
"olerujo01",2003,1,"SEA","AL",539,10,0.0185528756957328
"olerujo01",2004,1,"SEA","AL",261,5,0.0191570881226054
"olivaed02",2023,1,"KCA","AL",354,12,0.0338983050847458
"olivato01",1970,1,"MIN","AL",628,23,0.036624203821656
"olivato01",1971,1,"MIN","AL",487,22,0.0451745379876797
"olivato01",1973,1,"MIN","AL",571,16,0.0280210157618214
"olivato01",1974,1,"MIN","AL",459,13,0.028322440087146
"olivato01",1975,1,"MIN","AL",455,13,0.0285714285714286
"oliveal01",1970,1,"PIT","NL",551,12,0.0217785843920145
"oliveal01",1971,1,"PIT","NL",529,14,0.0264650283553875
"oliveal01",1972,1,"PIT","NL",565,12,0.0212389380530973
"oliveal01",1973,1,"PIT","NL",654,20,0.0305810397553517
"oliveal01",1974,1,"PIT","NL",617,11,0.0178282009724473
"oliveal01",1975,1,"PIT","NL",628,18,0.0286624203821656
"oliveal01",1976,1,"PIT","NL",443,12,0.0270880361173815
"oliveal01",1977,1,"PIT","NL",568,19,0.0334507042253521
"oliveal01",1978,1,"TEX","AL",525,14,0.0266666666666667
"oliveal01",1979,1,"TEX","AL",492,12,0.024390243902439
"oliveal01",1980,1,"TEX","AL",656,19,0.0289634146341463
"oliveal01",1981,1,"TEX","AL",421,4,0.00950118764845606
"oliveal01",1982,1,"MON","NL",617,22,0.0356564019448947
"oliveal01",1983,1,"MON","NL",614,8,0.0130293159609121
"olivebo01",1970,1,"KCA","AL",612,27,0.0441176470588235
"olivebo01",1971,1,"KCA","AL",373,8,0.0214477211796247
"olivebo01",1972,2,"CAL","AL",509,19,0.037328094302554
"olivebo01",1973,1,"CAL","AL",544,18,0.0330882352941176
"olivebo01",1974,1,"CAL","AL",359,8,0.0222841225626741
"olivejo01",1990,1,"CIN","NL",364,8,0.021978021978022
"olivejo01",1991,1,"CIN","NL",269,11,0.0408921933085502
"olivejo01",1992,1,"CIN","NL",485,10,0.0206185567010309
"olivejo01",1993,1,"CIN","NL",482,14,0.029045643153527
"olivejo01",1995,1,"ML4","AL",337,12,0.0356083086053413
"olivejo01",1996,1,"CIN","NL",289,11,0.0380622837370242
"olivejo01",1997,1,"CIN","NL",349,14,0.0401146131805158
"olivejo01",2000,1,"SEA","AL",200,10,0.05
"olivomi01",2003,1,"CHA","AL",317,6,0.0189274447949527
"olivomi01",2006,1,"FLO","NL",430,16,0.0372093023255814
"olivomi01",2007,1,"FLO","NL",452,16,0.0353982300884956
"olivomi01",2008,1,"KCA","AL",306,12,0.0392156862745098
"olivomi01",2009,1,"KCA","AL",390,23,0.058974358974359
"olivomi01",2010,1,"COL","NL",394,14,0.0355329949238579
"olivomi01",2011,1,"SEA","AL",477,19,0.039832285115304
"olivomi01",2012,1,"SEA","AL",315,12,0.0380952380952381
"olsongr02",1990,1,"ATL","NL",298,7,0.023489932885906
"olsongr02",1991,1,"ATL","NL",411,6,0.0145985401459854
"olsongr02",1992,1,"ATL","NL",302,3,0.00993377483443709
"olsongr02",1993,1,"ATL","NL",262,4,0.0152671755725191
"olsonma02",2018,1,"OAK","AL",580,29,0.05
"olsonma02",2019,1,"OAK","AL",483,36,0.0745341614906832
"olsonma02",2020,1,"OAK","AL",210,14,0.0666666666666667
"olsonma02",2021,1,"OAK","AL",565,39,0.0690265486725664
"olsonma02",2022,1,"ATL","NL",616,34,0.0551948051948052
"olsonma02",2023,1,"ATL","NL",608,54,0.0888157894736842
"olsonma02",2024,1,"ATL","NL",600,29,0.0483333333333333
"olsonma02",2025,1,"ATL","NL",624,29,0.046474358974359
"oltmi01",2014,1,"CHN","NL",225,12,0.0533333333333333
"omallsh01",2016,1,"SEA","AL",210,2,0.00952380952380952
"omallto01",1982,1,"SFN","NL",291,2,0.00687285223367698
"omallto01",1983,1,"SFN","NL",410,5,0.0121951219512195
"oneilpa01",1988,1,"CIN","NL",485,16,0.0329896907216495
"oneilpa01",1989,1,"CIN","NL",428,15,0.0350467289719626
"oneilpa01",1990,1,"CIN","NL",503,16,0.0318091451292246
"oneilpa01",1991,1,"CIN","NL",532,28,0.0526315789473684
"oneilpa01",1992,1,"CIN","NL",496,14,0.0282258064516129
"oneilpa01",1993,1,"NYA","AL",498,20,0.0401606425702811
"oneilpa01",1994,1,"NYA","AL",368,21,0.0570652173913043
"oneilpa01",1995,1,"NYA","AL",460,22,0.0478260869565217
"oneilpa01",1996,1,"NYA","AL",546,19,0.0347985347985348
"oneilpa01",1997,1,"NYA","AL",553,21,0.0379746835443038
"oneilpa01",1998,1,"NYA","AL",602,24,0.0398671096345515
"oneilpa01",1999,1,"NYA","AL",597,19,0.0318257956448911
"oneilpa01",2000,1,"NYA","AL",566,18,0.0318021201413428
"oneilpa01",2001,1,"NYA","AL",510,21,0.0411764705882353
"oneilty01",2021,1,"SLN","NL",482,34,0.0705394190871369
"oneilty01",2022,1,"SLN","NL",334,14,0.0419161676646707
"oneilty01",2023,1,"SLN","NL",238,9,0.0378151260504202
"oneilty01",2024,1,"BOS","AL",411,31,0.0754257907542579
"ontivst01",1974,1,"SFN","NL",343,4,0.0116618075801749
"ontivst01",1975,1,"SFN","NL",325,3,0.00923076923076923
"ontivst01",1977,1,"CHN","NL",546,10,0.0183150183150183
"ontivst01",1978,1,"CHN","NL",276,1,0.0036231884057971
"ontivst01",1979,1,"CHN","NL",519,4,0.00770712909441233
"oquenjo01",1983,1,"NYN","NL",328,1,0.00304878048780488
"oquenjo01",1987,1,"SLN","NL",248,1,0.00403225806451613
"oquenjo01",1988,1,"SLN","NL",451,7,0.0155210643015521
"oquenjo01",1989,1,"SLN","NL",556,1,0.00179856115107914
"oquenjo01",1990,1,"SLN","NL",469,1,0.00213219616204691
"oquenjo01",1991,1,"SLN","NL",366,1,0.00273224043715847
"oquenjo01",1995,1,"SLN","NL",220,2,0.00909090909090909
"ordonma01",1998,1,"CHA","AL",535,14,0.0261682242990654
"ordonma01",1999,1,"CHA","AL",624,30,0.0480769230769231
"ordonma01",2000,1,"CHA","AL",588,32,0.054421768707483
"ordonma01",2001,1,"CHA","AL",593,31,0.0522765598650927
"ordonma01",2002,1,"CHA","AL",590,38,0.064406779661017
"ordonma01",2003,1,"CHA","AL",606,29,0.0478547854785479
"ordonma01",2004,1,"CHA","AL",202,9,0.0445544554455445
"ordonma01",2005,1,"DET","AL",305,8,0.0262295081967213
"ordonma01",2006,1,"DET","AL",593,24,0.0404721753794266
"ordonma01",2007,1,"DET","AL",595,28,0.0470588235294118
"ordonma01",2008,1,"DET","AL",561,21,0.0374331550802139
"ordonma01",2009,1,"DET","AL",465,9,0.0193548387096774
"ordonma01",2010,1,"DET","AL",323,12,0.0371517027863777
"ordonma01",2011,1,"DET","AL",329,5,0.0151975683890577
"ordonre01",1996,1,"NYN","NL",502,1,0.00199203187250996
"ordonre01",1997,1,"NYN","NL",356,1,0.00280898876404494
"ordonre01",1998,1,"NYN","NL",505,1,0.00198019801980198
"ordonre01",1999,1,"NYN","NL",520,1,0.00192307692307692
"ordonre01",2001,1,"NYN","NL",461,3,0.00650759219088937
"ordonre01",2002,1,"NYN","NL",460,1,0.00217391304347826
"orieke01",1997,1,"CHN","NL",364,8,0.021978021978022
"orieke01",1998,1,"CHN","NL",204,2,0.00980392156862745
"orieke01",1999,1,"FLO","NL",240,6,0.025
"orlanpa01",2015,1,"KCA","AL",241,7,0.029045643153527
"orlanpa01",2016,1,"KCA","AL",457,5,0.0109409190371991
"orsuljo01",1986,1,"PIT","NL",401,2,0.00498753117206983
"orsuljo01",1988,1,"BAL","AL",379,8,0.0211081794195251
"orsuljo01",1989,1,"BAL","AL",390,7,0.0179487179487179
"orsuljo01",1990,1,"BAL","AL",413,11,0.026634382566586
"orsuljo01",1991,1,"BAL","AL",486,5,0.0102880658436214
"orsuljo01",1992,1,"BAL","AL",391,4,0.010230179028133
"orsuljo01",1993,1,"NYN","NL",409,8,0.019559902200489
"orsuljo01",1994,1,"NYN","NL",292,8,0.0273972602739726
"orsuljo01",1995,1,"NYN","NL",290,1,0.00344827586206897
"orsuljo01",1996,1,"FLO","NL",217,2,0.00921658986175115
"ortajo01",1973,1,"CHA","AL",425,6,0.0141176470588235
"ortajo01",1974,1,"CHA","AL",525,10,0.019047619047619
"ortajo01",1975,1,"CHA","AL",542,11,0.0202952029520295
"ortajo01",1976,1,"CHA","AL",636,14,0.0220125786163522
"ortajo01",1977,1,"CHA","AL",564,11,0.0195035460992908
"ortajo01",1978,1,"CHA","AL",420,13,0.030952380952381
"ortajo01",1979,1,"CHA","AL",325,11,0.0338461538461539
"ortajo01",1980,1,"CLE","AL",481,10,0.0207900207900208
"ortajo01",1981,1,"CLE","AL",338,5,0.014792899408284
"ortajo01",1983,1,"TOR","AL",245,10,0.0408163265306122
"ortajo01",1984,1,"KCA","AL",403,9,0.0223325062034739
"ortajo01",1985,1,"KCA","AL",300,4,0.0133333333333333
"ortajo01",1986,1,"KCA","AL",336,9,0.0267857142857143
"ortegra01",2021,1,"CHN","NL",296,11,0.0371621621621622
"ortegra01",2022,1,"CHN","NL",316,7,0.0221518987341772
"ortizda01",1998,1,"MIN","AL",278,9,0.0323741007194245
"ortizda01",2000,1,"MIN","AL",415,10,0.0240963855421687
"ortizda01",2001,1,"MIN","AL",303,18,0.0594059405940594
"ortizda01",2002,1,"MIN","AL",412,20,0.0485436893203883
"ortizda01",2003,1,"BOS","AL",448,31,0.0691964285714286
"ortizda01",2004,1,"BOS","AL",582,41,0.070446735395189
"ortizda01",2005,1,"BOS","AL",601,47,0.0782029950083195
"ortizda01",2006,1,"BOS","AL",558,54,0.0967741935483871
"ortizda01",2007,1,"BOS","AL",549,35,0.063752276867031
"ortizda01",2008,1,"BOS","AL",416,23,0.0552884615384615
"ortizda01",2009,1,"BOS","AL",541,28,0.0517560073937153
"ortizda01",2010,1,"BOS","AL",518,32,0.0617760617760618
"ortizda01",2011,1,"BOS","AL",525,29,0.0552380952380952
"ortizda01",2012,1,"BOS","AL",324,23,0.0709876543209876
"ortizda01",2013,1,"BOS","AL",518,30,0.0579150579150579
"ortizda01",2014,1,"BOS","AL",518,35,0.0675675675675676
"ortizda01",2015,1,"BOS","AL",528,37,0.0700757575757576
"ortizda01",2016,1,"BOS","AL",537,38,0.0707635009310987
"ortizjo02",2001,2,"COL","NL",204,13,0.0637254901960784
"ortizjo06",2024,1,"MIL","NL",440,11,0.025
"ortizjo06",2025,1,"MIL","NL",470,7,0.0148936170212766
"ortizju01",1989,1,"PIT","NL",230,1,0.00434782608695652
"osikke01",2003,1,"MIL","NL",241,2,0.00829875518672199
"osunajo01",2017,1,"PIT","NL",215,7,0.0325581395348837
"osunajo01",2019,1,"PIT","NL",261,10,0.0383141762452107
"oterori01",1996,1,"PHI","NL",411,2,0.0048661800486618
"otisam01",1970,1,"KCA","AL",620,11,0.017741935483871
"otisam01",1971,1,"KCA","AL",555,15,0.027027027027027
"otisam01",1972,1,"KCA","AL",540,11,0.0203703703703704
"otisam01",1973,1,"KCA","AL",583,26,0.0445969125214408
"otisam01",1974,1,"KCA","AL",552,12,0.0217391304347826
"otisam01",1975,1,"KCA","AL",470,9,0.0191489361702128
"otisam01",1976,1,"KCA","AL",592,18,0.0304054054054054
"otisam01",1977,1,"KCA","AL",478,17,0.0355648535564854
"otisam01",1978,1,"KCA","AL",486,22,0.0452674897119342
"otisam01",1979,1,"KCA","AL",577,18,0.0311958405545927
"otisam01",1980,1,"KCA","AL",394,10,0.0253807106598985
"otisam01",1981,1,"KCA","AL",372,9,0.0241935483870968
"otisam01",1982,1,"KCA","AL",475,11,0.0231578947368421
"otisam01",1983,1,"KCA","AL",356,4,0.0112359550561798
"otted01",1977,1,"PIT","NL",311,7,0.022508038585209
"otted01",1978,1,"PIT","NL",379,9,0.0237467018469657
"otted01",1979,1,"PIT","NL",403,7,0.0173697270471464
"otted01",1980,1,"PIT","NL",392,8,0.0204081632653061
"otted01",1981,1,"CAL","AL",258,2,0.00775193798449612
"outmaja01",2023,1,"LAN","NL",483,23,0.0476190476190476
"overbly01",2003,1,"ARI","NL",254,4,0.015748031496063
"overbly01",2004,1,"MIL","NL",579,16,0.0276338514680484
"overbly01",2005,1,"MIL","NL",537,19,0.0353817504655493
"overbly01",2006,1,"TOR","AL",581,22,0.0378657487091222
"overbly01",2007,1,"TOR","AL",425,10,0.0235294117647059
"overbly01",2008,1,"TOR","AL",544,15,0.0275735294117647
"overbly01",2009,1,"TOR","AL",423,16,0.0378250591016548
"overbly01",2010,1,"TOR","AL",534,20,0.0374531835205993
"overbly01",2011,1,"PIT","NL",352,8,0.0227272727272727
"overbly01",2013,1,"NYA","AL",445,14,0.0314606741573034
"overbly01",2014,1,"MIL","NL",258,4,0.0155038759689922
"owenser01",1999,1,"SDN","NL",440,9,0.0204545454545455
"owenser01",2000,1,"SDN","NL",583,6,0.0102915951972556
"owenser01",2001,1,"FLO","NL",400,5,0.0125
"owenser01",2002,1,"FLO","NL",385,4,0.0103896103896104
"owenser01",2003,1,"ANA","AL",241,1,0.004149377593361
"owensje01",2007,1,"CHA","AL",356,1,0.00280898876404494
"owensp01",1983,1,"SEA","AL",306,2,0.0065359477124183
"owensp01",1984,1,"SEA","AL",530,3,0.00566037735849057
"owensp01",1985,1,"SEA","AL",352,6,0.0170454545454545
"owensp01",1987,1,"BOS","AL",437,2,0.0045766590389016
"owensp01",1988,1,"BOS","AL",257,5,0.0194552529182879
"owensp01",1989,1,"MON","NL",437,6,0.0137299771167048
"owensp01",1990,1,"MON","NL",453,5,0.011037527593819
"owensp01",1991,1,"MON","NL",424,3,0.00707547169811321
"owensp01",1992,1,"MON","NL",386,7,0.0181347150259067
"owensp01",1993,1,"NYA","AL",334,2,0.00598802395209581
"owensp01",1994,1,"CAL","AL",268,3,0.0111940298507463
"owensp01",1995,1,"CAL","AL",218,1,0.00458715596330275
"owingch01",2014,1,"ARI","NL",310,6,0.0193548387096774
"owingch01",2015,1,"ARI","NL",515,4,0.00776699029126213
"owingch01",2016,1,"ARI","NL",437,5,0.011441647597254
"owingch01",2017,1,"ARI","NL",362,12,0.0331491712707182
"owingch01",2018,1,"ARI","NL",281,4,0.0142348754448399
"ozunama01",2013,1,"MIA","NL",275,3,0.0109090909090909
"ozunama01",2014,1,"MIA","NL",565,23,0.0407079646017699
"ozunama01",2015,1,"MIA","NL",459,10,0.0217864923747277
"ozunama01",2016,1,"MIA","NL",557,23,0.0412926391382406
"ozunama01",2017,1,"MIA","NL",613,37,0.0603588907014682
"ozunama01",2018,1,"SLN","NL",582,23,0.0395189003436426
"ozunama01",2019,1,"SLN","NL",485,29,0.0597938144329897
"ozunama01",2020,1,"ATL","NL",228,18,0.0789473684210526
"ozunama01",2022,1,"ATL","NL",470,23,0.048936170212766
"ozunama01",2023,1,"ATL","NL",530,40,0.0754716981132075
"ozunama01",2024,1,"ATL","NL",606,39,0.0643564356435644
"ozunama01",2025,1,"ATL","NL",487,21,0.0431211498973306
"pachecr01",2022,1,"OAK","AL",241,3,0.012448132780083
"pachejo01",2012,1,"COL","NL",475,5,0.0105263157894737
"pachejo01",2013,1,"COL","NL",247,1,0.00404858299595142
"pacioto01",1976,1,"ATL","NL",324,4,0.0123456790123457
"pacioto01",1978,2,"SEA","AL",251,4,0.0159362549800797
"pacioto01",1979,1,"SEA","AL",310,6,0.0193548387096774
"pacioto01",1980,1,"SEA","AL",418,15,0.0358851674641148
"pacioto01",1981,1,"SEA","AL",405,14,0.0345679012345679
"pacioto01",1982,1,"CHA","AL",382,11,0.0287958115183246
"pacioto01",1983,1,"CHA","AL",420,9,0.0214285714285714
"pacioto01",1984,1,"CHA","AL",363,4,0.0110192837465565
"pacioto01",1986,1,"TEX","AL",213,4,0.0187793427230047
"paganan01",2009,1,"NYN","NL",343,6,0.0174927113702624
"paganan01",2010,1,"NYN","NL",579,11,0.0189982728842832
"paganan01",2011,1,"NYN","NL",478,7,0.0146443514644351
"paganan01",2012,1,"SFN","NL",605,8,0.0132231404958678
"paganan01",2013,1,"SFN","NL",280,5,0.0178571428571429
"paganan01",2014,1,"SFN","NL",383,3,0.00783289817232376
"paganan01",2015,1,"SFN","NL",512,3,0.005859375
"paganan01",2016,1,"SFN","NL",495,12,0.0242424242424242
"paganjo01",1970,1,"PIT","NL",230,7,0.0304347826086957
"pagemi02",1977,1,"OAK","AL",501,21,0.0419161676646707
"pagemi02",1978,1,"OAK","AL",516,17,0.0329457364341085
"pagemi02",1979,1,"OAK","AL",478,9,0.0188284518828452
"pagemi02",1980,1,"OAK","AL",348,17,0.0488505747126437
"pagesan01",2024,1,"LAN","NL",403,13,0.032258064516129
"pagesan01",2025,1,"LAN","NL",581,27,0.0464716006884682
"pagespe01",2024,1,"SLN","NL",202,7,0.0346534653465347
"pagespe01",2025,1,"SLN","NL",361,11,0.0304709141274238
"paglimi01",1984,1,"NYA","AL",201,7,0.0348258706467662
"paglimi01",1985,1,"NYA","AL",380,19,0.05
"paglimi01",1986,1,"NYA","AL",504,28,0.0555555555555556
"paglimi01",1987,1,"NYA","AL",522,32,0.0613026819923372
"paglimi01",1988,1,"NYA","AL",444,15,0.0337837837837838
"paglimi01",1989,1,"NYA","AL",223,4,0.0179372197309417
"paglimi01",1990,1,"SDN","NL",398,7,0.0175879396984925
"paglimi01",1991,1,"MIN","AL",365,6,0.0164383561643836
"paglimi01",1993,1,"MIN","AL",253,3,0.0118577075098814
"paglimi01",1995,1,"TEX","AL",241,4,0.016597510373444
"pagnoto01",1990,1,"SLN","NL",220,2,0.00909090909090909
"pagnoto01",1991,1,"SLN","NL",459,2,0.00435729847494553
"pagnoto01",1992,1,"SLN","NL",485,7,0.0144329896907217
"pagnoto01",1993,1,"SLN","NL",330,7,0.0212121212121212
"pagnoto01",1994,1,"SLN","NL",243,7,0.0288065843621399
"pagnoto01",1995,1,"SLN","NL",219,2,0.0091324200913242
"pagnoto01",1996,1,"SLN","NL",407,13,0.0319410319410319
"palacjo01",2023,1,"PIT","NL",247,10,0.0404858299595142
"palacri01",2024,1,"TBA","AL",264,5,0.0189393939393939
"palkada01",2018,1,"CHA","AL",417,27,0.0647482014388489
"palmede01",1991,1,"TEX","AL",268,15,0.0559701492537314
"palmede01",1992,1,"TEX","AL",541,26,0.0480591497227357
"palmede01",1993,1,"TEX","AL",519,33,0.0635838150289017
"palmede01",1994,1,"TEX","AL",342,19,0.0555555555555556
"palmede01",1996,1,"TEX","AL",582,38,0.0652920962199313
"palmede01",1997,1,"TEX","AL",355,14,0.0394366197183099
"palmede01",1998,1,"KCA","AL",572,34,0.0594405594405594
"palmede01",1999,1,"DET","AL",560,38,0.0678571428571428
"palmede01",2000,1,"DET","AL",524,29,0.0553435114503817
"palmede01",2001,1,"DET","AL",216,11,0.0509259259259259
"palmeor01",1999,1,"ANA","AL",317,1,0.00315457413249211
"palmeor01",2001,1,"ANA","AL",230,2,0.00869565217391304
"palmeor01",2003,1,"SLN","NL",317,3,0.00946372239747634
"palmeor01",2005,1,"HOU","NL",204,3,0.0147058823529412
"palmera01",1987,1,"CHN","NL",221,14,0.0633484162895928
"palmera01",1988,1,"CHN","NL",580,8,0.0137931034482759
"palmera01",1989,1,"TEX","AL",559,8,0.0143112701252236
"palmera01",1990,1,"TEX","AL",598,14,0.0234113712374582
"palmera01",1991,1,"TEX","AL",631,26,0.0412044374009509
"palmera01",1992,1,"TEX","AL",608,22,0.0361842105263158
"palmera01",1993,1,"TEX","AL",597,37,0.0619765494137353
"palmera01",1994,1,"BAL","AL",436,23,0.0527522935779817
"palmera01",1995,1,"BAL","AL",554,39,0.0703971119133574
"palmera01",1996,1,"BAL","AL",626,39,0.0623003194888179
"palmera01",1997,1,"BAL","AL",614,38,0.0618892508143323
"palmera01",1998,1,"BAL","AL",619,43,0.0694668820678514
"palmera01",1999,1,"TEX","AL",565,47,0.0831858407079646
"palmera01",2000,1,"TEX","AL",565,39,0.0690265486725664
"palmera01",2001,1,"TEX","AL",600,47,0.0783333333333333
"palmera01",2002,1,"TEX","AL",546,43,0.0787545787545788
"palmera01",2003,1,"TEX","AL",561,38,0.0677361853832442
"palmera01",2004,1,"BAL","AL",550,23,0.0418181818181818
"palmera01",2005,1,"BAL","AL",369,18,0.048780487804878
"panikjo01",2014,1,"SFN","NL",269,1,0.00371747211895911
"panikjo01",2015,1,"SFN","NL",382,8,0.0209424083769634
"panikjo01",2016,1,"SFN","NL",464,10,0.021551724137931
"panikjo01",2017,1,"SFN","NL",511,10,0.0195694716242661
"panikjo01",2018,1,"SFN","NL",358,4,0.0111731843575419
"panikjo01",2019,1,"SFN","NL",344,3,0.00872093023255814
"pappaer01",1993,1,"SLN","NL",228,1,0.0043859649122807
"paquecr01",1993,1,"OAK","AL",393,12,0.0305343511450382
"paquecr01",1995,1,"OAK","AL",283,13,0.0459363957597173
"paquecr01",1996,1,"KCA","AL",429,22,0.0512820512820513
"paquecr01",1997,1,"KCA","AL",252,8,0.0317460317460317
"paquecr01",2000,1,"SLN","NL",384,15,0.0390625
"paquecr01",2001,1,"SLN","NL",340,15,0.0441176470588235
"paquecr01",2002,1,"DET","AL",252,4,0.0158730158730159
"paredis01",2022,1,"TBA","AL",331,20,0.0604229607250755
"paredis01",2023,1,"TBA","AL",492,31,0.0630081300813008
"paredis01",2024,1,"TBA","AL",363,16,0.0440771349862259
"paredis01",2025,1,"HOU","AL",378,20,0.0529100529100529
"paredji01",2015,1,"BAL","AL",363,10,0.0275482093663912
"parenma01",1995,1,"PIT","NL",233,15,0.0643776824034335
"parkby01",2016,1,"MIN","AL",215,12,0.0558139534883721
"parkeda01",1974,1,"PIT","NL",220,4,0.0181818181818182
"parkeda01",1975,1,"PIT","NL",558,25,0.0448028673835125
"parkeda01",1976,1,"PIT","NL",537,13,0.0242085661080074
"parkeda01",1977,1,"PIT","NL",637,21,0.032967032967033
"parkeda01",1978,1,"PIT","NL",581,30,0.0516351118760757
"parkeda01",1979,1,"PIT","NL",622,25,0.0401929260450161
"parkeda01",1980,1,"PIT","NL",518,17,0.0328185328185328
"parkeda01",1981,1,"PIT","NL",240,9,0.0375
"parkeda01",1982,1,"PIT","NL",244,6,0.0245901639344262
"parkeda01",1983,1,"PIT","NL",552,12,0.0217391304347826
"parkeda01",1984,1,"CIN","NL",607,16,0.0263591433278418
"parkeda01",1985,1,"CIN","NL",635,34,0.0535433070866142
"parkeda01",1986,1,"CIN","NL",637,31,0.0486656200941915
"parkeda01",1987,1,"CIN","NL",589,26,0.0441426146010187
"parkeda01",1988,1,"OAK","AL",377,12,0.0318302387267904
"parkeda01",1989,1,"OAK","AL",553,22,0.0397830018083183
"parkeda01",1990,1,"ML4","AL",610,21,0.0344262295081967
"parkeda01",1991,1,"CAL","AL",466,11,0.0236051502145923
"parkewe01",1970,1,"LAN","NL",614,10,0.0162866449511401
"parkewe01",1971,1,"LAN","NL",533,6,0.0112570356472795
"parkewe01",1972,1,"LAN","NL",427,4,0.00936768149882904
"parmech01",2013,1,"MIN","AL",294,8,0.0272108843537415
"parmech01",2014,1,"MIN","AL",250,7,0.028
"parrage01",2009,1,"ARI","NL",455,5,0.010989010989011
"parrage01",2010,1,"ARI","NL",364,3,0.00824175824175824
"parrage01",2011,1,"ARI","NL",445,8,0.0179775280898876
"parrage01",2012,1,"ARI","NL",385,7,0.0181818181818182
"parrage01",2013,1,"ARI","NL",601,10,0.0166389351081531
"parrage01",2014,1,"ARI","NL",406,6,0.0147783251231527
"parrage01",2015,1,"MIL","NL",323,9,0.0278637770897833
"parrage01",2015,2,"BAL","AL",224,5,0.0223214285714286
"parrage01",2016,1,"COL","NL",368,7,0.0190217391304348
"parrage01",2017,1,"COL","NL",392,10,0.0255102040816327
"parrage01",2018,1,"COL","NL",401,6,0.0149625935162095
"parrila01",1975,1,"MON","NL",532,10,0.018796992481203
"parrila01",1976,1,"MON","NL",543,11,0.0202578268876611
"parrila01",1977,1,"MON","NL",402,11,0.027363184079602
"parrila01",1978,1,"MON","NL",520,15,0.0288461538461539
"parrila01",1979,1,"MON","NL",544,30,0.0551470588235294
"parrila01",1980,1,"MON","NL",452,15,0.0331858407079646
"parrila01",1981,1,"MON","NL",349,8,0.0229226361031519
"parrila01",1982,1,"TEX","AL",440,17,0.0386363636363636
"parrila01",1983,1,"TEX","AL",555,26,0.0468468468468468
"parrila01",1984,1,"TEX","AL",613,22,0.0358890701468189
"parrila01",1985,1,"TEX","AL",346,17,0.0491329479768786
"parrila01",1986,1,"TEX","AL",464,28,0.0603448275862069
"parrila01",1987,1,"TEX","AL",557,32,0.0574506283662478
"parrila01",1988,1,"TEX","AL",248,7,0.0282258064516129
"parrila02",1978,1,"DET","AL",288,14,0.0486111111111111
"parrila02",1979,1,"DET","AL",493,19,0.0385395537525355
"parrila02",1980,1,"DET","AL",553,24,0.0433996383363472
"parrila02",1981,1,"DET","AL",348,10,0.028735632183908
"parrila02",1982,1,"DET","AL",486,32,0.065843621399177
"parrila02",1983,1,"DET","AL",605,27,0.0446280991735537
"parrila02",1984,1,"DET","AL",578,33,0.0570934256055363
"parrila02",1985,1,"DET","AL",549,28,0.0510018214936248
"parrila02",1986,1,"DET","AL",327,22,0.0672782874617737
"parrila02",1987,1,"PHI","NL",466,17,0.036480686695279
"parrila02",1988,1,"PHI","NL",424,15,0.035377358490566
"parrila02",1989,1,"CAL","AL",433,17,0.0392609699769053
"parrila02",1990,1,"CAL","AL",470,24,0.051063829787234
"parrila02",1991,1,"CAL","AL",402,19,0.0472636815920398
"pasquda01",1986,1,"NYA","AL",280,16,0.0571428571428571
"pasquda01",1987,1,"NYA","AL",318,17,0.0534591194968553
"pasquda01",1988,1,"CHA","AL",422,20,0.04739336492891
"pasquda01",1989,1,"CHA","AL",246,11,0.0447154471544715
"pasquda01",1990,1,"CHA","AL",325,13,0.04
"pasquda01",1991,1,"CHA","AL",417,18,0.0431654676258993
"pasquda01",1992,1,"CHA","AL",265,6,0.0226415094339623
"pasquvi01",2022,1,"KCA","AL",258,10,0.0387596899224806
"pasquvi01",2023,1,"KCA","AL",231,9,0.038961038961039
"pasquvi01",2024,1,"KCA","AL",496,19,0.0383064516129032
"pasquvi01",2025,1,"KCA","AL",621,32,0.0515297906602254
"patekfr01",1970,1,"PIT","NL",237,1,0.00421940928270042
"patekfr01",1971,1,"KCA","AL",591,6,0.0101522842639594
"patekfr01",1973,1,"KCA","AL",501,5,0.00998003992015968
"patekfr01",1974,1,"KCA","AL",537,3,0.00558659217877095
"patekfr01",1975,1,"KCA","AL",483,5,0.010351966873706
"patekfr01",1976,1,"KCA","AL",432,1,0.00231481481481481
"patekfr01",1977,1,"KCA","AL",497,5,0.0100603621730382
"patekfr01",1978,1,"KCA","AL",440,2,0.00454545454545455
"patekfr01",1979,1,"KCA","AL",306,1,0.00326797385620915
"patekfr01",1980,1,"CAL","AL",273,5,0.0183150183150183
"patteco01",2002,1,"CHN","NL",592,14,0.0236486486486486
"patteco01",2003,1,"CHN","NL",329,13,0.0395136778115502
"patteco01",2004,1,"CHN","NL",631,24,0.0380348652931854
"patteco01",2005,1,"CHN","NL",451,13,0.0288248337028825
"patteco01",2006,1,"BAL","AL",463,16,0.0345572354211663
"patteco01",2007,1,"BAL","AL",461,8,0.017353579175705
"patteco01",2008,1,"CIN","NL",366,10,0.0273224043715847
"patteco01",2010,1,"BAL","AL",308,8,0.025974025974026
"patteco01",2011,1,"TOR","AL",317,6,0.0189274447949527
"pattejo01",1994,1,"SFN","NL",240,3,0.0125
"pattejo01",1995,1,"SFN","NL",205,1,0.0048780487804878
"pauliro01",2006,1,"PIT","NL",442,6,0.0135746606334842
"pauliro01",2007,1,"PIT","NL",457,11,0.0240700218818381
"pauliro01",2009,1,"FLO","NL",239,8,0.0334728033472803
"pauliro01",2010,1,"FLO","NL",316,4,0.0126582278481013
"pauliro01",2011,1,"NYN","NL",228,2,0.0087719298245614
"paulsbe01",2015,1,"COL","NL",325,11,0.0338461538461539
"paulxa01",2011,2,"PIT","NL",232,2,0.00862068965517241
"paulxa01",2013,1,"CIN","NL",209,7,0.0334928229665072
"paytoja01",2000,1,"NYN","NL",488,17,0.0348360655737705
"paytoja01",2001,1,"NYN","NL",361,8,0.0221606648199446
"paytoja01",2002,1,"NYN","NL",275,8,0.0290909090909091
"paytoja01",2003,1,"COL","NL",600,28,0.0466666666666667
"paytoja01",2004,1,"SDN","NL",458,8,0.0174672489082969
"paytoja01",2005,2,"OAK","AL",275,13,0.0472727272727273
"paytoja01",2006,1,"OAK","AL",557,10,0.0179533213644524
"paytoja01",2007,1,"BAL","AL",434,7,0.0161290322580645
"paytoja01",2008,1,"BAL","AL",338,7,0.0207100591715976
"pearcst01",2014,1,"BAL","AL",338,21,0.0621301775147929
"pearcst01",2015,1,"BAL","AL",294,15,0.0510204081632653
"pearcst01",2016,1,"TBA","AL",204,10,0.0490196078431372
"pearcst01",2017,1,"TOR","AL",313,13,0.0415335463258786
"pecotbi01",1990,1,"KCA","AL",240,5,0.0208333333333333
"pecotbi01",1991,1,"KCA","AL",398,6,0.0150753768844221
"pecotbi01",1992,1,"NYN","NL",269,2,0.00743494423791821
"pederjo01",2015,1,"LAN","NL",480,26,0.0541666666666667
"pederjo01",2016,1,"LAN","NL",406,25,0.061576354679803
"pederjo01",2017,1,"LAN","NL",273,11,0.0402930402930403
"pederjo01",2018,1,"LAN","NL",395,25,0.0632911392405063
"pederjo01",2019,1,"LAN","NL",450,36,0.08
"pederjo01",2021,1,"CHN","NL",256,11,0.04296875
"pederjo01",2022,1,"SFN","NL",380,23,0.0605263157894737
"pederjo01",2023,1,"SFN","NL",358,15,0.0418994413407821
"pederjo01",2024,1,"ARI","NL",367,23,0.0626702997275204
"pederjo01",2025,1,"TEX","AL",265,9,0.0339622641509434
"pedrial01",1987,2,"PIT","NL",246,1,0.0040650406504065
"pedrodu01",2007,1,"BOS","AL",520,8,0.0153846153846154
"pedrodu01",2008,1,"BOS","AL",653,17,0.0260336906584992
"pedrodu01",2009,1,"BOS","AL",626,15,0.023961661341853
"pedrodu01",2010,1,"BOS","AL",302,12,0.0397350993377483
"pedrodu01",2011,1,"BOS","AL",635,21,0.0330708661417323
"pedrodu01",2012,1,"BOS","AL",563,15,0.0266429840142096
"pedrodu01",2013,1,"BOS","AL",641,9,0.0140405616224649
"pedrodu01",2014,1,"BOS","AL",551,7,0.0127041742286751
"pedrodu01",2015,1,"BOS","AL",381,12,0.031496062992126
"pedrodu01",2016,1,"BOS","AL",633,15,0.023696682464455
"pedrodu01",2017,1,"BOS","AL",406,7,0.0172413793103448
"penabr01",2011,1,"KCA","AL",222,3,0.0135135135135135
"penabr01",2012,1,"KCA","AL",212,2,0.00943396226415094
"penabr01",2013,1,"DET","AL",229,4,0.0174672489082969
"penabr01",2014,1,"CIN","NL",348,5,0.014367816091954
"penaca01",2002,2,"DET","AL",273,12,0.043956043956044
"penaca01",2003,1,"DET","AL",452,18,0.0398230088495575
"penaca01",2004,1,"DET","AL",481,27,0.0561330561330561
"penaca01",2005,1,"DET","AL",260,18,0.0692307692307692
"penaca01",2007,1,"TBA","AL",490,46,0.0938775510204082
"penaca01",2008,1,"TBA","AL",490,31,0.063265306122449
"penaca01",2009,1,"TBA","AL",471,39,0.0828025477707006
"penaca01",2010,1,"TBA","AL",484,28,0.0578512396694215
"penaca01",2011,1,"CHN","NL",493,28,0.0567951318458418
"penaca01",2012,1,"TBA","AL",497,19,0.0382293762575453
"penaca01",2013,1,"HOU","AL",277,8,0.0288808664259928
"penage01",1992,1,"SLN","NL",203,7,0.0344827586206897
"penage01",1993,1,"SLN","NL",254,5,0.0196850393700787
"penage01",1994,1,"SLN","NL",213,11,0.0516431924882629
"penaje02",2022,1,"HOU","AL",521,22,0.0422264875239923
"penaje02",2023,1,"HOU","AL",577,10,0.0173310225303293
"penaje02",2024,1,"HOU","AL",602,15,0.0249169435215947
"penaje02",2025,1,"HOU","AL",493,17,0.0344827586206897
"penaro01",1970,2,"ML4","AL",416,3,0.00721153846153846
"penaro01",1971,1,"ML4","AL",274,3,0.0109489051094891
"penato01",1981,1,"PIT","NL",210,2,0.00952380952380952
"penato01",1982,1,"PIT","NL",497,11,0.0221327967806841
"penato01",1983,1,"PIT","NL",542,15,0.0276752767527675
"penato01",1984,1,"PIT","NL",546,15,0.0274725274725275
"penato01",1985,1,"PIT","NL",546,10,0.0183150183150183
"penato01",1986,1,"PIT","NL",510,10,0.0196078431372549
"penato01",1987,1,"SLN","NL",384,5,0.0130208333333333
"penato01",1988,1,"SLN","NL",505,10,0.0198019801980198
"penato01",1989,1,"SLN","NL",424,4,0.00943396226415094
"penato01",1990,1,"BOS","AL",491,7,0.0142566191446029
"penato01",1991,1,"BOS","AL",464,5,0.0107758620689655
"penato01",1992,1,"BOS","AL",410,1,0.0024390243902439
"penato01",1993,1,"BOS","AL",304,4,0.0131578947368421
"penato01",1995,1,"CLE","AL",263,5,0.0190114068441065
"penato02",2007,1,"KCA","AL",509,2,0.00392927308447937
"penato02",2008,1,"KCA","AL",225,1,0.00444444444444444
"penawi01",2004,1,"CIN","NL",336,26,0.0773809523809524
"penawi01",2005,1,"CIN","NL",311,19,0.0610932475884244
"penawi01",2006,1,"BOS","AL",276,11,0.0398550724637681
"pencehu01",2007,1,"HOU","NL",456,17,0.037280701754386
"pencehu01",2008,1,"HOU","NL",595,25,0.0420168067226891
"pencehu01",2009,1,"HOU","NL",585,25,0.0427350427350427
"pencehu01",2010,1,"HOU","NL",614,25,0.0407166123778502
"pencehu01",2011,1,"HOU","NL",399,11,0.0275689223057644
"pencehu01",2011,2,"PHI","NL",207,11,0.0531400966183575
"pencehu01",2012,1,"PHI","NL",398,17,0.042713567839196
"pencehu01",2012,2,"SFN","NL",219,7,0.0319634703196347
"pencehu01",2013,1,"SFN","NL",629,27,0.0429252782193959
"pencehu01",2014,1,"SFN","NL",650,20,0.0307692307692308
"pencehu01",2015,1,"SFN","NL",207,9,0.0434782608695652
"pencehu01",2016,1,"SFN","NL",395,13,0.0329113924050633
"pencehu01",2017,1,"SFN","NL",493,13,0.026369168356998
"pencehu01",2018,1,"SFN","NL",235,4,0.0170212765957447
"pencehu01",2019,1,"TEX","AL",286,18,0.0629370629370629
"pendlte01",1984,1,"SLN","NL",262,1,0.00381679389312977
"pendlte01",1985,1,"SLN","NL",559,5,0.00894454382826476
"pendlte01",1986,1,"SLN","NL",578,1,0.00173010380622837
"pendlte01",1987,1,"SLN","NL",583,12,0.0205831903945111
"pendlte01",1988,1,"SLN","NL",391,6,0.0153452685421995
"pendlte01",1989,1,"SLN","NL",613,13,0.0212071778140294
"pendlte01",1990,1,"SLN","NL",447,6,0.0134228187919463
"pendlte01",1991,1,"ATL","NL",586,22,0.037542662116041
"pendlte01",1992,1,"ATL","NL",640,21,0.0328125
"pendlte01",1993,1,"ATL","NL",633,17,0.0268562401263823
"pendlte01",1994,1,"ATL","NL",309,7,0.0226537216828479
"pendlte01",1995,1,"FLO","NL",513,14,0.0272904483430799
"pendlte01",1996,1,"FLO","NL",406,7,0.0172413793103448
"pendlte01",1998,1,"KCA","AL",237,3,0.0126582278481013
"pennicl01",2009,1,"OAK","AL",208,4,0.0192307692307692
"pennicl01",2010,1,"OAK","AL",508,6,0.0118110236220472
"pennicl01",2011,1,"OAK","AL",515,8,0.0155339805825243
"pennicl01",2012,1,"OAK","AL",418,6,0.0143540669856459
"pennicl01",2013,1,"ARI","NL",269,1,0.00371747211895911
"pepitjo01",1970,1,"HOU","NL",279,14,0.050179211469534
"pepitjo01",1970,2,"CHN","NL",213,12,0.0563380281690141
"pepitjo01",1971,1,"CHN","NL",427,16,0.0374707259953162
"pepitjo01",1972,1,"CHN","NL",214,8,0.0373831775700935
"peralda01",2014,1,"ARI","NL",329,8,0.0243161094224924
"peralda01",2015,1,"ARI","NL",462,17,0.0367965367965368
"peralda01",2017,1,"ARI","NL",525,14,0.0266666666666667
"peralda01",2018,1,"ARI","NL",560,30,0.0535714285714286
"peralda01",2019,1,"ARI","NL",382,12,0.031413612565445
"peralda01",2020,1,"ARI","NL",203,5,0.0246305418719212
"peralda01",2021,1,"ARI","NL",487,8,0.0164271047227926
"peralda01",2022,1,"ARI","NL",278,12,0.0431654676258993
"peralda01",2023,1,"LAN","NL",394,7,0.0177664974619289
"peralda01",2024,1,"SDN","NL",236,8,0.0338983050847458
"peraljh01",2003,1,"CLE","AL",242,4,0.0165289256198347
"peraljh01",2005,1,"CLE","AL",504,24,0.0476190476190476
"peraljh01",2006,1,"CLE","AL",569,13,0.0228471001757469
"peraljh01",2007,1,"CLE","AL",574,21,0.0365853658536585
"peraljh01",2008,1,"CLE","AL",605,23,0.0380165289256198
"peraljh01",2009,1,"CLE","AL",582,11,0.0189003436426117
"peraljh01",2010,1,"CLE","AL",334,7,0.0209580838323353
"peraljh01",2010,2,"DET","AL",217,8,0.0368663594470046
"peraljh01",2011,1,"DET","AL",525,21,0.04
"peraljh01",2012,1,"DET","AL",531,13,0.0244821092278719
"peraljh01",2013,1,"DET","AL",409,11,0.0268948655256724
"peraljh01",2014,1,"SLN","NL",560,21,0.0375
"peraljh01",2015,1,"SLN","NL",579,17,0.0293609671848014
"peraljh01",2016,1,"SLN","NL",289,8,0.027681660899654
"perazjo01",2016,1,"CIN","NL",241,3,0.012448132780083
"perazjo01",2017,1,"CIN","NL",487,5,0.0102669404517454
"perazjo01",2018,1,"CIN","NL",632,14,0.0221518987341772
"perazjo01",2019,1,"CIN","NL",376,6,0.0159574468085106
"percoja01",1985,1,"SEA","AL",485,2,0.00412371134020619
"perdoge01",2022,1,"ARI","NL",431,5,0.0116009280742459
"perdoge01",2023,1,"ARI","NL",407,6,0.0147420147420147
"perdoge01",2024,1,"ARI","NL",337,3,0.00890207715133531
"perdoge01",2025,1,"ARI","NL",597,20,0.033500837520938
"perezan01",2005,1,"LAN","NL",259,3,0.0115830115830116
"perezca02",2015,1,"LAA","AL",260,4,0.0153846153846154
"perezca02",2016,1,"LAA","AL",268,5,0.0186567164179104
"perezed01",1997,1,"CIN","NL",297,16,0.0538720538720539
"perezed01",2003,1,"SLN","NL",253,11,0.0434782608695652
"perezed02",1999,1,"ATL","NL",309,7,0.0226537216828479
"perezed02",2003,1,"MIL","NL",350,11,0.0314285714285714
"perezhe01",2015,2,"MIL","NL",230,1,0.00434782608695652
"perezhe01",2016,1,"MIL","NL",404,13,0.0321782178217822
"perezhe01",2017,1,"MIL","NL",432,14,0.0324074074074074
"perezhe01",2018,1,"MIL","NL",316,9,0.0284810126582278
"perezhe01",2019,1,"MIL","NL",232,8,0.0344827586206897
"perezma01",1971,1,"ATL","NL",410,4,0.00975609756097561
"perezma01",1972,1,"ATL","NL",479,1,0.00208768267223382
"perezma01",1973,1,"ATL","NL",501,8,0.0159680638722555
"perezma01",1974,1,"ATL","NL",447,2,0.00447427293064877
"perezma01",1975,1,"ATL","NL",461,2,0.00433839479392625
"perezma01",1976,2,"SFN","NL",332,2,0.00602409638554217
"perezma01",1977,2,"OAK","AL",373,2,0.00536193029490617
"perezmi03",2021,1,"PIT","NL",210,7,0.0333333333333333
"perezne01",1997,1,"COL","NL",313,5,0.0159744408945687
"perezne01",1998,1,"COL","NL",647,9,0.0139103554868624
"perezne01",1999,1,"COL","NL",690,12,0.0173913043478261
"perezne01",2000,1,"COL","NL",651,10,0.0153609831029186
"perezne01",2001,1,"COL","NL",382,7,0.0183246073298429
"perezne01",2002,1,"KCA","AL",554,3,0.00541516245487365
"perezne01",2003,1,"SFN","NL",328,1,0.00304878048780488
"perezne01",2004,1,"SFN","NL",319,2,0.00626959247648903
"perezne01",2005,1,"CHN","NL",572,9,0.0157342657342657
"perezne01",2006,1,"CHN","NL",236,2,0.00847457627118644
"perezro01",1996,1,"TOR","AL",202,2,0.0099009900990099
"perezro02",2017,1,"CLE","AL",217,8,0.0368663594470046
"perezro02",2019,1,"CLE","AL",389,24,0.0616966580976864
"perezsa02",2012,1,"KCA","AL",289,11,0.0380622837370242
"perezsa02",2013,1,"KCA","AL",496,13,0.0262096774193548
"perezsa02",2014,1,"KCA","AL",578,17,0.0294117647058824
"perezsa02",2015,1,"KCA","AL",531,21,0.0395480225988701
"perezsa02",2016,1,"KCA","AL",514,22,0.0428015564202335
"perezsa02",2017,1,"KCA","AL",471,27,0.0573248407643312
"perezsa02",2018,1,"KCA","AL",510,27,0.0529411764705882
"perezsa02",2021,1,"KCA","AL",620,48,0.0774193548387097
"perezsa02",2022,1,"KCA","AL",445,23,0.051685393258427
"perezsa02",2023,1,"KCA","AL",538,23,0.0427509293680297
"perezsa02",2024,1,"KCA","AL",590,27,0.0457627118644068
"perezsa02",2025,1,"KCA","AL",597,30,0.050251256281407
"perezti01",2001,1,"NYN","NL",239,5,0.0209205020920502
"perezti01",2002,1,"NYN","NL",444,8,0.018018018018018
"perezti01",2003,1,"NYN","NL",346,4,0.0115606936416185
"perezti01",2004,1,"CHA","AL",293,5,0.0170648464163823
"perezto01",1970,1,"CIN","NL",587,40,0.0681431005110733
"perezto01",1971,1,"CIN","NL",609,25,0.0410509031198686
"perezto01",1972,1,"CIN","NL",515,21,0.0407766990291262
"perezto01",1973,1,"CIN","NL",564,27,0.0478723404255319
"perezto01",1974,1,"CIN","NL",596,28,0.0469798657718121
"perezto01",1975,1,"CIN","NL",511,20,0.0391389432485323
"perezto01",1976,1,"CIN","NL",527,19,0.0360531309297913
"perezto01",1977,1,"MON","NL",559,19,0.0339892665474061
"perezto01",1978,1,"MON","NL",544,14,0.0257352941176471
"perezto01",1979,1,"MON","NL",489,13,0.0265848670756646
"perezto01",1980,1,"BOS","AL",585,25,0.0427350427350427
"perezto01",1981,1,"BOS","AL",306,9,0.0294117647058824
"perezto01",1983,1,"PHI","NL",253,6,0.0237154150197628
"perezto01",1986,1,"CIN","NL",200,2,0.01
"perezto03",1996,1,"TOR","AL",295,1,0.00338983050847458
"perezto03",2002,1,"PHI","NL",212,5,0.0235849056603774
"perezto03",2003,1,"PHI","NL",298,5,0.0167785234899329
"perezto03",2006,1,"TBA","AL",241,2,0.00829875518672199
"perezwe01",2024,1,"DET","AL",389,9,0.0231362467866324
"perezwe01",2025,1,"DET","AL",344,13,0.0377906976744186
"perkibl01",2024,1,"MIL","NL",383,6,0.0156657963446475
"perkibr01",1978,1,"SDN","NL",217,2,0.00921658986175115
"perkibr01",1981,1,"SDN","NL",254,2,0.0078740157480315
"perkibr01",1982,1,"SDN","NL",347,2,0.00576368876080692
"perryge01",1984,1,"ATL","NL",347,7,0.0201729106628242
"perryge01",1985,1,"ATL","NL",238,3,0.0126050420168067
"perryge01",1987,1,"ATL","NL",533,12,0.0225140712945591
"perryge01",1988,1,"ATL","NL",547,8,0.0146252285191956
"perryge01",1989,1,"ATL","NL",266,4,0.0150375939849624
"perryge01",1990,1,"KCA","AL",465,8,0.0172043010752688
"perryge01",1991,1,"SLN","NL",242,6,0.0247933884297521
"perryhe01",1999,1,"TBA","AL",209,6,0.0287081339712919
"perryhe01",2000,2,"CHA","AL",383,12,0.031331592689295
"perryhe01",2001,1,"CHA","AL",285,7,0.0245614035087719
"perryhe01",2002,1,"TEX","AL",450,22,0.0488888888888889
"peterbr01",2011,1,"FLO","NL",204,2,0.00980392156862745
"peterja01",2015,1,"ATL","NL",528,6,0.0113636363636364
"peterja01",2016,1,"ATL","NL",350,7,0.02
"peterja01",2018,2,"BAL","AL",200,3,0.015
"peterja01",2021,1,"MIL","NL",259,6,0.0231660231660232
"peterja01",2022,1,"MIL","NL",288,8,0.0277777777777778
"peterja01",2023,1,"OAK","AL",281,6,0.0213523131672598
"peterri01",1980,1,"DET","AL",477,2,0.00419287211740042
"petersh01",2015,1,"MIL","NL",201,2,0.0099502487562189
"petitgr01",2016,1,"LAA","AL",204,2,0.00980392156862745
"petrage01",1987,1,"TEX","AL",202,7,0.0346534653465347
"petrage01",1988,1,"TEX","AL",351,7,0.0199430199430199
"petribe01",2001,1,"COL","NL",244,11,0.0450819672131148
"petrori01",1970,1,"BOS","AL",583,29,0.0497427101200686
"petrori01",1971,1,"BOS","AL",553,28,0.0506329113924051
"petrori01",1972,1,"BOS","AL",521,15,0.0287907869481766
"petrori01",1973,1,"BOS","AL",356,13,0.0365168539325843
"petrori01",1974,1,"BOS","AL",454,15,0.0330396475770925
"petrori01",1975,1,"BOS","AL",402,7,0.0174129353233831
"petrori01",1976,1,"BOS","AL",240,3,0.0125
"pettiga01",1984,1,"CAL","AL",397,2,0.00503778337531486
"pettiga01",1985,1,"CAL","AL",443,1,0.00225733634311512
"pettiga01",1986,1,"CAL","AL",539,5,0.00927643784786642
"pettiga01",1987,1,"CAL","AL",394,1,0.00253807106598985
"pettiga01",1988,1,"DET","AL",458,3,0.00655021834061135
"pettiga01",1989,1,"DET","AL",444,1,0.00225225225225225
"pettiga01",1990,1,"TEX","AL",423,3,0.00709219858156028
"phamth01",2017,1,"SLN","NL",444,23,0.0518018018018018
"phamth01",2018,1,"SLN","NL",351,14,0.0398860398860399
"phamth01",2019,1,"TBA","AL",567,21,0.037037037037037
"phamth01",2021,1,"SDN","NL",475,15,0.0315789473684211
"phamth01",2022,1,"CIN","NL",340,11,0.0323529411764706
"phamth01",2022,2,"BOS","AL",214,6,0.0280373831775701
"phamth01",2023,1,"NYN","NL",231,10,0.0432900432900433
"phamth01",2024,1,"CHA","AL",271,5,0.018450184501845
"phamth01",2025,1,"PIT","NL",392,10,0.0255102040816327
"phegljo01",2013,1,"CHA","AL",204,4,0.0196078431372549
"phegljo01",2015,1,"OAK","AL",225,9,0.04
"phegljo01",2019,1,"OAK","AL",314,12,0.0382165605095541
"phelpjo01",2002,1,"TOR","AL",265,15,0.0566037735849057
"phelpjo01",2003,1,"TOR","AL",396,20,0.0505050505050505
"phelpjo01",2004,1,"TOR","AL",295,12,0.0406779661016949
"phelpke01",1984,1,"SEA","AL",290,24,0.0827586206896552
"phelpke01",1986,1,"SEA","AL",344,24,0.0697674418604651
"phelpke01",1987,1,"SEA","AL",332,27,0.0813253012048193
"phillad01",1970,1,"MON","NL",214,6,0.0280373831775701
"phillan01",2006,1,"NYA","AL",246,7,0.0284552845528455
"phillbr01",2003,1,"CLE","AL",370,6,0.0162162162162162
"phillbr01",2006,1,"CIN","NL",536,17,0.0317164179104478
"phillbr01",2007,1,"CIN","NL",650,30,0.0461538461538462
"phillbr01",2008,1,"CIN","NL",559,21,0.037567084078712
"phillbr01",2009,1,"CIN","NL",584,20,0.0342465753424658
"phillbr01",2010,1,"CIN","NL",626,18,0.0287539936102236
"phillbr01",2011,1,"CIN","NL",610,18,0.0295081967213115
"phillbr01",2012,1,"CIN","NL",580,18,0.0310344827586207
"phillbr01",2013,1,"CIN","NL",606,18,0.0297029702970297
"phillbr01",2014,1,"CIN","NL",462,8,0.0173160173160173
"phillbr01",2015,1,"CIN","NL",588,12,0.0204081632653061
"phillbr01",2016,1,"CIN","NL",550,11,0.02
"phillbr01",2017,1,"ATL","NL",470,11,0.0234042553191489
"phillbr02",2021,1,"TBA","AL",253,13,0.0513833992094862
"phillja04",2003,1,"NYN","NL",403,11,0.0272952853598015
"phillja04",2004,1,"NYN","NL",362,7,0.0193370165745856
"phillja04",2005,1,"LAN","NL",399,10,0.025062656641604
"philljr01",1995,1,"SFN","NL",231,9,0.038961038961039
"phillmi01",1974,1,"SFN","NL",283,2,0.00706713780918728
"phillmi01",1975,2,"NYN","NL",383,1,0.00261096605744125
"phillmi01",1976,1,"NYN","NL",262,4,0.0152671755725191
"phillto02",1983,1,"OAK","AL",412,4,0.00970873786407767
"phillto02",1984,1,"OAK","AL",451,4,0.00886917960088692
"phillto02",1986,1,"OAK","AL",441,5,0.0113378684807256
"phillto02",1987,1,"OAK","AL",379,10,0.0263852242744063
"phillto02",1988,1,"OAK","AL",212,2,0.00943396226415094
"phillto02",1989,1,"OAK","AL",451,4,0.00886917960088692
"phillto02",1990,1,"DET","AL",573,8,0.0139616055846422
"phillto02",1991,1,"DET","AL",564,17,0.0301418439716312
"phillto02",1992,1,"DET","AL",606,10,0.0165016501650165
"phillto02",1993,1,"DET","AL",566,7,0.0123674911660777
"phillto02",1994,1,"DET","AL",438,19,0.04337899543379
"phillto02",1995,1,"CAL","AL",525,27,0.0514285714285714
"phillto02",1996,1,"CHA","AL",581,12,0.0206540447504303
"phillto02",1997,2,"ANA","AL",405,6,0.0148148148148148
"phillto02",1999,1,"OAK","AL",406,15,0.0369458128078818
"piazzmi01",1993,1,"LAN","NL",547,35,0.0639853747714808
"piazzmi01",1994,1,"LAN","NL",405,24,0.0592592592592593
"piazzmi01",1995,1,"LAN","NL",434,32,0.0737327188940092
"piazzmi01",1996,1,"LAN","NL",547,36,0.0658135283363803
"piazzmi01",1997,1,"LAN","NL",556,40,0.0719424460431655
"piazzmi01",1998,3,"NYN","NL",394,23,0.0583756345177665
"piazzmi01",1999,1,"NYN","NL",534,40,0.0749063670411985
"piazzmi01",2000,1,"NYN","NL",482,38,0.0788381742738589
"piazzmi01",2001,1,"NYN","NL",503,36,0.0715705765407555
"piazzmi01",2002,1,"NYN","NL",478,33,0.0690376569037657
"piazzmi01",2003,1,"NYN","NL",234,11,0.047008547008547
"piazzmi01",2004,1,"NYN","NL",455,20,0.043956043956044
"piazzmi01",2005,1,"NYN","NL",398,19,0.0477386934673367
"piazzmi01",2006,1,"SDN","NL",399,22,0.0551378446115288
"piazzmi01",2007,1,"OAK","AL",309,8,0.0258899676375405
"picciro01",1977,1,"OAK","AL",419,2,0.00477326968973747
"picciro01",1979,1,"OAK","AL",348,2,0.00574712643678161
"picciro01",1980,1,"OAK","AL",271,5,0.018450184501845
"piefe01",2009,1,"BAL","AL",252,9,0.0357142857142857
"piefe01",2010,1,"BAL","AL",288,5,0.0173611111111111
"pierrju01",2001,1,"COL","NL",617,2,0.00324149108589951
"pierrju01",2002,1,"COL","NL",592,1,0.00168918918918919
"pierrju01",2003,1,"FLO","NL",668,1,0.00149700598802395
"pierrju01",2004,1,"FLO","NL",678,3,0.00442477876106195
"pierrju01",2005,1,"FLO","NL",656,2,0.00304878048780488
"pierrju01",2006,1,"CHN","NL",699,3,0.00429184549356223
"pierrju01",2008,1,"LAN","NL",375,1,0.00266666666666667
"pierrju01",2010,1,"CHA","AL",651,1,0.00153609831029186
"pierrju01",2011,1,"CHA","AL",639,2,0.00312989045383412
"pierrju01",2012,1,"PHI","NL",394,1,0.00253807106598985
"pierrju01",2013,1,"MIA","NL",308,1,0.00324675324675325
"pierzaj01",2001,1,"MIN","AL",381,7,0.0183727034120735
"pierzaj01",2002,1,"MIN","AL",440,6,0.0136363636363636
"pierzaj01",2003,1,"MIN","AL",487,11,0.0225872689938398
"pierzaj01",2004,1,"SFN","NL",471,11,0.0233545647558386
"pierzaj01",2005,1,"CHA","AL",460,18,0.0391304347826087
"pierzaj01",2006,1,"CHA","AL",509,16,0.031434184675835
"pierzaj01",2007,1,"CHA","AL",472,14,0.0296610169491525
"pierzaj01",2008,1,"CHA","AL",534,13,0.0243445692883895
"pierzaj01",2009,1,"CHA","AL",504,13,0.0257936507936508
"pierzaj01",2010,1,"CHA","AL",474,9,0.0189873417721519
"pierzaj01",2011,1,"CHA","AL",464,8,0.0172413793103448
"pierzaj01",2012,1,"CHA","AL",479,27,0.0563674321503132
"pierzaj01",2013,1,"TEX","AL",503,17,0.0337972166998012
"pierzaj01",2014,1,"BOS","AL",256,4,0.015625
"pierzaj01",2015,1,"ATL","NL",407,9,0.0221130221130221
"pierzaj01",2016,1,"ATL","NL",247,2,0.00809716599190283
"pillake01",2015,1,"TOR","AL",586,12,0.0204778156996587
"pillake01",2016,1,"TOR","AL",548,7,0.0127737226277372
"pillake01",2017,1,"TOR","AL",587,16,0.0272572402044293
"pillake01",2018,1,"TOR","AL",512,15,0.029296875
"pillake01",2019,2,"SFN","NL",595,21,0.0352941176470588
"pillake01",2021,1,"NYN","NL",325,15,0.0461538461538462
"pillake01",2024,2,"LAA","AL",259,7,0.027027027027027
"pinama01",2017,1,"MIL","NL",330,9,0.0272727272727273
"pinama01",2018,1,"MIL","NL",306,9,0.0294117647058824
"pindech01",2017,1,"OAK","AL",282,15,0.0531914893617021
"pindech01",2018,1,"OAK","AL",298,13,0.0436241610738255
"pindech01",2019,1,"OAK","AL",341,13,0.0381231671554252
"pindech01",2021,1,"OAK","AL",214,6,0.0280373831775701
"pindech01",2022,1,"OAK","AL",361,12,0.0332409972299169
"pinielo01",1970,1,"KCA","AL",542,11,0.0202952029520295
"pinielo01",1971,1,"KCA","AL",448,3,0.00669642857142857
"pinielo01",1972,1,"KCA","AL",574,11,0.0191637630662021
"pinielo01",1973,1,"KCA","AL",513,9,0.0175438596491228
"pinielo01",1974,1,"NYA","AL",518,9,0.0173745173745174
"pinielo01",1976,1,"NYA","AL",327,3,0.0091743119266055
"pinielo01",1977,1,"NYA","AL",339,12,0.0353982300884956
"pinielo01",1978,1,"NYA","AL",472,6,0.0127118644067797
"pinielo01",1979,1,"NYA","AL",461,11,0.0238611713665944
"pinielo01",1980,1,"NYA","AL",321,2,0.00623052959501558
"pinielo01",1982,1,"NYA","AL",261,6,0.0229885057471264
"pinsova01",1970,1,"CLE","AL",574,24,0.0418118466898955
"pinsova01",1971,1,"CLE","AL",566,11,0.019434628975265
"pinsova01",1972,1,"CAL","AL",484,7,0.0144628099173554
"pinsova01",1973,1,"CAL","AL",466,8,0.0171673819742489
"pinsova01",1974,1,"KCA","AL",406,6,0.0147783251231527
"pinsova01",1975,1,"KCA","AL",319,4,0.0125391849529781
"pireljo01",2017,1,"SDN","NL",312,10,0.032051282051282
"pireljo01",2018,1,"SDN","NL",438,5,0.0114155251141552
"piscost01",2015,1,"SLN","NL",233,7,0.0300429184549356
"piscost01",2016,1,"SLN","NL",582,22,0.0378006872852234
"piscost01",2017,1,"SLN","NL",341,9,0.0263929618768328
"piscost01",2018,1,"OAK","AL",546,27,0.0494505494505494
"piscost01",2019,1,"OAK","AL",357,13,0.0364145658263305
"plantph01",1992,1,"BOS","AL",349,7,0.0200573065902579
"plantph01",1993,1,"SDN","NL",462,34,0.0735930735930736
"plantph01",1994,1,"SDN","NL",341,18,0.0527859237536657
"plantph01",1996,1,"OAK","AL",231,7,0.0303030303030303
"plaweke01",2015,1,"NYN","NL",233,3,0.0128755364806867
"plaweke01",2018,1,"NYN","NL",238,7,0.0294117647058824
"plouftr01",2011,1,"MIN","AL",286,8,0.027972027972028
"plouftr01",2012,1,"MIN","AL",422,24,0.0568720379146919
"plouftr01",2013,1,"MIN","AL",477,14,0.0293501048218029
"plouftr01",2014,1,"MIN","AL",520,14,0.0269230769230769
"plouftr01",2015,1,"MIN","AL",573,22,0.0383944153577661
"plouftr01",2016,1,"MIN","AL",319,12,0.0376175548589342
"pocorbi01",1977,1,"ATL","NL",321,8,0.0249221183800623
"pocorbi01",1978,1,"ATL","NL",289,6,0.0207612456747405
"podsesc01",2003,1,"MIL","NL",558,9,0.0161290322580645
"podsesc01",2004,1,"MIL","NL",640,12,0.01875
"podsesc01",2006,1,"CHA","AL",524,3,0.00572519083969466
"podsesc01",2007,1,"CHA","AL",214,2,0.00934579439252336
"podsesc01",2009,1,"CHA","AL",537,7,0.0130353817504655
"podsesc01",2010,1,"KCA","AL",390,5,0.0128205128205128
"polangr01",2014,1,"PIT","NL",277,7,0.0252707581227437
"polangr01",2015,1,"PIT","NL",593,9,0.015177065767285
"polangr01",2016,1,"PIT","NL",527,22,0.0417457305502846
"polangr01",2017,1,"PIT","NL",379,11,0.029023746701847
"polangr01",2018,1,"PIT","NL",461,23,0.0498915401301518
"polangr01",2021,1,"PIT","NL",336,11,0.0327380952380952
"polanjo01",2016,1,"MIN","AL",245,4,0.0163265306122449
"polanjo01",2017,1,"MIN","AL",488,13,0.0266393442622951
"polanjo01",2018,1,"MIN","AL",302,6,0.0198675496688742
"polanjo01",2019,1,"MIN","AL",631,22,0.03486529318542
"polanjo01",2020,1,"MIN","AL",209,4,0.0191387559808612
"polanjo01",2021,1,"MIN","AL",588,33,0.0561224489795918
"polanjo01",2022,1,"MIN","AL",375,16,0.0426666666666667
"polanjo01",2023,1,"MIN","AL",302,14,0.0463576158940397
"polanjo01",2024,1,"SEA","AL",417,16,0.0383693045563549
"polanjo01",2025,1,"SEA","AL",471,26,0.0552016985138004
"polanpl01",1999,1,"SLN","NL",220,1,0.00454545454545455
"polanpl01",2000,1,"SLN","NL",323,5,0.0154798761609907
"polanpl01",2001,1,"SLN","NL",564,3,0.00531914893617021
"polanpl01",2002,1,"SLN","NL",342,5,0.0146198830409357
"polanpl01",2002,2,"PHI","NL",206,4,0.0194174757281553
"polanpl01",2003,1,"PHI","NL",492,14,0.0284552845528455
"polanpl01",2004,1,"PHI","NL",503,17,0.0337972166998012
"polanpl01",2005,2,"DET","AL",343,6,0.0174927113702624
"polanpl01",2006,1,"DET","AL",461,4,0.0086767895878525
"polanpl01",2007,1,"DET","AL",587,9,0.0153321976149915
"polanpl01",2008,1,"DET","AL",580,8,0.0137931034482759
"polanpl01",2009,1,"DET","AL",618,10,0.0161812297734628
"polanpl01",2010,1,"PHI","NL",554,6,0.0108303249097473
"polanpl01",2011,1,"PHI","NL",469,5,0.0106609808102345
"polanpl01",2012,1,"PHI","NL",303,2,0.0066006600660066
"polanpl01",2013,1,"MIA","NL",377,1,0.0026525198938992
"polcoke01",1997,1,"PIT","NL",245,4,0.0163265306122449
"polloaj01",2013,1,"ARI","NL",443,8,0.018058690744921
"polloaj01",2014,1,"ARI","NL",265,7,0.0264150943396226
"polloaj01",2015,1,"ARI","NL",609,20,0.0328407224958949
"polloaj01",2017,1,"ARI","NL",425,14,0.0329411764705882
"polloaj01",2018,1,"ARI","NL",413,21,0.0508474576271186
"polloaj01",2019,1,"LAN","NL",308,15,0.0487012987012987
"polloaj01",2021,1,"LAN","NL",384,21,0.0546875
"polloaj01",2022,1,"CHA","AL",489,14,0.0286298568507157
"polonlu01",1987,1,"OAK","AL",435,4,0.00919540229885057
"polonlu01",1988,1,"OAK","AL",288,2,0.00694444444444444
"polonlu01",1989,1,"OAK","AL",206,1,0.00485436893203883
"polonlu01",1989,2,"NYA","AL",227,2,0.00881057268722467
"polonlu01",1990,2,"CAL","AL",381,2,0.005249343832021
"polonlu01",1991,1,"CAL","AL",604,2,0.0033112582781457
"polonlu01",1993,1,"CAL","AL",576,1,0.00173611111111111
"polonlu01",1994,1,"NYA","AL",350,1,0.00285714285714286
"polonlu01",1995,1,"NYA","AL",238,2,0.00840336134453781
"polonlu01",1999,1,"DET","AL",333,10,0.03003003003003
"polonlu01",2000,1,"DET","AL",267,6,0.0224719101123596
"popovpa01",1971,1,"CHN","NL",226,4,0.0176991150442478
"popovpa01",1973,1,"CHN","NL",280,2,0.00714285714285714
"poqueto01",1976,1,"KCA","AL",344,2,0.00581395348837209
"poqueto01",1977,1,"KCA","AL",342,2,0.00584795321637427
"poqueto01",1978,1,"KCA","AL",204,4,0.0196078431372549
"porteda02",1973,1,"ML4","AL",350,16,0.0457142857142857
"porteda02",1974,1,"ML4","AL",432,12,0.0277777777777778
"porteda02",1975,1,"ML4","AL",409,18,0.0440097799511002
"porteda02",1976,1,"ML4","AL",389,5,0.012853470437018
"porteda02",1977,1,"KCA","AL",425,16,0.0376470588235294
"porteda02",1978,1,"KCA","AL",520,18,0.0346153846153846
"porteda02",1979,1,"KCA","AL",533,20,0.0375234521575985
"porteda02",1980,1,"KCA","AL",418,7,0.0167464114832536
"porteda02",1982,1,"SLN","NL",373,12,0.032171581769437
"porteda02",1983,1,"SLN","NL",443,15,0.0338600451467269
"porteda02",1984,1,"SLN","NL",422,11,0.0260663507109005
"porteda02",1985,1,"SLN","NL",240,10,0.0416666666666667
"posadjo01",1998,1,"NYA","AL",358,17,0.0474860335195531
"posadjo01",1999,1,"NYA","AL",379,12,0.0316622691292876
"posadjo01",2000,1,"NYA","AL",505,28,0.0554455445544555
"posadjo01",2001,1,"NYA","AL",484,22,0.0454545454545455
"posadjo01",2002,1,"NYA","AL",511,20,0.0391389432485323
"posadjo01",2003,1,"NYA","AL",481,30,0.0623700623700624
"posadjo01",2004,1,"NYA","AL",449,21,0.0467706013363029
"posadjo01",2005,1,"NYA","AL",474,19,0.040084388185654
"posadjo01",2006,1,"NYA","AL",465,23,0.0494623655913978
"posadjo01",2007,1,"NYA","AL",506,20,0.0395256916996047
"posadjo01",2009,1,"NYA","AL",383,22,0.0574412532637076
"posadjo01",2010,1,"NYA","AL",383,18,0.0469973890339426
"posadjo01",2011,1,"NYA","AL",344,14,0.0406976744186047
"poseybu01",2010,1,"SFN","NL",406,18,0.0443349753694581
"poseybu01",2012,1,"SFN","NL",530,24,0.0452830188679245
"poseybu01",2013,1,"SFN","NL",520,15,0.0288461538461539
"poseybu01",2014,1,"SFN","NL",547,22,0.0402193784277879
"poseybu01",2015,1,"SFN","NL",557,19,0.0341113105924596
"poseybu01",2016,1,"SFN","NL",539,14,0.025974025974026
"poseybu01",2017,1,"SFN","NL",494,12,0.0242914979757085
"poseybu01",2018,1,"SFN","NL",398,5,0.0125628140703518
"poseybu01",2019,1,"SFN","NL",405,7,0.017283950617284
"poseybu01",2021,1,"SFN","NL",395,18,0.0455696202531646
"powelbo01",1970,1,"BAL","AL",526,35,0.0665399239543726
"powelbo01",1971,1,"BAL","AL",418,22,0.0526315789473684
"powelbo01",1972,1,"BAL","AL",465,21,0.0451612903225806
"powelbo01",1973,1,"BAL","AL",370,11,0.0297297297297297
"powelbo01",1974,1,"BAL","AL",344,12,0.0348837209302326
"powelbo01",1975,1,"CLE","AL",435,27,0.0620689655172414
"powelbo01",1976,1,"CLE","AL",293,9,0.0307167235494881
"powelho01",1978,1,"MIN","AL",381,3,0.0078740157480315
"powelho01",1979,1,"MIN","AL",338,2,0.00591715976331361
"powelho01",1980,1,"MIN","AL",485,6,0.0123711340206186
"powelho01",1981,1,"MIN","AL",264,2,0.00757575757575758
"powelho01",1982,1,"TOR","AL",265,3,0.0113207547169811
"pradoma01",2008,1,"ATL","NL",228,2,0.0087719298245614
"pradoma01",2009,1,"ATL","NL",450,11,0.0244444444444444
"pradoma01",2010,1,"ATL","NL",599,15,0.0250417362270451
"pradoma01",2011,1,"ATL","NL",551,13,0.0235934664246824
"pradoma01",2012,1,"ATL","NL",617,10,0.0162074554294976
"pradoma01",2013,1,"ARI","NL",609,14,0.0229885057471264
"pradoma01",2014,1,"ARI","NL",403,5,0.0124069478908189
"pradoma01",2015,1,"MIA","NL",500,9,0.018
"pradoma01",2016,1,"MIA","NL",600,8,0.0133333333333333
"pradoma01",2019,1,"MIA","NL",245,2,0.00816326530612245
"prattni01",2023,1,"KCA","AL",306,7,0.022875816993464
"preslal01",2011,1,"PIT","NL",215,4,0.0186046511627907
"preslal01",2012,1,"PIT","NL",346,10,0.0289017341040462
"preslal01",2014,1,"HOU","AL",254,6,0.0236220472440945
"preslal01",2017,1,"DET","AL",245,3,0.0122448979591837
"preslji01",1984,1,"SEA","AL",251,10,0.0398406374501992
"preslji01",1985,1,"SEA","AL",570,28,0.0491228070175439
"preslji01",1986,1,"SEA","AL",616,27,0.0438311688311688
"preslji01",1987,1,"SEA","AL",575,24,0.0417391304347826
"preslji01",1988,1,"SEA","AL",544,14,0.0257352941176471
"preslji01",1989,1,"SEA","AL",390,12,0.0307692307692308
"preslji01",1990,1,"ATL","NL",541,19,0.0351201478743068
"pridecu01",1996,1,"DET","AL",267,10,0.0374531835205993
"pridija01",2011,1,"NYN","NL",208,4,0.0192307692307692
"profaju01",2013,1,"TEX","AL",286,6,0.020979020979021
"profaju01",2016,1,"TEX","AL",272,5,0.0183823529411765
"profaju01",2018,1,"TEX","AL",524,20,0.0381679389312977
"profaju01",2019,1,"OAK","AL",459,20,0.0435729847494553
"profaju01",2021,1,"SDN","NL",353,4,0.0113314447592068
"profaju01",2022,1,"SDN","NL",575,15,0.0260869565217391
"profaju01",2023,1,"COL","NL",415,8,0.0192771084337349
"profaju01",2024,1,"SDN","NL",564,24,0.0425531914893617
"profaju01",2025,1,"ATL","NL",318,14,0.0440251572327044
"pruitro01",1977,1,"CLE","AL",219,2,0.0091324200913242
"pryorgr01",1978,1,"CHA","AL",222,2,0.00900900900900901
"pryorgr01",1979,1,"CHA","AL",476,3,0.00630252100840336
"pryorgr01",1980,1,"CHA","AL",338,1,0.0029585798816568
"pryorgr01",1984,1,"KCA","AL",270,4,0.0148148148148148
"puckeki01",1985,1,"MIN","AL",691,4,0.00578871201157742
"puckeki01",1986,1,"MIN","AL",680,31,0.0455882352941176
"puckeki01",1987,1,"MIN","AL",624,28,0.0448717948717949
"puckeki01",1988,1,"MIN","AL",657,24,0.0365296803652968
"puckeki01",1989,1,"MIN","AL",635,9,0.0141732283464567
"puckeki01",1990,1,"MIN","AL",551,12,0.0217785843920145
"puckeki01",1991,1,"MIN","AL",611,15,0.0245499181669394
"puckeki01",1992,1,"MIN","AL",639,19,0.0297339593114241
"puckeki01",1993,1,"MIN","AL",622,22,0.0353697749196141
"puckeki01",1994,1,"MIN","AL",439,20,0.0455580865603645
"puckeki01",1995,1,"MIN","AL",538,23,0.0427509293680297
"puhlte01",1978,1,"HOU","NL",585,3,0.00512820512820513
"puhlte01",1979,1,"HOU","NL",600,8,0.0133333333333333
"puhlte01",1980,1,"HOU","NL",535,13,0.0242990654205607
"puhlte01",1981,1,"HOU","NL",350,3,0.00857142857142857
"puhlte01",1982,1,"HOU","NL",507,8,0.0157790927021696
"puhlte01",1983,1,"HOU","NL",465,8,0.0172043010752688
"puhlte01",1984,1,"HOU","NL",449,9,0.0200445434298441
"puhlte01",1988,1,"HOU","NL",234,3,0.0128205128205128
"puigya01",2013,1,"LAN","NL",382,19,0.049738219895288
"puigya01",2014,1,"LAN","NL",558,16,0.028673835125448
"puigya01",2015,1,"LAN","NL",282,11,0.0390070921985816
"puigya01",2016,1,"LAN","NL",334,11,0.032934131736527
"puigya01",2017,1,"LAN","NL",499,28,0.0561122244488978
"puigya01",2018,1,"LAN","NL",405,23,0.0567901234567901
"puigya01",2019,1,"CIN","NL",373,22,0.0589812332439678
"pujolal01",2001,1,"SLN","NL",590,37,0.0627118644067797
"pujolal01",2002,1,"SLN","NL",590,34,0.0576271186440678
"pujolal01",2003,1,"SLN","NL",591,43,0.0727580372250423
"pujolal01",2004,1,"SLN","NL",592,46,0.0777027027027027
"pujolal01",2005,1,"SLN","NL",591,41,0.0693739424703892
"pujolal01",2006,1,"SLN","NL",535,49,0.091588785046729
"pujolal01",2007,1,"SLN","NL",565,32,0.0566371681415929
"pujolal01",2008,1,"SLN","NL",524,37,0.0706106870229008
"pujolal01",2009,1,"SLN","NL",568,47,0.0827464788732394
"pujolal01",2010,1,"SLN","NL",587,42,0.0715502555366269
"pujolal01",2011,1,"SLN","NL",579,37,0.0639032815198618
"pujolal01",2012,1,"LAA","AL",607,30,0.0494233937397035
"pujolal01",2013,1,"LAA","AL",391,17,0.0434782608695652
"pujolal01",2014,1,"LAA","AL",633,28,0.0442338072669826
"pujolal01",2015,1,"LAA","AL",602,40,0.0664451827242525
"pujolal01",2016,1,"LAA","AL",593,31,0.0522765598650927
"pujolal01",2017,1,"LAA","AL",593,23,0.0387858347386172
"pujolal01",2018,1,"LAA","AL",465,19,0.0408602150537634
"pujolal01",2019,1,"LAA","AL",491,23,0.0468431771894094
"pujolal01",2022,1,"SLN","NL",307,24,0.0781758957654723
"puntoni01",2005,1,"MIN","AL",394,4,0.0101522842639594
"puntoni01",2006,1,"MIN","AL",459,1,0.00217864923747277
"puntoni01",2007,1,"MIN","AL",472,1,0.00211864406779661
"puntoni01",2008,1,"MIN","AL",338,2,0.00591715976331361
"puntoni01",2009,1,"MIN","AL",359,1,0.00278551532033426
"puntoni01",2010,1,"MIN","AL",252,1,0.00396825396825397
"puntoni01",2013,1,"LAN","NL",294,2,0.00680272108843537
"putnapa01",1979,1,"TEX","AL",426,18,0.0422535211267606
"putnapa01",1980,1,"TEX","AL",410,13,0.0317073170731707
"putnapa01",1981,1,"TEX","AL",297,8,0.0269360269360269
"putnapa01",1983,1,"SEA","AL",469,19,0.0405117270788913
"quentca01",2007,1,"ARI","NL",229,5,0.0218340611353712
"quentca01",2008,1,"CHA","AL",480,36,0.075
"quentca01",2009,1,"CHA","AL",351,21,0.0598290598290598
"quentca01",2010,1,"CHA","AL",453,26,0.0573951434878587
"quentca01",2011,1,"CHA","AL",421,24,0.0570071258907363
"quentca01",2012,1,"SDN","NL",284,16,0.0563380281690141
"quentca01",2013,1,"SDN","NL",276,13,0.0471014492753623
"queroed01",2025,1,"CHA","AL",365,5,0.0136986301369863
"quinlro01",2006,1,"LAA","AL",234,9,0.0384615384615385
"quinnma01",2000,1,"KCA","AL",500,20,0.04
"quinnma01",2001,1,"KCA","AL",453,17,0.0375275938189845
"quinolu01",1989,1,"CIN","NL",340,12,0.0352941176470588
"quinolu01",1991,1,"CIN","NL",212,4,0.0188679245283019
"quinore01",1987,1,"SEA","AL",478,12,0.0251046025104602
"quinore01",1988,1,"SEA","AL",499,12,0.0240480961923848
"quinore01",1989,2,"PIT","NL",225,3,0.0133333333333333
"quintca01",1990,1,"BOS","AL",512,7,0.013671875
"quintca01",1991,1,"BOS","AL",478,11,0.0230125523012552
"quintca01",1993,1,"BOS","AL",303,1,0.0033003300330033
"quinthu01",2010,1,"HOU","NL",265,4,0.0150943396226415
"quinthu01",2011,1,"HOU","NL",262,2,0.00763358778625954
"quintom01",2008,1,"COL","NL",210,2,0.00952380952380952
"quintom01",2013,1,"NYN","NL",315,2,0.00634920634920635
"quirkja01",1977,1,"ML4","AL",221,3,0.0135746606334842
"quirkja01",1986,1,"KCA","AL",219,8,0.0365296803652968
"quirkja01",1987,1,"KCA","AL",296,5,0.0168918918918919
"quirkja01",1991,1,"OAK","AL",203,1,0.00492610837438424
"raburry01",2009,1,"DET","AL",261,16,0.0613026819923372
"raburry01",2010,1,"DET","AL",371,15,0.0404312668463612
"raburry01",2011,1,"DET","AL",387,14,0.0361757105943152
"raburry01",2012,1,"DET","AL",205,1,0.0048780487804878
"raburry01",2013,1,"CLE","AL",243,16,0.065843621399177
"raburry01",2016,1,"COL","NL",223,9,0.0403587443946188
"raderda01",1972,1,"SFN","NL",459,6,0.0130718954248366
"raderda01",1973,1,"SFN","NL",462,9,0.0194805194805195
"raderda01",1974,1,"SFN","NL",323,1,0.00309597523219814
"raderda01",1975,1,"SFN","NL",292,5,0.0171232876712329
"raderda01",1976,1,"SFN","NL",255,1,0.00392156862745098
"raderda01",1978,1,"CHN","NL",305,3,0.00983606557377049
"raderdo02",1970,1,"HOU","NL",576,25,0.0434027777777778
"raderdo02",1971,1,"HOU","NL",484,12,0.0247933884297521
"raderdo02",1972,1,"HOU","NL",553,22,0.0397830018083183
"raderdo02",1973,1,"HOU","NL",574,21,0.0365853658536585
"raderdo02",1974,1,"HOU","NL",533,17,0.0318949343339587
"raderdo02",1975,1,"HOU","NL",448,12,0.0267857142857143
"raderdo02",1976,1,"SDN","NL",471,9,0.0191082802547771
"raderdo02",1977,2,"TOR","AL",313,13,0.0415335463258786
"rafaece01",2024,1,"BOS","AL",544,15,0.0275735294117647
"rafaece01",2025,1,"BOS","AL",546,16,0.0293040293040293
"raineti01",1981,1,"MON","NL",313,5,0.0159744408945687
"raineti01",1982,1,"MON","NL",647,4,0.00618238021638331
"raineti01",1983,1,"MON","NL",615,11,0.0178861788617886
"raineti01",1984,1,"MON","NL",622,8,0.0128617363344051
"raineti01",1985,1,"MON","NL",575,11,0.0191304347826087
"raineti01",1986,1,"MON","NL",580,9,0.0155172413793103
"raineti01",1987,1,"MON","NL",530,18,0.0339622641509434
"raineti01",1988,1,"MON","NL",429,12,0.027972027972028
"raineti01",1989,1,"MON","NL",517,9,0.0174081237911025
"raineti01",1990,1,"MON","NL",457,9,0.0196936542669584
"raineti01",1991,1,"CHA","AL",609,5,0.00821018062397373
"raineti01",1992,1,"CHA","AL",551,7,0.0127041742286751
"raineti01",1993,1,"CHA","AL",415,16,0.0385542168674699
"raineti01",1994,1,"CHA","AL",384,10,0.0260416666666667
"raineti01",1995,1,"CHA","AL",502,12,0.0239043824701195
"raineti01",1996,1,"NYA","AL",201,9,0.0447761194029851
"raineti01",1997,1,"NYA","AL",271,4,0.014760147601476
"raineti01",1998,1,"NYA","AL",321,5,0.0155763239875389
"raleica01",2022,1,"SEA","AL",370,27,0.072972972972973
"raleica01",2023,1,"SEA","AL",513,30,0.0584795321637427
"raleica01",2024,1,"SEA","AL",546,34,0.0622710622710623
"raleica01",2025,1,"SEA","AL",596,60,0.100671140939597
"raleylu01",2023,1,"TBA","AL",357,19,0.0532212885154062
"raleylu01",2024,1,"SEA","AL",404,22,0.0544554455445545
"ramirag01",2025,1,"MIA","NL",537,21,0.0391061452513966
"ramiral03",2008,1,"CHA","AL",480,21,0.04375
"ramiral03",2009,1,"CHA","AL",542,15,0.0276752767527675
"ramiral03",2010,1,"CHA","AL",585,18,0.0307692307692308
"ramiral03",2011,1,"CHA","AL",614,15,0.0244299674267101
"ramiral03",2012,1,"CHA","AL",593,9,0.015177065767285
"ramiral03",2013,1,"CHA","AL",637,6,0.00941915227629513
"ramiral03",2014,1,"CHA","AL",622,15,0.0241157556270096
"ramiral03",2015,1,"CHA","AL",583,10,0.0171526586620926
"ramiral03",2016,1,"SDN","NL",421,5,0.0118764845605701
"ramirar01",1998,1,"PIT","NL",251,6,0.0239043824701195
"ramirar01",2000,1,"PIT","NL",254,6,0.0236220472440945
"ramirar01",2001,1,"PIT","NL",603,34,0.0563847429519071
"ramirar01",2002,1,"PIT","NL",522,18,0.0344827586206897
"ramirar01",2003,1,"PIT","NL",375,12,0.032
"ramirar01",2003,2,"CHN","NL",232,15,0.0646551724137931
"ramirar01",2004,1,"CHN","NL",547,36,0.0658135283363803
"ramirar01",2005,1,"CHN","NL",463,31,0.0669546436285097
"ramirar01",2006,1,"CHN","NL",594,38,0.063973063973064
"ramirar01",2007,1,"CHN","NL",506,26,0.0513833992094862
"ramirar01",2008,1,"CHN","NL",554,27,0.0487364620938628
"ramirar01",2009,1,"CHN","NL",306,15,0.0490196078431372
"ramirar01",2010,1,"CHN","NL",465,25,0.0537634408602151
"ramirar01",2011,1,"CHN","NL",565,26,0.0460176991150442
"ramirar01",2012,1,"MIL","NL",570,27,0.0473684210526316
"ramirar01",2013,1,"MIL","NL",304,12,0.0394736842105263
"ramirar01",2014,1,"MIL","NL",494,15,0.0303643724696356
"ramirar01",2015,1,"MIL","NL",279,11,0.039426523297491
"ramirha01",2006,1,"FLO","NL",633,17,0.0268562401263823
"ramirha01",2007,1,"FLO","NL",639,29,0.0453834115805947
"ramirha01",2008,1,"FLO","NL",589,33,0.0560271646859083
"ramirha01",2009,1,"FLO","NL",576,24,0.0416666666666667
"ramirha01",2010,1,"FLO","NL",543,21,0.0386740331491713
"ramirha01",2011,1,"FLO","NL",338,10,0.029585798816568
"ramirha01",2012,1,"MIA","NL",353,14,0.0396600566572238
"ramirha01",2012,2,"LAN","NL",251,10,0.0398406374501992
"ramirha01",2013,1,"LAN","NL",304,20,0.0657894736842105
"ramirha01",2014,1,"LAN","NL",449,13,0.0289532293986637
"ramirha01",2015,1,"BOS","AL",401,19,0.0473815461346633
"ramirha01",2016,1,"BOS","AL",549,30,0.0546448087431694
"ramirha01",2017,1,"BOS","AL",496,23,0.0463709677419355
"ramirha02",2019,1,"MIA","NL",421,11,0.0261282660332542
"ramirha02",2021,1,"CLE","AL",339,7,0.0206489675516224
"ramirha02",2022,1,"TBA","AL",403,6,0.0148883374689826
"ramirha02",2023,1,"TBA","AL",400,12,0.03
"ramirjo01",2014,1,"CLE","AL",237,2,0.00843881856540084
"ramirjo01",2015,1,"CLE","AL",315,6,0.019047619047619
"ramirjo01",2016,1,"CLE","AL",565,11,0.0194690265486726
"ramirjo01",2017,1,"CLE","AL",585,29,0.0495726495726496
"ramirjo01",2018,1,"CLE","AL",578,39,0.0674740484429066
"ramirjo01",2019,1,"CLE","AL",482,23,0.0477178423236515
"ramirjo01",2020,1,"CLE","AL",219,17,0.0776255707762557
"ramirjo01",2021,1,"CLE","AL",552,36,0.0652173913043478
"ramirjo01",2022,1,"CLE","AL",601,29,0.0482529118136439
"ramirjo01",2023,1,"CLE","AL",611,24,0.0392798690671031
"ramirjo01",2024,1,"CLE","AL",620,39,0.0629032258064516
"ramirjo01",2025,1,"CLE","AL",593,30,0.0505902192242833
"ramirma02",1994,1,"CLE","AL",290,17,0.0586206896551724
"ramirma02",1995,1,"CLE","AL",484,31,0.0640495867768595
"ramirma02",1996,1,"CLE","AL",550,33,0.06
"ramirma02",1997,1,"CLE","AL",561,26,0.0463458110516934
"ramirma02",1998,1,"CLE","AL",571,45,0.0788091068301226
"ramirma02",1999,1,"CLE","AL",522,44,0.0842911877394636
"ramirma02",2000,1,"CLE","AL",439,38,0.0865603644646925
"ramirma02",2001,1,"BOS","AL",529,41,0.0775047258979206
"ramirma02",2002,1,"BOS","AL",436,33,0.0756880733944954
"ramirma02",2003,1,"BOS","AL",569,37,0.0650263620386643
"ramirma02",2004,1,"BOS","AL",568,43,0.0757042253521127
"ramirma02",2005,1,"BOS","AL",554,45,0.0812274368231047
"ramirma02",2006,1,"BOS","AL",449,35,0.0779510022271715
"ramirma02",2007,1,"BOS","AL",483,20,0.041407867494824
"ramirma02",2008,1,"BOS","AL",365,20,0.0547945205479452
"ramirma02",2009,1,"LAN","NL",352,19,0.0539772727272727
"ramirra01",1981,1,"ATL","NL",307,2,0.00651465798045603
"ramirra01",1982,1,"ATL","NL",609,10,0.0164203612479475
"ramirra01",1983,1,"ATL","NL",622,7,0.0112540192926045
"ramirra01",1984,1,"ATL","NL",591,2,0.00338409475465313
"ramirra01",1985,1,"ATL","NL",568,5,0.00880281690140845
"ramirra01",1986,1,"ATL","NL",496,8,0.0161290322580645
"ramirra01",1988,1,"HOU","NL",566,6,0.0106007067137809
"ramirra01",1989,1,"HOU","NL",537,6,0.0111731843575419
"ramirra01",1990,1,"HOU","NL",445,2,0.00449438202247191
"ramirra01",1991,1,"HOU","NL",233,1,0.00429184549356223
"ramosdo01",1990,1,"CHN","NL",226,2,0.00884955752212390
"ramoshe02",2024,1,"SFN","NL",475,22,0.0463157894736842
"ramoshe02",2025,1,"SFN","NL",620,21,0.0338709677419355
"ramoswi01",2011,1,"WAS","NL",389,15,0.038560411311054
"ramoswi01",2013,1,"WAS","NL",287,16,0.0557491289198606
"ramoswi01",2014,1,"WAS","NL",341,11,0.032258064516129
"ramoswi01",2015,1,"WAS","NL",475,15,0.0315789473684211
"ramoswi01",2016,1,"WAS","NL",482,22,0.045643153526971
"ramoswi01",2017,1,"TBA","AL",208,11,0.0528846153846154
"ramoswi01",2018,1,"TBA","AL",293,14,0.0477815699658703
"ramoswi01",2019,1,"NYN","NL",473,14,0.0295983086680761
"ramsemi01",1982,1,"SLN","NL",256,1,0.00390625
"randabo01",1976,1,"MIN","AL",475,1,0.00210526315789474
"randajo01",1996,1,"KCA","AL",337,6,0.0178041543026706
"randajo01",1997,1,"PIT","NL",443,7,0.0158013544018059
"randajo01",1998,1,"DET","AL",460,9,0.0195652173913043
"randajo01",1999,1,"KCA","AL",628,16,0.0254777070063694
"randajo01",2000,1,"KCA","AL",612,15,0.0245098039215686
"randajo01",2001,1,"KCA","AL",581,13,0.0223752151462995
"randajo01",2002,1,"KCA","AL",549,11,0.0200364298724954
"randajo01",2003,1,"KCA","AL",502,16,0.0318725099601594
"randajo01",2004,1,"KCA","AL",485,8,0.0164948453608247
"randajo01",2005,1,"CIN","NL",332,13,0.0391566265060241
"randajo01",2005,2,"SDN","NL",223,4,0.0179372197309417
"randajo01",2006,1,"PIT","NL",206,4,0.0194174757281553
"randlle01",1971,1,"WS2","AL",215,2,0.00930232558139535
"randlle01",1972,1,"TEX","AL",249,2,0.00803212851405623
"randlle01",1974,1,"TEX","AL",520,1,0.00192307692307692
"randlle01",1975,1,"TEX","AL",601,4,0.00665557404326123
"randlle01",1976,1,"TEX","AL",539,1,0.00185528756957328
"randlle01",1977,1,"NYN","NL",513,5,0.00974658869395711
"randlle01",1978,1,"NYN","NL",437,2,0.0045766590389016
"randlle01",1980,1,"CHN","NL",489,5,0.0102249488752556
"randlle01",1981,1,"SEA","AL",273,4,0.0146520146520147
"randowi01",1976,1,"NYA","AL",430,1,0.00232558139534884
"randowi01",1977,1,"NYA","AL",551,4,0.00725952813067151
"randowi01",1978,1,"NYA","AL",499,3,0.00601202404809619
"randowi01",1979,1,"NYA","AL",574,5,0.00871080139372822
"randowi01",1980,1,"NYA","AL",513,7,0.01364522417154
"randowi01",1981,1,"NYA","AL",357,2,0.00560224089635854
"randowi01",1982,1,"NYA","AL",553,3,0.0054249547920434
"randowi01",1983,1,"NYA","AL",420,2,0.00476190476190476
"randowi01",1984,1,"NYA","AL",564,2,0.00354609929078014
"randowi01",1985,1,"NYA","AL",497,5,0.0100603621730382
"randowi01",1986,1,"NYA","AL",492,5,0.0101626016260163
"randowi01",1987,1,"NYA","AL",449,7,0.0155902004454343
"randowi01",1988,1,"NYA","AL",404,2,0.00495049504950495
"randowi01",1989,1,"LAN","NL",549,2,0.00364298724954463
"randowi01",1990,2,"OAK","AL",292,1,0.00342465753424658
"randowi01",1992,1,"NYN","NL",286,2,0.00699300699300699
"rasmuco01",2009,1,"SLN","NL",474,16,0.0337552742616034
"rasmuco01",2010,1,"SLN","NL",464,23,0.0495689655172414
"rasmuco01",2011,1,"SLN","NL",338,11,0.0325443786982249
"rasmuco01",2012,1,"TOR","AL",565,23,0.0407079646017699
"rasmuco01",2013,1,"TOR","AL",417,22,0.052757793764988
"rasmuco01",2014,1,"TOR","AL",346,18,0.0520231213872832
"rasmuco01",2015,1,"HOU","AL",432,25,0.0578703703703704
"rasmuco01",2016,1,"HOU","AL",369,15,0.040650406504065
"rayfofl01",1984,1,"BAL","AL",250,4,0.016
"rayfofl01",1985,1,"BAL","AL",359,18,0.0501392757660167
"rayfofl01",1986,1,"BAL","AL",210,8,0.0380952380952381
"rayjo01",1982,1,"PIT","NL",647,7,0.0108191653786708
"rayjo01",1983,1,"PIT","NL",576,5,0.00868055555555556
"rayjo01",1984,1,"PIT","NL",555,6,0.0108108108108108
"rayjo01",1985,1,"PIT","NL",594,7,0.0117845117845118
"rayjo01",1986,1,"PIT","NL",579,7,0.0120898100172712
"rayjo01",1987,1,"PIT","NL",472,5,0.010593220338983
"rayjo01",1988,1,"CAL","AL",602,6,0.00996677740863787
"rayjo01",1989,1,"CAL","AL",530,5,0.00943396226415094
"rayjo01",1990,1,"CAL","AL",404,5,0.0123762376237624
"readyra01",1987,1,"SDN","NL",350,12,0.0342857142857143
"readyra01",1988,1,"SDN","NL",331,7,0.0211480362537764
"readyra01",1990,1,"PHI","NL",217,1,0.00460829493087558
"readyra01",1991,1,"PHI","NL",205,1,0.0048780487804878
"realmjt01",2015,1,"MIA","NL",441,10,0.0226757369614512
"realmjt01",2016,1,"MIA","NL",509,11,0.0216110019646365
"realmjt01",2017,1,"MIA","NL",532,17,0.0319548872180451
"realmjt01",2018,1,"MIA","NL",477,21,0.0440251572327044
"realmjt01",2019,1,"PHI","NL",538,25,0.0464684014869888
"realmjt01",2021,1,"PHI","NL",476,17,0.0357142857142857
"realmjt01",2022,1,"PHI","NL",504,22,0.0436507936507937
"realmjt01",2023,1,"PHI","NL",489,20,0.0408997955010225
"realmjt01",2024,1,"PHI","NL",380,14,0.0368421052631579
"realmjt01",2025,1,"PHI","NL",502,12,0.0239043824701195
"rebouje01",1993,1,"MIN","AL",240,1,0.00416666666666667
"rebouje01",1995,1,"MIN","AL",216,4,0.0185185185185185
"rebouje01",1997,1,"BAL","AL",228,4,0.0175438596491228
"rebouje01",2001,1,"LAN","NL",214,3,0.014018691588785
"rebouje01",2003,1,"PIT","NL",261,3,0.0114942528735632
"reddijo01",2011,1,"BOS","AL",254,7,0.0275590551181102
"reddijo01",2012,1,"OAK","AL",611,32,0.0523731587561375
"reddijo01",2013,1,"OAK","AL",385,12,0.0311688311688312
"reddijo01",2014,1,"OAK","AL",363,12,0.0330578512396694
"reddijo01",2015,1,"OAK","AL",526,20,0.0380228136882129
"reddijo01",2016,1,"OAK","AL",243,8,0.0329218106995885
"reddijo01",2017,1,"HOU","AL",477,13,0.0272536687631027
"reddijo01",2018,1,"HOU","AL",433,17,0.0392609699769053
"reddijo01",2019,1,"HOU","AL",501,14,0.0279441117764471
"redmati01",2003,1,"PIT","NL",230,3,0.0130434782608696
"redmati01",2004,1,"PIT","NL",546,8,0.0146520146520147
"redmati01",2005,1,"PIT","NL",319,2,0.00626959247648903
"redmomi01",1999,1,"FLO","NL",242,1,0.00413223140495868
"redmomi01",2002,1,"FLO","NL",256,2,0.0078125
"redmomi01",2004,1,"FLO","NL",246,2,0.00813008130081301
"redmomi01",2007,1,"MIN","AL",272,1,0.00367647058823529
"redusga01",1983,1,"CIN","NL",453,17,0.0375275938189845
"redusga01",1984,1,"CIN","NL",394,7,0.0177664974619289
"redusga01",1985,1,"CIN","NL",246,6,0.024390243902439
"redusga01",1986,1,"PHI","NL",340,11,0.0323529411764706
"redusga01",1987,1,"CHA","AL",475,12,0.0252631578947368
"redusga01",1988,1,"CHA","AL",262,6,0.0229007633587786
"redusga01",1989,1,"PIT","NL",279,6,0.021505376344086
"redusga01",1990,1,"PIT","NL",227,6,0.026431718061674
"redusga01",1991,1,"PIT","NL",252,7,0.0277777777777778
"redusga01",1993,1,"TEX","AL",222,6,0.027027027027027
"reedje02",1987,1,"MON","NL",207,1,0.00483091787439614
"reedje02",1989,1,"CIN","NL",287,3,0.0104529616724739
"reedje02",1991,1,"CIN","NL",270,3,0.0111111111111111
"reedje02",1996,1,"COL","NL",341,8,0.0234604105571848
"reedje02",1997,1,"COL","NL",256,17,0.06640625
"reedje02",1998,1,"COL","NL",259,9,0.0347490347490347
"reedje02",2000,1,"CHN","NL",229,4,0.0174672489082969
"reedje03",2005,1,"SEA","AL",488,3,0.00614754098360656
"reedje03",2006,1,"SEA","AL",212,6,0.0283018867924528
"reedje03",2008,1,"SEA","AL",286,2,0.00699300699300699
"reedjo01",1988,1,"BOS","AL",338,1,0.0029585798816568
"reedjo01",1989,1,"BOS","AL",524,3,0.00572519083969466
"reedjo01",1990,1,"BOS","AL",598,5,0.00836120401337793
"reedjo01",1991,1,"BOS","AL",618,5,0.00809061488673139
"reedjo01",1992,1,"BOS","AL",550,3,0.00545454545454546
"reedjo01",1993,1,"LAN","NL",445,2,0.00449438202247191
"reedjo01",1994,1,"ML4","AL",399,2,0.0050125313283208
"reedjo01",1995,1,"SDN","NL",445,4,0.00898876404494382
"reedjo01",1996,1,"SDN","NL",495,2,0.00404040404040404
"reesepo01",1997,1,"CIN","NL",397,4,0.0100755667506297
"reesepo01",1999,1,"CIN","NL",585,10,0.0170940170940171
"reesepo01",2000,1,"CIN","NL",518,12,0.0231660231660232
"reesepo01",2001,1,"CIN","NL",428,9,0.0210280373831776
"reesepo01",2002,1,"PIT","NL",421,4,0.00950118764845606
"reesepo01",2004,1,"BOS","AL",244,3,0.0122950819672131
"reeseri01",1970,1,"MIN","AL",501,10,0.0199600798403194
"reeseri01",1971,1,"MIN","AL",329,10,0.0303951367781155
"refsnro01",2023,1,"BOS","AL",202,1,0.00495049504950495
"refsnro01",2024,1,"BOS","AL",272,11,0.0404411764705882
"reichri01",1970,2,"WS2","AL",277,15,0.0541516245487365
"reichri01",1971,1,"CHA","AL",496,19,0.0383064516129032
"reichri01",1972,1,"CHA","AL",291,8,0.0274914089347079
"reimeke01",1991,1,"TEX","AL",394,20,0.050761421319797
"reimeke01",1992,1,"TEX","AL",494,16,0.0323886639676113
"reimeke01",1993,1,"ML4","AL",437,13,0.0297482837528604
"reimono01",2009,1,"BAL","AL",358,15,0.0418994413407821
"reimono01",2011,1,"BAL","AL",267,13,0.048689138576779
"reimono01",2016,1,"BAL","AL",203,6,0.0295566502463054
"reitzke01",1973,1,"SLN","NL",426,6,0.0140845070422535
"reitzke01",1974,1,"SLN","NL",579,7,0.0120898100172712
"reitzke01",1975,1,"SLN","NL",592,5,0.00844594594594595
"reitzke01",1976,1,"SFN","NL",577,5,0.00866551126516464
"reitzke01",1977,1,"SLN","NL",587,17,0.0289608177172061
"reitzke01",1978,1,"SLN","NL",540,10,0.0185185185185185
"reitzke01",1979,1,"SLN","NL",605,8,0.0132231404958678
"reitzke01",1980,1,"SLN","NL",523,8,0.0152963671128107
"reitzke01",1981,1,"CHN","NL",260,2,0.00769230769230769
"relafde01",1998,1,"PHI","NL",494,5,0.0101214574898785
"relafde01",1999,1,"PHI","NL",211,1,0.004739336492891
"relafde01",2000,1,"PHI","NL",253,3,0.0118577075098814
"relafde01",2001,1,"NYN","NL",301,8,0.026578073089701
"relafde01",2002,1,"SEA","AL",329,6,0.0182370820668693
"relafde01",2003,1,"KCA","AL",500,8,0.016
"relafde01",2004,1,"KCA","AL",380,6,0.0157894736842105
"relafde01",2005,1,"COL","NL",210,1,0.00476190476190476
"remyje01",1975,1,"CAL","AL",569,1,0.00175746924428822
"remyje01",1977,1,"CAL","AL",575,4,0.00695652173913043
"remyje01",1978,1,"BOS","AL",583,2,0.00343053173241852
"rendoan01",2013,1,"WAS","NL",351,7,0.0199430199430199
"rendoan01",2014,1,"WAS","NL",613,21,0.034257748776509
"rendoan01",2015,1,"WAS","NL",311,5,0.0160771704180064
"rendoan01",2016,1,"WAS","NL",567,20,0.0352733686067019
"rendoan01",2017,1,"WAS","NL",508,25,0.0492125984251969
"rendoan01",2018,1,"WAS","NL",529,24,0.0453686200378072
"rendoan01",2019,1,"WAS","NL",545,34,0.0623853211009174
"rendoan01",2021,1,"LAA","AL",217,6,0.0276497695852535
"renfrhu01",2017,1,"SDN","NL",445,26,0.0584269662921348
"renfrhu01",2018,1,"SDN","NL",403,26,0.0645161290322581
"renfrhu01",2019,1,"SDN","NL",440,33,0.075
"renfrhu01",2021,1,"BOS","AL",521,31,0.0595009596928983
"renfrhu01",2022,1,"MIL","NL",474,29,0.0611814345991561
"renfrhu01",2023,1,"LAA","AL",459,19,0.0413943355119826
"renfrhu01",2024,1,"KCA","AL",385,15,0.038961038961039
"rengilu01",2019,1,"LAA","AL",357,7,0.0196078431372549
"rengilu01",2022,1,"LAA","AL",489,17,0.0347648261758691
"rengilu01",2023,1,"LAA","AL",394,16,0.0406091370558376
"rengilu01",2024,1,"LAA","AL",283,6,0.0212014134275618
"rengilu01",2025,1,"LAA","AL",501,9,0.0179640718562874
"renteed01",1996,1,"FLO","NL",431,5,0.0116009280742459
"renteed01",1997,1,"FLO","NL",617,4,0.00648298217179903
"renteed01",1998,1,"FLO","NL",517,3,0.0058027079303675
"renteed01",1999,1,"SLN","NL",585,11,0.0188034188034188
"renteed01",2000,1,"SLN","NL",562,16,0.0284697508896797
"renteed01",2001,1,"SLN","NL",493,10,0.0202839756592292
"renteed01",2002,1,"SLN","NL",544,11,0.0202205882352941
"renteed01",2003,1,"SLN","NL",587,13,0.0221465076660988
"renteed01",2004,1,"SLN","NL",586,10,0.0170648464163823
"renteed01",2005,1,"BOS","AL",623,8,0.0128410914927769
"renteed01",2006,1,"ATL","NL",598,14,0.0234113712374582
"renteed01",2007,1,"ATL","NL",494,12,0.0242914979757085
"renteed01",2008,1,"DET","AL",503,10,0.0198807157057654
"renteed01",2009,1,"SFN","NL",460,5,0.0108695652173913
"renteed01",2010,1,"SFN","NL",243,3,0.0123456790123457
"renteed01",2011,1,"CIN","NL",299,5,0.0167224080267559
"renteri01",1993,1,"FLO","NL",263,2,0.00760456273764258
"repkoja01",2005,1,"LAN","NL",276,8,0.0289855072463768
"repozro01",1970,1,"CAL","AL",407,18,0.0442260442260442
"repozro01",1971,1,"CAL","AL",297,13,0.0437710437710438
"retteme01",1970,1,"BAL","AL",338,18,0.0532544378698225
"retteme01",1971,1,"BAL","AL",491,11,0.0224032586558045
"retteme01",1972,1,"BAL","AL",301,6,0.0199335548172757
"retteme01",1973,1,"BAL","AL",321,9,0.0280373831775701
"retteme01",1974,1,"CIN","NL",208,6,0.0288461538461539
"reverbe01",2014,1,"PHI","NL",601,2,0.00332778702163062
"reverbe01",2015,1,"PHI","NL",366,1,0.00273224043715847
"reverbe01",2015,2,"TOR","AL",226,1,0.00442477876106195
"reverbe01",2016,1,"WAS","NL",350,2,0.00571428571428571
"reverbe01",2017,1,"LAA","AL",291,1,0.00343642611683849
"reverda01",1978,1,"OAK","AL",521,16,0.0307101727447217
"reverda01",1979,1,"OAK","AL",472,19,0.0402542372881356
"reverda01",1980,1,"OAK","AL",376,15,0.0398936170212766
"reyesfr01",2018,1,"SDN","NL",261,16,0.0613026819923372
"reyesfr01",2019,1,"SDN","NL",321,27,0.0841121495327103
"reyesfr01",2020,1,"CLE","AL",211,9,0.042654028436019
"reyesfr01",2021,1,"CLE","AL",418,30,0.0717703349282297
"reyesfr01",2022,1,"CLE","AL",263,9,0.0342205323193916
"reyesjo01",2003,1,"NYN","NL",274,5,0.0182481751824818
"reyesjo01",2004,1,"NYN","NL",220,2,0.00909090909090909
"reyesjo01",2005,1,"NYN","NL",696,7,0.0100574712643678
"reyesjo01",2006,1,"NYN","NL",647,19,0.0293663060278207
"reyesjo01",2007,1,"NYN","NL",681,12,0.0176211453744493
"reyesjo01",2008,1,"NYN","NL",688,16,0.0232558139534884
"reyesjo01",2010,1,"NYN","NL",563,11,0.019538188277087
"reyesjo01",2011,1,"NYN","NL",537,7,0.0130353817504655
"reyesjo01",2012,1,"MIA","NL",642,11,0.0171339563862928
"reyesjo01",2013,1,"TOR","AL",382,10,0.0261780104712042
"reyesjo01",2014,1,"TOR","AL",610,9,0.0147540983606557
"reyesjo01",2015,1,"TOR","AL",288,4,0.0138888888888889
"reyesjo01",2016,1,"NYN","NL",255,8,0.0313725490196078
"reyesjo01",2017,1,"NYN","NL",501,15,0.029940119760479
"reyesjo01",2018,1,"NYN","NL",228,4,0.0175438596491228
"reyesvi01",2018,1,"DET","AL",212,1,0.00471698113207547
"reyesvi01",2019,1,"DET","AL",276,3,0.0108695652173913
"reyesvi01",2020,1,"DET","AL",202,4,0.0198019801980198
"reyesvi01",2021,1,"DET","AL",209,5,0.0239234449760766
"reyesvi01",2022,1,"DET","AL",315,3,0.00952380952380952
"reynobr01",2019,1,"PIT","NL",491,16,0.0325865580448065
"reynobr01",2021,1,"PIT","NL",559,24,0.0429338103756708
"reynobr01",2022,1,"PIT","NL",542,27,0.0498154981549815
"reynobr01",2023,1,"PIT","NL",574,24,0.0418118466898955
"reynobr01",2024,1,"PIT","NL",622,24,0.0385852090032154
"reynobr01",2025,1,"PIT","NL",587,16,0.0272572402044293
"reynocr01",1977,1,"SEA","AL",420,4,0.00952380952380952
"reynocr01",1978,1,"SEA","AL",548,5,0.00912408759124088
"reynocr01",1980,1,"HOU","NL",381,3,0.0078740157480315
"reynocr01",1981,1,"HOU","NL",323,4,0.0123839009287926
"reynocr01",1984,1,"HOU","NL",527,6,0.0113851992409867
"reynocr01",1985,1,"HOU","NL",379,4,0.0105540897097625
"reynocr01",1986,1,"HOU","NL",313,6,0.0191693290734824
"reynocr01",1987,1,"HOU","NL",374,4,0.0106951871657754
"reynoha01",1986,1,"SEA","AL",445,1,0.00224719101123596
"reynoha01",1987,1,"SEA","AL",530,1,0.00188679245283019
"reynoha01",1988,1,"SEA","AL",598,4,0.00668896321070234
"reynoha01",1990,1,"SEA","AL",642,5,0.00778816199376947
"reynoha01",1991,1,"SEA","AL",631,3,0.00475435816164818
"reynoha01",1992,1,"SEA","AL",458,3,0.00655021834061135
"reynoha01",1993,1,"BAL","AL",485,4,0.00824742268041237
"reynoma01",2007,1,"ARI","NL",366,17,0.046448087431694
"reynoma01",2008,1,"ARI","NL",539,28,0.051948051948052
"reynoma01",2009,1,"ARI","NL",578,44,0.0761245674740484
"reynoma01",2010,1,"ARI","NL",499,32,0.064128256513026
"reynoma01",2011,1,"BAL","AL",534,37,0.0692883895131086
"reynoma01",2012,1,"BAL","AL",457,23,0.050328227571116
"reynoma01",2013,1,"CLE","AL",335,15,0.0447761194029851
"reynoma01",2014,1,"MIL","NL",378,22,0.0582010582010582
"reynoma01",2015,1,"SLN","NL",382,13,0.0340314136125654
"reynoma01",2016,1,"COL","NL",393,14,0.0356234096692112
"reynoma01",2017,1,"COL","NL",520,30,0.0576923076923077
"reynoma01",2018,1,"WAS","NL",206,13,0.0631067961165049
"reynoma03",2022,2,"CIN","NL",244,3,0.0122950819672131
"reynorj01",1984,1,"LAN","NL",240,2,0.00833333333333333
"reynorj01",1986,1,"PIT","NL",402,9,0.0223880597014925
"reynorj01",1987,1,"PIT","NL",335,7,0.0208955223880597
"reynorj01",1988,1,"PIT","NL",323,6,0.0185758513931889
"reynorj01",1989,1,"PIT","NL",363,6,0.0165289256198347
"rhodeka01",1994,1,"CHN","NL",269,8,0.0297397769516729
"ricebe01",2025,1,"NYA","AL",467,26,0.0556745182012848
"riceji01",1975,1,"BOS","AL",564,22,0.0390070921985816
"riceji01",1976,1,"BOS","AL",581,25,0.0430292598967298
"riceji01",1977,1,"BOS","AL",644,39,0.0605590062111801
"riceji01",1978,1,"BOS","AL",677,46,0.06794682422452
"riceji01",1979,1,"BOS","AL",619,39,0.0630048465266559
"riceji01",1980,1,"BOS","AL",504,24,0.0476190476190476
"riceji01",1981,1,"BOS","AL",451,17,0.0376940133037694
"riceji01",1982,1,"BOS","AL",573,24,0.0418848167539267
"riceji01",1983,1,"BOS","AL",626,39,0.0623003194888179
"riceji01",1984,1,"BOS","AL",657,28,0.0426179604261796
"riceji01",1985,1,"BOS","AL",546,27,0.0494505494505494
"riceji01",1986,1,"BOS","AL",618,20,0.0323624595469256
"riceji01",1987,1,"BOS","AL",404,13,0.0321782178217822
"riceji01",1988,1,"BOS","AL",485,15,0.0309278350515464
"riceji01",1989,1,"BOS","AL",209,3,0.0143540669856459
"richach01",2001,1,"BAL","AL",483,15,0.031055900621118
"richage01",1977,1,"SDN","NL",525,5,0.00952380952380952
"richage01",1978,1,"SDN","NL",555,4,0.00720720720720721
"richage01",1979,1,"SDN","NL",545,4,0.0073394495412844
"richage01",1980,1,"SDN","NL",642,4,0.00623052959501558
"richage01",1981,1,"SDN","NL",393,3,0.00763358778625954
"richage01",1982,1,"SDN","NL",521,3,0.00575815738963532
"richage01",1983,1,"SDN","NL",233,3,0.0128755364806867
"richale01",1971,1,"CHA","AL",260,2,0.00769230769230769
"richami01",1982,1,"TEX","AL",402,3,0.00746268656716418
"rickajo01",2016,1,"BAL","AL",257,5,0.0194552529182879
"rickajo01",2017,1,"BAL","AL",261,4,0.0153256704980843
"rickajo01",2018,1,"BAL","AL",213,8,0.0375586854460094
"riddljt01",2017,1,"MIA","NL",228,3,0.0131578947368421
"riddljt01",2018,1,"MIA","NL",308,9,0.0292207792207792
"rileser01",1985,1,"ML4","AL",448,5,0.0111607142857143
"rileser01",1986,1,"ML4","AL",524,9,0.017175572519084
"rileser01",1987,1,"ML4","AL",276,4,0.0144927536231884
"rileser01",1989,1,"SFN","NL",302,7,0.0231788079470199
"rileser01",1991,1,"OAK","AL",281,5,0.0177935943060498
"rileyau01",2019,1,"ATL","NL",274,18,0.0656934306569343
"rileyau01",2021,1,"ATL","NL",590,33,0.0559322033898305
"rileyau01",2022,1,"ATL","NL",615,38,0.0617886178861789
"rileyau01",2023,1,"ATL","NL",636,37,0.0581761006289308
"rileyau01",2024,1,"ATL","NL",425,19,0.0447058823529412
"rileyau01",2025,1,"ATL","NL",416,16,0.0384615384615385
"riosal01",2004,1,"TOR","AL",426,1,0.00234741784037559
"riosal01",2005,1,"TOR","AL",481,10,0.0207900207900208
"riosal01",2006,1,"TOR","AL",450,17,0.0377777777777778
"riosal01",2007,1,"TOR","AL",643,24,0.0373250388802488
"riosal01",2008,1,"TOR","AL",635,15,0.0236220472440945
"riosal01",2009,1,"TOR","AL",436,14,0.0321100917431193
"riosal01",2010,1,"CHA","AL",567,21,0.037037037037037
"riosal01",2011,1,"CHA","AL",537,13,0.0242085661080074
"riosal01",2012,1,"CHA","AL",605,25,0.0413223140495868
"riosal01",2013,1,"CHA","AL",430,12,0.027906976744186
"riosal01",2014,1,"TEX","AL",492,4,0.00813008130081301
"riosal01",2015,1,"KCA","AL",385,4,0.0103896103896104
"riosar01",2000,1,"SFN","NL",233,10,0.0429184549356223
"riosar01",2001,1,"SFN","NL",316,14,0.0443037974683544
"riosar01",2002,1,"PIT","NL",208,1,0.00480769230769231
"ripkebi01",1987,1,"BAL","AL",234,2,0.00854700854700855
"ripkebi01",1988,1,"BAL","AL",512,2,0.00390625
"ripkebi01",1989,1,"BAL","AL",318,2,0.00628930817610063
"ripkebi01",1990,1,"BAL","AL",406,3,0.00738916256157635
"ripkebi01",1992,1,"BAL","AL",330,4,0.0121212121212121
"ripkebi01",1997,1,"TEX","AL",203,3,0.0147783251231527
"ripkeca01",1982,1,"BAL","AL",598,28,0.0468227424749164
"ripkeca01",1983,1,"BAL","AL",663,27,0.0407239819004525
"ripkeca01",1984,1,"BAL","AL",641,27,0.0421216848673947
"ripkeca01",1985,1,"BAL","AL",642,26,0.0404984423676012
"ripkeca01",1986,1,"BAL","AL",627,25,0.0398724082934609
"ripkeca01",1987,1,"BAL","AL",624,27,0.0432692307692308
"ripkeca01",1988,1,"BAL","AL",575,23,0.04
"ripkeca01",1989,1,"BAL","AL",646,21,0.0325077399380805
"ripkeca01",1990,1,"BAL","AL",600,21,0.035
"ripkeca01",1991,1,"BAL","AL",650,34,0.0523076923076923
"ripkeca01",1992,1,"BAL","AL",637,14,0.021978021978022
"ripkeca01",1993,1,"BAL","AL",641,24,0.0374414976599064
"ripkeca01",1994,1,"BAL","AL",444,13,0.0292792792792793
"ripkeca01",1995,1,"BAL","AL",550,17,0.0309090909090909
"ripkeca01",1996,1,"BAL","AL",640,26,0.040625
"ripkeca01",1997,1,"BAL","AL",615,17,0.0276422764227642
"ripkeca01",1998,1,"BAL","AL",601,14,0.0232945091514143
"ripkeca01",1999,1,"BAL","AL",332,18,0.0542168674698795
"ripkeca01",2000,1,"BAL","AL",309,15,0.0485436893203883
"ripkeca01",2001,1,"BAL","AL",477,14,0.0293501048218029
"rivasal01",2022,1,"CHN","NL",251,3,0.0119521912350598
"rivaslu01",2001,1,"MIN","AL",563,7,0.0124333925399645
"rivaslu01",2002,1,"MIN","AL",316,4,0.0126582278481013
"rivaslu01",2003,1,"MIN","AL",475,8,0.0168421052631579
"rivaslu01",2004,1,"MIN","AL",336,10,0.0297619047619048
"rivaslu01",2008,1,"PIT","NL",206,3,0.0145631067961165
"riverbo01",1978,1,"MIN","AL",251,3,0.0119521912350598
"riverbo01",1979,1,"MIN","AL",263,2,0.00760456273764258
"riverem01",2023,1,"ARI","NL",257,4,0.0155642023346303
"riverem01",2024,1,"MIA","NL",201,1,0.00497512437810945
"riverge01",1984,1,"LAN","NL",227,2,0.00881057268722467
"riverju01",2004,1,"MON","NL",391,12,0.030690537084399
"riverju01",2005,1,"LAA","AL",350,15,0.0428571428571429
"riverju01",2006,1,"LAA","AL",448,23,0.0513392857142857
"riverju01",2008,1,"LAA","AL",256,12,0.046875
"riverju01",2009,1,"LAA","AL",529,25,0.0472589792060491
"riverju01",2010,1,"LAA","AL",416,15,0.0360576923076923
"riverju01",2011,1,"TOR","AL",247,6,0.0242914979757085
"riverju01",2011,2,"LAN","NL",219,5,0.0228310502283105
"riverju01",2012,1,"LAN","NL",312,9,0.0288461538461539
"riverlu01",1988,1,"MON","NL",371,4,0.0107816711590297
"riverlu01",1989,1,"BOS","AL",323,5,0.0154798761609907
"riverlu01",1990,1,"BOS","AL",346,7,0.0202312138728324
"riverlu01",1991,1,"BOS","AL",414,8,0.0193236714975845
"rivermi01",1971,1,"CAL","AL",268,1,0.00373134328358209
"rivermi01",1974,1,"CAL","AL",466,3,0.00643776824034335
"rivermi01",1975,1,"CAL","AL",616,1,0.00162337662337662
"rivermi01",1976,1,"NYA","AL",590,8,0.0135593220338983
"rivermi01",1977,1,"NYA","AL",565,12,0.0212389380530973
"rivermi01",1978,1,"NYA","AL",559,11,0.0196779964221825
"rivermi01",1979,1,"NYA","AL",286,3,0.0104895104895105
"rivermi01",1979,2,"TEX","AL",247,6,0.0242914979757085
"rivermi01",1980,1,"TEX","AL",630,7,0.0111111111111111
"rivermi01",1981,1,"TEX","AL",399,3,0.0075187969924812
"rivermi01",1983,1,"TEX","AL",309,1,0.00323624595469256
"rivermi01",1984,1,"TEX","AL",313,4,0.012779552715655
"riverre01",2014,1,"SDN","NL",294,11,0.0374149659863946
"riverre01",2015,1,"TBA","AL",298,5,0.0167785234899329
"riverru01",1999,1,"SDN","NL",411,23,0.0559610705596107
"riverru01",2000,1,"SDN","NL",423,17,0.0401891252955083
"riverru01",2001,1,"CIN","NL",263,10,0.0380228136882129
"rivertj01",2017,1,"NYN","NL",214,5,0.0233644859813084
"rizzoan01",2012,1,"CHN","NL",337,15,0.0445103857566766
"rizzoan01",2013,1,"CHN","NL",606,23,0.037953795379538
"rizzoan01",2014,1,"CHN","NL",524,32,0.0610687022900763
"rizzoan01",2015,1,"CHN","NL",586,31,0.052901023890785
"rizzoan01",2016,1,"CHN","NL",583,32,0.0548885077186964
"rizzoan01",2017,1,"CHN","NL",572,32,0.0559440559440560
"rizzoan01",2018,1,"CHN","NL",566,25,0.0441696113074205
"rizzoan01",2019,1,"CHN","NL",512,27,0.052734375
"rizzoan01",2020,1,"CHN","NL",203,11,0.0541871921182266
"rizzoan01",2021,1,"CHN","NL",323,14,0.043343653250774
"rizzoan01",2022,1,"NYA","AL",465,32,0.0688172043010753
"rizzoan01",2023,1,"NYA","AL",373,12,0.032171581769437
"rizzoan01",2024,1,"NYA","AL",337,8,0.0237388724035608
"roberan01",1983,1,"NYA","AL",322,1,0.0031055900621118
"roberbi01",1986,1,"SDN","NL",241,1,0.004149377593361
"roberbi01",1989,1,"SDN","NL",329,3,0.00911854103343465
"roberbi01",1990,1,"SDN","NL",556,9,0.0161870503597122
"roberbi01",1991,1,"SDN","NL",424,3,0.00707547169811321
"roberbi01",1992,1,"CIN","NL",532,4,0.0075187969924812
"roberbi01",1993,1,"CIN","NL",292,1,0.00342465753424658
"roberbi01",1994,1,"SDN","NL",403,2,0.00496277915632754
"roberbi01",1995,1,"SDN","NL",296,2,0.00675675675675676
"roberbi01",1997,1,"KCA","AL",346,1,0.00289017341040462
"roberbo01",1970,1,"PIT","NL",390,27,0.0692307692307692
"roberbo01",1971,1,"PIT","NL",469,26,0.0554371002132196
"roberbo01",1972,1,"PIT","NL",306,12,0.0392156862745098
"roberbo01",1973,1,"PIT","NL",397,14,0.035264483627204
"roberbo01",1974,1,"PIT","NL",236,16,0.0677966101694915
"roberbr01",2001,1,"BAL","AL",273,2,0.00732600732600733
"roberbr01",2003,1,"BAL","AL",460,5,0.0108695652173913
"roberbr01",2004,1,"BAL","AL",641,4,0.0062402496099844
"roberbr01",2005,1,"BAL","AL",561,18,0.0320855614973262
"roberbr01",2006,1,"BAL","AL",563,10,0.0177619893428064
"roberbr01",2007,1,"BAL","AL",621,12,0.0193236714975845
"roberbr01",2008,1,"BAL","AL",611,9,0.0147299509001637
"roberbr01",2009,1,"BAL","AL",632,16,0.0253164556962025
"roberbr01",2010,1,"BAL","AL",230,4,0.0173913043478261
"roberbr01",2013,1,"BAL","AL",265,8,0.030188679245283
"roberbr01",2014,1,"NYA","AL",317,5,0.0157728706624606
"roberda06",1972,1,"SDN","NL",418,5,0.0119617224880383
"roberda06",1973,1,"SDN","NL",479,21,0.0438413361169102
"roberda06",1974,1,"SDN","NL",318,5,0.0157232704402516
"roberda06",1980,1,"TEX","AL",235,10,0.0425531914893617
"roberda07",2002,1,"LAN","NL",422,3,0.00710900473933649
"roberda07",2003,1,"LAN","NL",388,2,0.00515463917525773
"roberda07",2004,1,"LAN","NL",233,2,0.00858369098712446
"roberda07",2005,1,"SDN","NL",411,8,0.0194647201946472
"roberda07",2006,1,"SDN","NL",499,2,0.00400801603206413
"roberda07",2007,1,"SFN","NL",396,2,0.00505050505050505
"roberda10",2017,1,"TBA","AL",218,5,0.0229357798165138
"roberda10",2018,1,"TBA","AL",282,9,0.0319148936170213
"roberda10",2019,1,"TBA","AL",207,2,0.00966183574879227
"roberle01",1975,1,"DET","AL",447,10,0.0223713646532438
"roberle01",1976,1,"HOU","NL",235,7,0.0297872340425532
"roberle01",1978,1,"SEA","AL",472,22,0.0466101694915254
"roberle01",1979,1,"SEA","AL",450,15,0.0333333333333333
"roberle01",1980,1,"SEA","AL",374,10,0.0267379679144385
"roberle01",1981,1,"TEX","AL",233,4,0.0171673819742489
"roberle01",1983,1,"KCA","AL",213,8,0.0375586854460094
"roberlu01",2020,1,"CHA","AL",202,11,0.0544554455445545
"roberlu01",2021,1,"CHA","AL",275,13,0.0472727272727273
"roberlu01",2022,1,"CHA","AL",380,12,0.0315789473684211
"roberlu01",2023,1,"CHA","AL",546,38,0.0695970695970696
"roberlu01",2024,1,"CHA","AL",393,14,0.0356234096692112
"roberlu01",2025,1,"CHA","AL",382,14,0.0366492146596859
"roberry01",2009,1,"ARI","NL",305,7,0.0229508196721311
"roberry01",2011,1,"ARI","NL",482,19,0.0394190871369295
"roberry01",2012,1,"ARI","NL",252,6,0.0238095238095238
"robinbi02",1973,1,"PHI","NL",452,25,0.0553097345132743
"robinbi02",1974,1,"PHI","NL",280,5,0.0178571428571429
"robinbi02",1975,1,"PIT","NL",200,6,0.03
"robinbi02",1976,1,"PIT","NL",393,21,0.0534351145038168
"robinbi02",1977,1,"PIT","NL",507,26,0.0512820512820513
"robinbi02",1978,1,"PIT","NL",499,14,0.0280561122244489
"robinbi02",1979,1,"PIT","NL",421,24,0.0570071258907363
"robinbi02",1980,1,"PIT","NL",272,12,0.0441176470588235
"robinbr01",1970,1,"BAL","AL",608,18,0.0296052631578947
"robinbr01",1971,1,"BAL","AL",589,20,0.033955857385399
"robinbr01",1972,1,"BAL","AL",556,8,0.0143884892086331
"robinbr01",1973,1,"BAL","AL",549,9,0.0163934426229508
"robinbr01",1974,1,"BAL","AL",553,7,0.0126582278481013
"robinbr01",1975,1,"BAL","AL",482,6,0.012448132780083
"robinbr01",1976,1,"BAL","AL",218,3,0.0137614678899083
"robincl01",2015,1,"WAS","NL",309,10,0.0323624595469256
"robinfr02",1970,1,"BAL","AL",471,25,0.0530785562632696
"robinfr02",1971,1,"BAL","AL",455,28,0.0615384615384615
"robinfr02",1972,1,"LAN","NL",342,19,0.0555555555555556
"robinfr02",1973,1,"CAL","AL",534,30,0.0561797752808989
"robinfr02",1974,1,"CAL","AL",427,20,0.0468384074941452
"robinke02",2003,1,"SLN","NL",208,1,0.00480769230769231
"robleos01",2005,1,"LAN","NL",364,5,0.0137362637362637
"roblevi01",2019,1,"WAS","NL",546,17,0.0311355311355311
"roblevi01",2021,1,"WAS","NL",315,2,0.00634920634920635
"roblevi01",2022,1,"WAS","NL",366,6,0.0163934426229508
"roblevi01",2024,2,"SEA","AL",229,4,0.0174672489082969
"rocchbr01",2024,1,"CLE","AL",383,8,0.02088772845953
"rocchbr01",2025,1,"CLE","AL",344,5,0.0145348837209302
"rockepa01",1977,1,"ATL","NL",264,1,0.00378787878787879
"rodgebr02",2021,1,"COL","NL",387,15,0.0387596899224806
"rodgebr02",2022,1,"COL","NL",527,13,0.0246679316888046
"rodgebr02",2024,1,"COL","NL",501,13,0.0259481037924152
"rodrial01",1996,1,"SEA","AL",601,36,0.0599001663893511
"rodrial01",1997,1,"SEA","AL",587,23,0.0391822827938671
"rodrial01",1998,1,"SEA","AL",686,42,0.0612244897959184
"rodrial01",1999,1,"SEA","AL",502,42,0.0836653386454183
"rodrial01",2000,1,"SEA","AL",554,41,0.0740072202166065
"rodrial01",2001,1,"TEX","AL",632,52,0.0822784810126582
"rodrial01",2002,1,"TEX","AL",624,57,0.0913461538461539
"rodrial01",2003,1,"TEX","AL",607,47,0.0774299835255354
"rodrial01",2004,1,"NYA","AL",601,36,0.0599001663893511
"rodrial01",2005,1,"NYA","AL",605,48,0.0793388429752066
"rodrial01",2006,1,"NYA","AL",572,35,0.0611888111888112
"rodrial01",2007,1,"NYA","AL",583,54,0.0926243567753002
"rodrial01",2008,1,"NYA","AL",510,35,0.0686274509803922
"rodrial01",2009,1,"NYA","AL",444,30,0.0675675675675676
"rodrial01",2010,1,"NYA","AL",522,30,0.0574712643678161
"rodrial01",2011,1,"NYA","AL",373,16,0.0428954423592493
"rodrial01",2012,1,"NYA","AL",463,18,0.0388768898488121
"rodrial01",2015,1,"NYA","AL",523,33,0.0630975143403442
"rodrial01",2016,1,"NYA","AL",225,9,0.04
"rodriau01",1970,2,"WS2","AL",547,19,0.0347349177330896
"rodriau01",1971,1,"DET","AL",604,15,0.0248344370860927
"rodriau01",1972,1,"DET","AL",601,13,0.021630615640599
"rodriau01",1973,1,"DET","AL",555,9,0.0162162162162162
"rodriau01",1974,1,"DET","AL",571,5,0.00875656742556918
"rodriau01",1975,1,"DET","AL",507,13,0.0256410256410256
"rodriau01",1976,1,"DET","AL",480,8,0.0166666666666667
"rodriau01",1977,1,"DET","AL",306,10,0.0326797385620915
"rodriau01",1978,1,"DET","AL",385,7,0.0181818181818182
"rodriau01",1979,1,"DET","AL",343,5,0.0145772594752187
"rodriau01",1982,1,"CHA","AL",257,3,0.0116731517509728
"rodriel01",1970,1,"KCA","AL",231,1,0.00432900432900433
"rodriel01",1971,1,"ML4","AL",319,1,0.00313479623824451
"rodriel01",1972,1,"ML4","AL",355,2,0.00563380281690141
"rodriel01",1974,1,"CAL","AL",395,7,0.0177215189873418
"rodriel01",1975,1,"CAL","AL",226,3,0.0132743362831858
"rodrihe02",1994,1,"LAN","NL",306,8,0.0261437908496732
"rodrihe02",1996,1,"MON","NL",532,36,0.0676691729323308
"rodrihe02",1997,1,"MON","NL",476,26,0.0546218487394958
"rodrihe02",1998,1,"CHN","NL",415,31,0.0746987951807229
"rodrihe02",1999,1,"CHN","NL",447,26,0.058165548098434
"rodrihe02",2000,1,"CHN","NL",259,18,0.0694980694980695
"rodriiv01",1991,1,"TEX","AL",280,3,0.0107142857142857
"rodriiv01",1992,1,"TEX","AL",420,8,0.019047619047619
"rodriiv01",1993,1,"TEX","AL",473,10,0.0211416490486258
"rodriiv01",1994,1,"TEX","AL",363,16,0.0440771349862259
"rodriiv01",1995,1,"TEX","AL",492,12,0.024390243902439
"rodriiv01",1996,1,"TEX","AL",639,19,0.0297339593114241
"rodriiv01",1997,1,"TEX","AL",597,20,0.033500837520938
"rodriiv01",1998,1,"TEX","AL",579,21,0.0362694300518135
"rodriiv01",1999,1,"TEX","AL",600,35,0.0583333333333333
"rodriiv01",2000,1,"TEX","AL",363,27,0.0743801652892562
"rodriiv01",2001,1,"TEX","AL",442,25,0.0565610859728507
"rodriiv01",2002,1,"TEX","AL",408,19,0.0465686274509804
"rodriiv01",2003,1,"FLO","NL",511,16,0.0313111545988258
"rodriiv01",2004,1,"DET","AL",527,19,0.0360531309297913
"rodriiv01",2005,1,"DET","AL",504,14,0.0277777777777778
"rodriiv01",2006,1,"DET","AL",547,13,0.0237659963436929
"rodriiv01",2007,1,"DET","AL",502,11,0.0219123505976096
"rodriiv01",2008,1,"DET","AL",302,5,0.0165562913907285
"rodriiv01",2009,1,"HOU","NL",327,8,0.0244648318042813
"rodriiv01",2010,1,"WAS","NL",398,4,0.0100502512562814
"rodriju01",2022,1,"SEA","AL",511,28,0.0547945205479452
"rodriju01",2023,1,"SEA","AL",654,32,0.0489296636085627
"rodriju01",2024,1,"SEA","AL",567,20,0.0352733686067019
"rodriju01",2025,1,"SEA","AL",652,32,0.049079754601227
"rodrilu01",2009,1,"SDN","NL",208,2,0.00961538461538461
"rodriro03",2019,1,"DET","AL",276,14,0.0507246376811594
"rodrise01",2010,1,"TBA","AL",343,9,0.0262390670553936
"rodrise01",2011,1,"TBA","AL",373,8,0.0214477211796247
"rodrise01",2012,1,"TBA","AL",301,6,0.0199335548172757
"rodrise01",2014,1,"TBA","AL",237,12,0.0506329113924051
"rodrise01",2015,1,"PIT","NL",224,4,0.0178571428571429
"rodrise01",2016,1,"PIT","NL",300,18,0.06
"roeniga01",1979,1,"BAL","AL",376,25,0.0664893617021277
"roeniga01",1980,1,"BAL","AL",297,10,0.0336700336700337
"roeniga01",1981,1,"BAL","AL",219,3,0.0136986301369863
"roeniga01",1982,1,"BAL","AL",393,21,0.0534351145038168
"roeniga01",1983,1,"BAL","AL",323,19,0.0588235294117647
"roeniga01",1984,1,"BAL","AL",326,10,0.0306748466257669
"roeniga01",1985,1,"BAL","AL",225,15,0.0666666666666667
"roeniro01",1986,1,"PHI","NL",275,5,0.0181818181818182
"rogerja03",2023,1,"DET","AL",331,21,0.0634441087613293
"rogerja03",2024,1,"DET","AL",310,10,0.032258064516129
"rojasco01",1970,2,"KCA","AL",384,2,0.00520833333333333
"rojasco01",1971,1,"KCA","AL",414,6,0.0144927536231884
"rojasco01",1972,1,"KCA","AL",487,3,0.00616016427104723
"rojasco01",1973,1,"KCA","AL",551,6,0.0108892921960073
"rojasco01",1974,1,"KCA","AL",542,6,0.011070110701107
"rojasco01",1975,1,"KCA","AL",406,2,0.00492610837438424
"rojasjo01",2021,1,"ARI","NL",484,11,0.0227272727272727
"rojasjo01",2022,1,"ARI","NL",443,9,0.0203160270880361
"rojasjo01",2024,1,"SEA","AL",422,8,0.018957345971564
"rojasjo03",2024,1,"PHI","NL",338,3,0.00887573964497042
"rojasmi02",2017,1,"MIA","NL",272,1,0.00367647058823529
"rojasmi02",2018,1,"MIA","NL",488,11,0.0225409836065574
"rojasmi02",2019,1,"MIA","NL",483,5,0.010351966873706
"rojasmi02",2021,1,"MIA","NL",495,9,0.0181818181818182
"rojasmi02",2022,1,"MIA","NL",471,6,0.0127388535031847
"rojasmi02",2023,1,"LAN","NL",385,5,0.012987012987013
"rojasmi02",2024,1,"LAN","NL",307,6,0.0195439739413681
"rojasmi02",2025,1,"LAN","NL",290,7,0.0241379310344828
"rolensc01",1997,1,"PHI","NL",561,21,0.0374331550802139
"rolensc01",1998,1,"PHI","NL",601,31,0.0515806988352745
"rolensc01",1999,1,"PHI","NL",421,26,0.0617577197149644
"rolensc01",2000,1,"PHI","NL",483,26,0.0538302277432712
"rolensc01",2001,1,"PHI","NL",554,25,0.0451263537906137
"rolensc01",2002,1,"PHI","NL",375,17,0.0453333333333333
"rolensc01",2002,2,"SLN","NL",205,14,0.0682926829268293
"rolensc01",2003,1,"SLN","NL",559,28,0.0500894454382827
"rolensc01",2004,1,"SLN","NL",500,34,0.068
"rolensc01",2006,1,"SLN","NL",521,22,0.0422264875239923
"rolensc01",2007,1,"SLN","NL",392,8,0.0204081632653061
"rolensc01",2008,1,"TOR","AL",408,11,0.0269607843137255
"rolensc01",2009,1,"TOR","AL",338,8,0.0236686390532544
"rolensc01",2010,1,"CIN","NL",471,20,0.0424628450106157
"rolensc01",2011,1,"CIN","NL",252,5,0.0198412698412698
"rolensc01",2012,1,"CIN","NL",294,8,0.0272108843537415
"rolliji01",2001,1,"PHI","NL",656,14,0.0213414634146341
"rolliji01",2002,1,"PHI","NL",637,11,0.0172684458398744
"rolliji01",2003,1,"PHI","NL",628,8,0.0127388535031847
"rolliji01",2004,1,"PHI","NL",657,14,0.0213089802130898
"rolliji01",2005,1,"PHI","NL",677,12,0.017725258493353
"rolliji01",2006,1,"PHI","NL",689,25,0.0362844702467344
"rolliji01",2007,1,"PHI","NL",716,30,0.0418994413407821
"rolliji01",2008,1,"PHI","NL",556,11,0.0197841726618705
"rolliji01",2009,1,"PHI","NL",672,21,0.03125
"rolliji01",2010,1,"PHI","NL",350,8,0.0228571428571429
"rolliji01",2011,1,"PHI","NL",567,16,0.0282186948853616
"rolliji01",2012,1,"PHI","NL",632,23,0.0363924050632911
"rolliji01",2013,1,"PHI","NL",600,6,0.01
"rolliji01",2014,1,"PHI","NL",538,17,0.0315985130111524
"rolliji01",2015,1,"LAN","NL",517,13,0.0251450676982592
"rollsda01",2001,1,"TBA","AL",237,2,0.00843881856540084
"rollsda01",2003,1,"TBA","AL",373,7,0.0187667560321716
"romered01",1984,1,"ML4","AL",357,1,0.00280112044817927
"romered01",1986,1,"BOS","AL",233,2,0.00858369098712446
"rominan01",2014,1,"DET","AL",251,2,0.00796812749003984
"rominan01",2017,1,"DET","AL",318,4,0.0125786163522013
"rominau01",2017,1,"NYA","AL",229,2,0.00873362445414847
"rominau01",2018,1,"NYA","AL",242,10,0.0413223140495868
"rominau01",2019,1,"NYA","AL",228,8,0.0350877192982456
"rominke01",1989,1,"BOS","AL",274,1,0.00364963503649635
"roofph01",1970,1,"ML4","AL",321,13,0.0404984423676012
"rookebr01",2023,1,"OAK","AL",463,30,0.0647948164146868
"rookebr01",2024,1,"OAK","AL",546,39,0.0714285714285714
"rookebr01",2025,1,"ATH","AL",626,30,0.0479233226837061
"roomero01",1989,1,"CIN","NL",315,7,0.0222222222222222
"rortvbe01",2024,1,"TBA","AL",290,3,0.0103448275862069
"rosalad01",2009,1,"CIN","NL",230,4,0.0173913043478261
"rosalad01",2010,1,"OAK","AL",255,7,0.0274509803921569
"rosalad01",2016,1,"SDN","NL",214,13,0.0607476635514019
"rosalad01",2017,1,"OAK","AL",205,4,0.0195121951219512
"rosaram01",2018,1,"NYN","NL",554,9,0.0162454873646209
"rosaram01",2019,1,"NYN","NL",616,15,0.0243506493506493
"rosaram01",2021,1,"CLE","AL",550,11,0.02
"rosaram01",2022,1,"CLE","AL",637,11,0.0172684458398744
"rosaram01",2023,1,"CLE","AL",385,3,0.00779220779220779
"rosaram01",2024,1,"TBA","AL",264,2,0.00757575757575758
"rosared01",2015,1,"MIN","AL",453,13,0.0286975717439294
"rosared01",2016,1,"MIN","AL",335,10,0.0298507462686567
"rosared01",2017,1,"MIN","AL",542,27,0.0498154981549815
"rosared01",2018,1,"MIN","AL",559,24,0.0429338103756708
"rosared01",2019,1,"MIN","AL",562,32,0.0569395017793594
"rosared01",2020,1,"MIN","AL",210,13,0.0619047619047619
"rosared01",2021,1,"CLE","AL",283,7,0.0247349823321555
"rosared01",2022,1,"ATL","NL",250,5,0.02
"rosared01",2023,1,"ATL","NL",478,21,0.0439330543933054
"rosared01",2024,1,"WAS","NL",219,7,0.0319634703196347
"rosarwi01",2012,1,"COL","NL",396,28,0.0707070707070707
"rosarwi01",2013,1,"COL","NL",449,21,0.0467706013363029
"rosarwi01",2014,1,"COL","NL",382,13,0.0340314136125654
"rosarwi01",2015,1,"COL","NL",231,6,0.025974025974026
"roselda01",1976,1,"CHN","NL",227,1,0.00440528634361234
"rosepe01",1970,1,"CIN","NL",649,15,0.0231124807395994
"rosepe01",1971,1,"CIN","NL",632,13,0.0205696202531646
"rosepe01",1972,1,"CIN","NL",645,6,0.00930232558139535
"rosepe01",1973,1,"CIN","NL",680,5,0.00735294117647059
"rosepe01",1974,1,"CIN","NL",652,3,0.00460122699386503
"rosepe01",1975,1,"CIN","NL",662,7,0.0105740181268882
"rosepe01",1976,1,"CIN","NL",665,10,0.0150375939849624
"rosepe01",1977,1,"CIN","NL",655,9,0.0137404580152672
"rosepe01",1978,1,"CIN","NL",655,7,0.0106870229007634
"rosepe01",1979,1,"PHI","NL",628,4,0.00636942675159236
"rosepe01",1980,1,"PHI","NL",655,1,0.00152671755725191
"rosepe01",1982,1,"PHI","NL",634,3,0.00473186119873817
"rosepe01",1985,1,"CIN","NL",405,2,0.00493827160493827
"rossco01",2006,3,"FLO","NL",250,11,0.044
"rossco01",2008,1,"FLO","NL",461,22,0.0477223427331887
"rossco01",2009,1,"FLO","NL",559,24,0.0429338103756708
"rossco01",2010,1,"FLO","NL",452,11,0.0243362831858407
"rossco01",2011,1,"SFN","NL",405,14,0.0345679012345679
"rossco01",2012,1,"BOS","AL",476,22,0.046218487394958
"rossco01",2013,1,"ARI","NL",317,8,0.0252365930599369
"rossco01",2014,1,"ARI","NL",202,2,0.0099009900990099
"rossda01",2006,1,"CIN","NL",247,21,0.0850202429149798
"rossda01",2007,1,"CIN","NL",311,17,0.0546623794212219
"rowanaa01",2002,1,"CHA","AL",302,7,0.0231788079470199
"rowanaa01",2004,1,"CHA","AL",487,24,0.0492813141683778
"rowanaa01",2005,1,"CHA","AL",578,13,0.0224913494809689
"rowanaa01",2006,1,"PHI","NL",405,12,0.0296296296296296
"rowanaa01",2007,1,"PHI","NL",612,27,0.0441176470588235
"rowanaa01",2008,1,"SFN","NL",549,13,0.0236794171220401
"rowanaa01",2009,1,"SFN","NL",499,15,0.030060120240481
"rowanaa01",2010,1,"SFN","NL",331,11,0.0332326283987915
"rowanaa01",2011,1,"SFN","NL",331,4,0.0120845921450151
"roystje01",1976,1,"ATL","NL",533,5,0.00938086303939962
"roystje01",1977,1,"ATL","NL",445,6,0.0134831460674157
"roystje01",1978,1,"ATL","NL",529,2,0.00378071833648393
"roystje01",1979,1,"ATL","NL",601,3,0.00499168053244592
"roystje01",1980,1,"ATL","NL",392,1,0.00255102040816326
"roystje01",1982,1,"ATL","NL",261,2,0.00766283524904214
"roystje01",1983,1,"ATL","NL",268,3,0.0111940298507463
"roystje01",1984,1,"ATL","NL",227,1,0.00440528634361234
"roystje01",1985,1,"SDN","NL",249,5,0.0200803212851406
"roystje01",1986,1,"SDN","NL",257,5,0.0194552529182879
"ruary01",2016,1,"TEX","AL",240,8,0.0333333333333333
"rudijo01",1970,1,"OAK","AL",350,11,0.0314285714285714
"rudijo01",1971,1,"OAK","AL",513,10,0.0194931773879142
"rudijo01",1972,1,"OAK","AL",593,19,0.0320404721753794
"rudijo01",1973,1,"OAK","AL",437,12,0.0274599542334096
"rudijo01",1974,1,"OAK","AL",593,22,0.0370994940978078
"rudijo01",1975,1,"OAK","AL",468,21,0.0448717948717949
"rudijo01",1976,1,"OAK","AL",500,13,0.026
"rudijo01",1977,1,"CAL","AL",242,13,0.0537190082644628
"rudijo01",1978,1,"CAL","AL",497,17,0.03420523138833
"rudijo01",1979,1,"CAL","AL",330,11,0.0333333333333333
"rudijo01",1980,1,"CAL","AL",372,16,0.043010752688172
"rufda01",2013,1,"PHI","NL",251,14,0.0557768924302789
"rufda01",2015,1,"PHI","NL",268,12,0.0447761194029851
"rufda01",2021,1,"SFN","NL",262,16,0.0610687022900763
"rufda01",2022,1,"SFN","NL",268,11,0.041044776119403
"ruggiju01",2012,1,"MIA","NL",288,13,0.0451388888888889
"ruggiju01",2013,1,"MIA","NL",424,18,0.0424528301886792
"ruggiju01",2014,1,"CHN","NL",224,6,0.0267857142857143
"ruizca01",2007,1,"PHI","NL",374,6,0.0160427807486631
"ruizca01",2008,1,"PHI","NL",320,4,0.0125
"ruizca01",2009,1,"PHI","NL",322,9,0.0279503105590062
"ruizca01",2010,1,"PHI","NL",371,8,0.0215633423180593
"ruizca01",2011,1,"PHI","NL",410,6,0.0146341463414634
"ruizca01",2012,1,"PHI","NL",372,16,0.043010752688172
"ruizca01",2013,1,"PHI","NL",310,5,0.0161290322580645
"ruizca01",2014,1,"PHI","NL",381,6,0.015748031496063
"ruizca01",2015,1,"PHI","NL",284,2,0.00704225352112676
"ruizes01",2023,1,"OAK","AL",449,5,0.0111358574610245
"ruizke01",2022,1,"WAS","NL",394,7,0.0177664974619289
"ruizke01",2023,1,"WAS","NL",523,18,0.0344168260038241
"ruizke01",2024,1,"WAS","NL",459,13,0.028322440087146
"ruizke01",2025,1,"WAS","NL",255,2,0.00784313725490196
"ruizri01",2019,1,"BAL","AL",370,12,0.0324324324324324
"ruppca01",2015,1,"PHI","NL",270,9,0.0333333333333333
"ruppca01",2016,1,"PHI","NL",389,16,0.0411311053984576
"ruppca01",2017,1,"PHI","NL",295,14,0.0474576271186441
"russead02",2015,1,"CHN","NL",475,13,0.0273684210526316
"russead02",2016,1,"CHN","NL",525,21,0.04
"russead02",2017,1,"CHN","NL",352,12,0.0340909090909091
"russead02",2018,1,"CHN","NL",420,5,0.0119047619047619
"russead02",2019,1,"CHN","NL",215,9,0.0418604651162791
"russebi01",1971,1,"LAN","NL",211,2,0.00947867298578199
"russebi01",1972,1,"LAN","NL",434,4,0.00921658986175115
"russebi01",1973,1,"LAN","NL",615,4,0.00650406504065041
"russebi01",1974,1,"LAN","NL",553,5,0.00904159132007233
"russebi01",1976,1,"LAN","NL",554,5,0.00902527075812274
"russebi01",1977,1,"LAN","NL",634,4,0.00630914826498423
"russebi01",1978,1,"LAN","NL",625,3,0.0048
"russebi01",1979,1,"LAN","NL",627,7,0.0111642743221691
"russebi01",1980,1,"LAN","NL",466,3,0.00643776824034335
"russebi01",1982,1,"LAN","NL",497,3,0.00603621730382294
"russebi01",1983,1,"LAN","NL",451,1,0.00221729490022173
"russejo02",1985,1,"PHI","NL",216,9,0.0416666666666667
"russejo02",1986,1,"PHI","NL",315,13,0.0412698412698413
"rutlejo01",2012,1,"COL","NL",277,8,0.0288808664259928
"rutlejo01",2013,1,"COL","NL",285,7,0.0245614035087719
"rutlejo01",2014,1,"COL","NL",309,4,0.0129449838187702
"rutscad01",2022,1,"BAL","AL",398,13,0.0326633165829146
"rutscad01",2023,1,"BAL","AL",588,20,0.0340136054421769
"rutscad01",2024,1,"BAL","AL",571,19,0.0332749562171629
"rutscad01",2025,1,"BAL","AL",322,9,0.0279503105590062
"ryalru01",2010,1,"ARI","NL",207,3,0.0144927536231884
"ryanbr01",2009,1,"SLN","NL",390,3,0.00769230769230769
"ryanbr01",2010,1,"SLN","NL",439,2,0.00455580865603645
"ryanbr01",2011,1,"SEA","AL",436,3,0.00688073394495413
"ryanbr01",2012,1,"SEA","AL",407,3,0.00737100737100737
"ryanbr01",2013,1,"SEA","AL",260,3,0.0115384615384615
"saboch01",1988,1,"CIN","NL",538,11,0.0204460966542751
"saboch01",1989,1,"CIN","NL",304,6,0.0197368421052632
"saboch01",1990,1,"CIN","NL",567,25,0.0440917107583774
"saboch01",1991,1,"CIN","NL",582,26,0.0446735395189003
"saboch01",1992,1,"CIN","NL",344,12,0.0348837209302326
"saboch01",1993,1,"CIN","NL",552,21,0.0380434782608696
"saboch01",1994,1,"BAL","AL",258,11,0.0426356589147287
"sabolbl01",2023,1,"SFN","NL",310,13,0.0419354838709677
"saenzol01",1999,1,"OAK","AL",255,11,0.0431372549019608
"saenzol01",2000,1,"OAK","AL",214,9,0.0420560747663551
"saenzol01",2001,1,"OAK","AL",305,9,0.0295081967213115
"saenzol01",2005,1,"LAN","NL",319,15,0.0470219435736677
"saggeth01",2025,1,"SLN","NL",275,2,0.00727272727272727
"sakatle01",1982,1,"BAL","AL",343,6,0.0174927113702624
"saladty01",2015,1,"CHA","AL",236,4,0.0169491525423729
"saladty01",2016,1,"CHA","AL",298,8,0.0268456375838926
"salasma01",1985,1,"MIN","AL",360,9,0.025
"salasma01",1986,1,"MIN","AL",258,8,0.0310077519379845
"salazan01",1987,1,"KCA","AL",317,2,0.00630914826498423
"salazlu01",1981,1,"SDN","NL",400,3,0.0075
"salazlu01",1982,1,"SDN","NL",524,8,0.0152671755725191
"salazlu01",1983,1,"SDN","NL",481,14,0.0291060291060291
"salazlu01",1984,1,"SDN","NL",228,3,0.0131578947368421
"salazlu01",1985,1,"CHA","AL",327,10,0.0305810397553517
"salazlu01",1988,1,"DET","AL",452,12,0.0265486725663717
"salazlu01",1989,1,"SDN","NL",246,8,0.032520325203252
"salazlu01",1990,1,"CHN","NL",410,12,0.0292682926829268
"salazlu01",1991,1,"CHN","NL",333,14,0.042042042042042
"salazlu01",1992,1,"CHN","NL",255,5,0.0196078431372549
"salmoti01",1993,1,"CAL","AL",515,31,0.0601941747572815
"salmoti01",1994,1,"CAL","AL",373,23,0.0616621983914209
"salmoti01",1995,1,"CAL","AL",537,34,0.0633147113594041
"salmoti01",1996,1,"CAL","AL",581,30,0.0516351118760757
"salmoti01",1997,1,"ANA","AL",582,33,0.056701030927835
"salmoti01",1998,1,"ANA","AL",463,26,0.0561555075593953
"salmoti01",1999,1,"ANA","AL",353,17,0.0481586402266289
"salmoti01",2000,1,"ANA","AL",568,34,0.0598591549295775
"salmoti01",2001,1,"ANA","AL",475,17,0.0357894736842105
"salmoti01",2002,1,"ANA","AL",483,22,0.0455486542443064
"salmoti01",2003,1,"ANA","AL",528,19,0.0359848484848485
"salmoti01",2006,1,"LAA","AL",211,9,0.042654028436019
"saltaja01",2009,1,"TEX","AL",283,9,0.0318021201413428
"saltaja01",2011,1,"BOS","AL",358,16,0.0446927374301676
"saltaja01",2012,1,"BOS","AL",405,25,0.0617283950617284
"saltaja01",2013,1,"BOS","AL",425,14,0.0329411764705882
"saltaja01",2014,1,"MIA","NL",373,11,0.0294906166219839
"saltaja01",2016,1,"DET","AL",246,12,0.048780487804878
"samplbi01",1979,1,"TEX","AL",325,5,0.0153846153846154
"samplbi01",1980,1,"TEX","AL",204,4,0.0196078431372549
"samplbi01",1981,1,"TEX","AL",230,3,0.0130434782608696
"samplbi01",1982,1,"TEX","AL",360,10,0.0277777777777778
"samplbi01",1983,1,"TEX","AL",554,12,0.0216606498194946
"samplbi01",1984,1,"TEX","AL",489,5,0.0102249488752556
"samplbi01",1986,1,"ATL","NL",200,6,0.03
"samueju01",1984,1,"PHI","NL",701,15,0.021398002853067
"samueju01",1985,1,"PHI","NL",663,19,0.028657616892911
"samueju01",1986,1,"PHI","NL",591,16,0.027072758037225
"samueju01",1987,1,"PHI","NL",655,28,0.0427480916030534
"samueju01",1988,1,"PHI","NL",629,12,0.0190779014308426
"samueju01",1989,2,"NYN","NL",333,3,0.00900900900900901
"samueju01",1990,1,"LAN","NL",492,13,0.0264227642276423
"samueju01",1991,1,"LAN","NL",594,12,0.0202020202020202
"samueju01",1993,1,"CIN","NL",261,4,0.0153256704980843
"sanchal03",2002,1,"MIL","NL",394,1,0.00253807106598985
"sanchal03",2003,2,"DET","AL",394,1,0.00253807106598985
"sanchal03",2004,1,"DET","AL",332,2,0.00602409638554217
"sanchan02",2011,1,"HOU","NL",288,1,0.00347222222222222
"sanchca01",2015,1,"CHA","AL",389,5,0.012853470437018
"sanchca01",2017,1,"CHA","AL",484,12,0.0247933884297521
"sanchca01",2018,1,"CHA","AL",600,8,0.0133333333333333
"sanchca01",2019,1,"CHA","AL",496,2,0.00403225806451613
"sanchfr01",2005,1,"PIT","NL",453,5,0.011037527593819
"sanchfr01",2006,1,"PIT","NL",582,6,0.0103092783505155
"sanchfr01",2007,1,"PIT","NL",602,11,0.0182724252491694
"sanchfr01",2008,1,"PIT","NL",569,9,0.015817223198594
"sanchfr01",2009,1,"PIT","NL",355,6,0.0169014084507042
"sanchfr01",2010,1,"SFN","NL",431,7,0.0162412993039443
"sanchfr01",2011,1,"SFN","NL",239,3,0.0125523012552301
"sanchga01",2010,1,"FLO","NL",572,19,0.0332167832167832
"sanchga01",2011,1,"FLO","NL",572,19,0.0332167832167832
"sanchga01",2013,1,"PIT","NL",264,7,0.0265151515151515
"sanchga01",2014,1,"PIT","NL",262,7,0.0267175572519084
"sanchga02",2016,1,"NYA","AL",201,20,0.0995024875621891
"sanchga02",2017,1,"NYA","AL",471,33,0.0700636942675159
"sanchga02",2018,1,"NYA","AL",323,18,0.0557275541795666
"sanchga02",2019,1,"NYA","AL",396,34,0.0858585858585858
"sanchga02",2021,1,"NYA","AL",383,23,0.0600522193211488
"sanchga02",2022,1,"MIN","AL",419,16,0.0381861575178998
"sanchga02",2023,2,"SDN","NL",234,19,0.0811965811965812
"sanchga02",2024,1,"MIL","NL",245,11,0.0448979591836735
"sanchhe01",2012,1,"SFN","NL",218,3,0.0137614678899083
"sanchje02",2021,1,"MIA","NL",227,14,0.0616740088105727
"sanchje02",2022,1,"MIA","NL",313,13,0.0415335463258786
"sanchje02",2023,1,"MIA","NL",360,14,0.0388888888888889
"sanchje02",2024,1,"MIA","NL",489,18,0.0368098159509203
"sanchje02",2025,1,"MIA","NL",305,10,0.0327868852459016
"sanchre01",1992,1,"CHN","NL",255,1,0.00392156862745098
"sanchre01",1995,1,"CHN","NL",428,3,0.00700934579439252
"sanchre01",1996,1,"CHN","NL",289,1,0.00346020761245675
"sanchre01",1997,1,"CHN","NL",205,1,0.0048780487804878
"sanchre01",1998,1,"SFN","NL",316,2,0.00632911392405063
"sanchre01",1999,1,"KCA","AL",479,2,0.00417536534446764
"sanchre01",2000,1,"KCA","AL",509,1,0.00196463654223969
"sanchre01",2002,1,"BOS","AL",357,1,0.00280112044817927
"sanchre01",2004,1,"TBA","AL",285,2,0.00701754385964912
"sandbja01",2002,1,"TBA","AL",358,18,0.0502793296089385
"sandbry01",1982,1,"CHN","NL",635,7,0.0110236220472441
"sandbry01",1983,1,"CHN","NL",633,8,0.0126382306477093
"sandbry01",1984,1,"CHN","NL",636,19,0.029874213836478
"sandbry01",1985,1,"CHN","NL",609,26,0.0426929392446634
"sandbry01",1986,1,"CHN","NL",627,14,0.0223285486443381
"sandbry01",1987,1,"CHN","NL",523,16,0.0305927342256214
"sandbry01",1988,1,"CHN","NL",618,19,0.0307443365695793
"sandbry01",1989,1,"CHN","NL",606,30,0.0495049504950495
"sandbry01",1990,1,"CHN","NL",615,40,0.0650406504065041
"sandbry01",1991,1,"CHN","NL",585,26,0.0444444444444444
"sandbry01",1992,1,"CHN","NL",612,26,0.042483660130719
"sandbry01",1993,1,"CHN","NL",456,9,0.0197368421052632
"sandbry01",1994,1,"CHN","NL",223,5,0.0224215246636771
"sandbry01",1996,1,"CHN","NL",554,25,0.0451263537906137
"sandbry01",1997,1,"CHN","NL",447,12,0.0268456375838926
"sandede02",1992,1,"ATL","NL",303,8,0.0264026402640264
"sandede02",1993,1,"ATL","NL",272,6,0.0220588235294118
"sandede02",1995,2,"SFN","NL",214,5,0.0233644859813084
"sandede02",1997,1,"CIN","NL",465,5,0.010752688172043
"sandere02",1992,1,"CIN","NL",385,12,0.0311688311688312
"sandere02",1993,1,"CIN","NL",496,20,0.0403225806451613
"sandere02",1994,1,"CIN","NL",400,17,0.0425
"sandere02",1995,1,"CIN","NL",484,28,0.0578512396694215
"sandere02",1996,1,"CIN","NL",287,14,0.048780487804878
"sandere02",1997,1,"CIN","NL",312,19,0.0608974358974359
"sandere02",1998,1,"CIN","NL",481,14,0.0291060291060291
"sandere02",1999,1,"SDN","NL",478,26,0.0543933054393305
"sandere02",2000,1,"ATL","NL",340,11,0.0323529411764706
"sandere02",2001,1,"ARI","NL",441,33,0.0748299319727891
"sandere02",2002,1,"SFN","NL",505,23,0.0455445544554455
"sandere02",2003,1,"PIT","NL",453,31,0.0684326710816777
"sandere02",2004,1,"SLN","NL",446,22,0.0493273542600897
"sandere02",2005,1,"SLN","NL",295,21,0.0711864406779661
"sandere02",2006,1,"KCA","AL",325,11,0.0338461538461539
"sandopa01",2009,1,"SFN","NL",572,25,0.0437062937062937
"sandopa01",2010,1,"SFN","NL",563,13,0.0230905861456483
"sandopa01",2011,1,"SFN","NL",426,23,0.0539906103286385
"sandopa01",2012,1,"SFN","NL",396,12,0.0303030303030303
"sandopa01",2013,1,"SFN","NL",525,14,0.0266666666666667
"sandopa01",2014,1,"SFN","NL",588,16,0.0272108843537415
"sandopa01",2015,1,"BOS","AL",470,10,0.0212765957446809
"sandopa01",2018,1,"SFN","NL",230,9,0.0391304347826087
"sandopa01",2019,1,"SFN","NL",272,14,0.0514705882352941
"sanguma01",1970,1,"PIT","NL",486,7,0.01440329218107
"sanguma01",1971,1,"PIT","NL",533,7,0.0131332082551595
"sanguma01",1972,1,"PIT","NL",520,7,0.0134615384615385
"sanguma01",1973,1,"PIT","NL",589,12,0.0203735144312394
"sanguma01",1974,1,"PIT","NL",596,7,0.011744966442953
"sanguma01",1975,1,"PIT","NL",481,9,0.0187110187110187
"sanguma01",1976,1,"PIT","NL",389,2,0.0051413881748072
"sanguma01",1977,1,"OAK","AL",571,6,0.010507880910683
"sanguma01",1978,1,"PIT","NL",220,3,0.0136363636363636
"sanojja01",2025,1,"MIA","NL",313,6,0.0191693290734824
"sanomi01",2015,1,"MIN","AL",279,18,0.0645161290322581
"sanomi01",2016,1,"MIN","AL",437,25,0.05720823798627
"sanomi01",2017,1,"MIN","AL",424,28,0.0660377358490566
"sanomi01",2018,1,"MIN","AL",266,13,0.0488721804511278
"sanomi01",2019,1,"MIN","AL",380,34,0.0894736842105263
"sanomi01",2021,1,"MIN","AL",470,30,0.0638297872340425
"santaan02",2019,1,"BAL","AL",380,20,0.0526315789473684
"santaan02",2021,1,"BAL","AL",406,18,0.0443349753694581
"santaan02",2022,1,"BAL","AL",574,33,0.0574912891986063
"santaan02",2023,1,"BAL","AL",591,28,0.0473773265651438
"santaan02",2024,1,"BAL","AL",595,44,0.0739495798319328
"santaca01",2011,1,"CLE","AL",552,27,0.0489130434782609
"santaca01",2012,1,"CLE","AL",507,18,0.0355029585798817
"santaca01",2013,1,"CLE","AL",541,20,0.0369685767097967
"santaca01",2014,1,"CLE","AL",541,27,0.0499075785582255
"santaca01",2015,1,"CLE","AL",550,19,0.0345454545454545
"santaca01",2016,1,"CLE","AL",582,34,0.0584192439862543
"santaca01",2017,1,"CLE","AL",571,23,0.0402802101576182
"santaca01",2018,1,"PHI","NL",560,24,0.0428571428571429
"santaca01",2019,1,"CLE","AL",573,34,0.0593368237347295
"santaca01",2020,1,"CLE","AL",206,8,0.0388349514563107
"santaca01",2021,1,"KCA","AL",565,19,0.0336283185840708
"santaca01",2022,2,"SEA","AL",255,15,0.0588235294117647
"santaca01",2023,1,"PIT","NL",345,12,0.0347826086956522
"santaca01",2023,2,"MIL","NL",205,11,0.0536585365853659
"santaca01",2024,1,"MIN","AL",521,23,0.0441458733205374
"santaca01",2025,1,"CLE","AL",396,11,0.0277777777777778
"santada01",2014,1,"MIN","AL",405,7,0.017283950617284
"santada01",2016,1,"MIN","AL",233,2,0.00858369098712446
"santada01",2019,1,"TEX","AL",474,28,0.0590717299578059
"santado01",2016,1,"MIL","NL",246,11,0.0447154471544715
"santado01",2017,1,"MIL","NL",525,30,0.0571428571428571
"santado01",2018,1,"MIL","NL",211,5,0.023696682464455
"santado01",2019,1,"SEA","AL",451,21,0.0465631929046563
"santafp01",1996,1,"MON","NL",393,7,0.0178117048346056
"santafp01",1997,1,"MON","NL",350,5,0.0142857142857143
"santafp01",1998,1,"MON","NL",383,4,0.010443864229765
"santafp01",1999,1,"SFN","NL",254,3,0.0118110236220472
"santara01",1985,1,"NYN","NL",529,1,0.00189035916824197
"santara01",1986,1,"NYN","NL",394,1,0.00253807106598985
"santara01",1987,1,"NYN","NL",439,5,0.0113895216400911
"santara01",1988,1,"NYA","AL",480,4,0.00833333333333333
"santibe01",1987,1,"SDN","NL",546,18,0.032967032967033
"santibe01",1988,1,"SDN","NL",492,10,0.0203252032520325
"santibe01",1989,1,"SDN","NL",462,16,0.0346320346320346
"santibe01",1990,1,"SDN","NL",344,11,0.0319767441860465
"santibe01",1991,1,"SDN","NL",580,17,0.0293103448275862
"santibe01",1992,1,"SDN","NL",386,10,0.0259067357512953
"santibe01",1993,1,"FLO","NL",469,13,0.0277185501066098
"santibe01",1994,1,"FLO","NL",337,11,0.0326409495548961
"santibe01",1995,1,"CIN","NL",266,11,0.0413533834586466
"santibe01",1996,1,"PHI","NL",481,30,0.0623700623700624
"santibe01",1997,1,"TOR","AL",341,13,0.0381231671554252
"santibe01",1999,1,"CHN","NL",350,7,0.02
"santibe01",2000,1,"CIN","NL",252,8,0.0317460317460317
"santibe01",2001,1,"SFN","NL",477,6,0.0125786163522013
"santibe01",2002,1,"SFN","NL",478,16,0.0334728033472803
"santibe01",2003,1,"SFN","NL",401,11,0.027431421446384
"santira01",2002,1,"DET","AL",222,4,0.018018018018018
"santira01",2003,1,"DET","AL",444,2,0.0045045045045045
"santira01",2009,1,"DET","AL",262,7,0.0267175572519084
"santira01",2010,1,"DET","AL",320,3,0.009375
"santira01",2011,1,"DET","AL",258,5,0.0193798449612403
"santira01",2012,1,"DET","AL",228,2,0.0087719298245614
"santira01",2013,1,"DET","AL",205,1,0.0048780487804878
"santone01",1988,1,"MON","NL",309,8,0.0258899676375405
"santone01",1989,1,"MON","NL",304,5,0.0164473684210526
"santoom01",2009,1,"NYN","NL",281,7,0.0249110320284698
"santoro01",1970,1,"CHN","NL",555,26,0.0468468468468468
"santoro01",1971,1,"CHN","NL",555,21,0.0378378378378378
"santoro01",1972,1,"CHN","NL",464,17,0.0366379310344828
"santoro01",1973,1,"CHN","NL",536,20,0.0373134328358209
"santoro01",1974,1,"CHA","AL",375,5,0.0133333333333333
"sassema01",1990,1,"NYN","NL",270,6,0.0222222222222222
"sassema01",1991,1,"NYN","NL",228,5,0.0219298245614035
"saundmi01",2010,1,"SEA","AL",289,10,0.0346020761245675
"saundmi01",2012,1,"SEA","AL",507,19,0.0374753451676529
"saundmi01",2013,1,"SEA","AL",406,12,0.0295566502463054
"saundmi01",2014,1,"SEA","AL",231,8,0.0346320346320346
"saundmi01",2016,1,"TOR","AL",490,24,0.0489795918367347
"saundmi01",2017,1,"PHI","NL",200,6,0.03
"savagte01",1970,1,"ML4","AL",276,12,0.0434782608695652
"saxst01",1982,1,"LAN","NL",638,4,0.00626959247648903
"saxst01",1983,1,"LAN","NL",623,5,0.00802568218298555
"saxst01",1984,1,"LAN","NL",569,1,0.00175746924428822
"saxst01",1985,1,"LAN","NL",488,1,0.00204918032786885
"saxst01",1986,1,"LAN","NL",633,6,0.00947867298578199
"saxst01",1987,1,"LAN","NL",610,6,0.00983606557377049
"saxst01",1988,1,"LAN","NL",632,5,0.00791139240506329
"saxst01",1989,1,"NYA","AL",651,5,0.00768049155145929
"saxst01",1990,1,"NYA","AL",615,4,0.00650406504065041
"saxst01",1991,1,"NYA","AL",652,10,0.0153374233128834
"saxst01",1992,1,"CHA","AL",567,4,0.00705467372134039
"scarsst01",1995,1,"SFN","NL",233,11,0.0472103004291846
"scarsst01",1996,1,"SFN","NL",283,5,0.0176678445229682
"schaapa01",1970,1,"KCA","AL",380,5,0.0131578947368421
"schaapa01",1971,1,"KCA","AL",548,11,0.0200729927007299
"schaapa01",1972,1,"KCA","AL",435,6,0.0137931034482759
"schaapa01",1973,1,"KCA","AL",396,8,0.0202020202020202
"schafjo02",2012,1,"HOU","NL",313,4,0.012779552715655
"schafjo02",2013,1,"ATL","NL",231,3,0.012987012987013
"schaflo01",2013,1,"MIL","NL",298,4,0.0134228187919463
"schanno01",2024,1,"LAA","AL",519,13,0.0250481695568401
"schanno01",2025,1,"LAA","AL",488,12,0.0245901639344262
"schebsc01",2016,1,"CIN","NL",257,9,0.0350194552529183
"schebsc01",2017,1,"CIN","NL",473,30,0.0634249471458774
"schebsc01",2018,1,"CIN","NL",380,17,0.0447368421052632
"scheiri01",1972,1,"KCA","AL",450,8,0.0177777777777778
"scheiri01",1973,2,"CAL","AL",229,3,0.0131004366812227
"schiena01",2009,1,"SFN","NL",285,5,0.0175438596491228
"schiena01",2010,1,"SFN","NL",227,3,0.013215859030837
"schiena01",2011,1,"SFN","NL",335,9,0.026865671641791
"schiena01",2013,1,"CHN","NL",462,21,0.0454545454545455
"schiena01",2014,1,"CHN","NL",313,6,0.0191693290734824
"schimry01",2016,1,"SDN","NL",276,20,0.072463768115942
"schmica01",2023,1,"SFN","NL",253,5,0.0197628458498024
"schmica01",2025,1,"SFN","NL",312,12,0.0384615384615385
"schmimi01",1973,1,"PHI","NL",367,18,0.0490463215258856
"schmimi01",1974,1,"PHI","NL",568,36,0.0633802816901408
"schmimi01",1975,1,"PHI","NL",562,38,0.0676156583629893
"schmimi01",1976,1,"PHI","NL",584,38,0.0650684931506849
"schmimi01",1977,1,"PHI","NL",544,38,0.0698529411764706
"schmimi01",1978,1,"PHI","NL",513,21,0.0409356725146199
"schmimi01",1979,1,"PHI","NL",541,45,0.0831792975970425
"schmimi01",1980,1,"PHI","NL",548,48,0.0875912408759124
"schmimi01",1981,1,"PHI","NL",354,31,0.0875706214689266
"schmimi01",1982,1,"PHI","NL",514,35,0.0680933852140078
"schmimi01",1983,1,"PHI","NL",534,40,0.0749063670411985
"schmimi01",1984,1,"PHI","NL",528,36,0.0681818181818182
"schmimi01",1985,1,"PHI","NL",549,33,0.0601092896174863
"schmimi01",1986,1,"PHI","NL",552,37,0.0670289855072464
"schmimi01",1987,1,"PHI","NL",522,35,0.0670498084291188
"schmimi01",1988,1,"PHI","NL",390,12,0.0307692307692308
"schnebr01",2002,1,"MON","NL",207,5,0.0241545893719807
"schnebr01",2003,1,"MON","NL",335,9,0.026865671641791
"schnebr01",2004,1,"MON","NL",436,12,0.0275229357798165
"schnebr01",2005,1,"WAS","NL",369,10,0.02710027100271
"schnebr01",2006,1,"WAS","NL",410,4,0.00975609756097561
"schnebr01",2007,1,"WAS","NL",408,6,0.0147058823529412
"schnebr01",2008,1,"NYN","NL",335,9,0.026865671641791
"schneda02",1974,1,"NYN","NL",254,5,0.0196850393700787
"schneda03",2024,1,"TOR","AL",397,13,0.0327455919395466
"schneda04",2025,1,"CLE","AL",379,12,0.0316622691292876
"schofdi02",1984,1,"CAL","AL",400,4,0.01
"schofdi02",1985,1,"CAL","AL",438,8,0.0182648401826484
"schofdi02",1986,1,"CAL","AL",458,13,0.0283842794759825
"schofdi02",1987,1,"CAL","AL",479,9,0.0187891440501044
"schofdi02",1988,1,"CAL","AL",527,6,0.0113851992409867
"schofdi02",1989,1,"CAL","AL",302,4,0.0132450331125828
"schofdi02",1990,1,"CAL","AL",310,1,0.0032258064516129
"schofdi02",1992,2,"NYN","NL",420,4,0.00952380952380952
"schofdi02",1994,1,"TOR","AL",325,4,0.0123076923076923
"schoojo01",2014,1,"BAL","AL",455,16,0.0351648351648352
"schoojo01",2015,1,"BAL","AL",305,15,0.0491803278688525
"schoojo01",2016,1,"BAL","AL",615,25,0.040650406504065
"schoojo01",2017,1,"BAL","AL",622,32,0.0514469453376206
"schoojo01",2018,1,"BAL","AL",349,17,0.0487106017191977
"schoojo01",2019,1,"MIN","AL",433,23,0.0531177829099307
"schoojo01",2021,1,"DET","AL",623,22,0.0353130016051364
"schoojo01",2022,1,"DET","AL",481,11,0.0228690228690229
"schrobi01",1984,1,"ML4","AL",210,14,0.0666666666666667
"schrobi01",1986,1,"ML4","AL",217,7,0.032258064516129
"schrobi01",1987,1,"ML4","AL",250,14,0.056
"schuema01",2024,1,"OAK","AL",396,7,0.0176767676767677
"schumsk01",2008,1,"SLN","NL",540,8,0.0148148148148148
"schumsk01",2009,1,"SLN","NL",532,4,0.0075187969924812
"schumsk01",2010,1,"SLN","NL",476,5,0.0105042016806723
"schumsk01",2011,1,"SLN","NL",367,2,0.00544959128065395
"schumsk01",2012,1,"SLN","NL",272,1,0.00367647058823529
"schumsk01",2013,1,"LAN","NL",319,2,0.00626959247648903
"schumsk01",2014,1,"CIN","NL",247,2,0.00809716599190283
"schumsk01",2015,1,"CIN","NL",244,1,0.0040983606557377
"schuri01",1985,1,"PHI","NL",416,7,0.0168269230769231
"schuri01",1986,1,"PHI","NL",208,8,0.0384615384615385
"schuri01",1988,1,"BAL","AL",270,4,0.0148148148148148
"schuri01",1989,2,"DET","AL",266,7,0.0263157894736842
"schwaky01",2015,1,"CHN","NL",232,16,0.0689655172413793
"schwaky01",2017,1,"CHN","NL",422,30,0.0710900473933649
"schwaky01",2018,1,"CHN","NL",428,26,0.0607476635514019
"schwaky01",2019,1,"CHN","NL",529,38,0.0718336483931947
"schwaky01",2021,1,"WAS","NL",265,25,0.0943396226415094
"schwaky01",2022,1,"PHI","NL",577,46,0.0797227036395147
"schwaky01",2023,1,"PHI","NL",585,47,0.0803418803418803
"schwaky01",2024,1,"PHI","NL",573,38,0.0663176265270506
"schwaky01",2025,1,"PHI","NL",604,56,0.0927152317880795
"schwifr01",2021,2,"CHN","NL",222,13,0.0585585585585586
"schwifr01",2022,1,"CHN","NL",271,8,0.029520295202952
"sciosmi01",1981,1,"LAN","NL",290,2,0.00689655172413793
"sciosmi01",1982,1,"LAN","NL",365,5,0.0136986301369863
"sciosmi01",1984,1,"LAN","NL",341,5,0.0146627565982405
"sciosmi01",1985,1,"LAN","NL",429,7,0.0163170163170163
"sciosmi01",1986,1,"LAN","NL",374,5,0.0133689839572193
"sciosmi01",1987,1,"LAN","NL",461,6,0.0130151843817787
"sciosmi01",1988,1,"LAN","NL",408,3,0.00735294117647059
"sciosmi01",1989,1,"LAN","NL",408,10,0.0245098039215686
"sciosmi01",1990,1,"LAN","NL",435,12,0.0275862068965517
"sciosmi01",1991,1,"LAN","NL",345,8,0.0231884057971015
"sciosmi01",1992,1,"LAN","NL",348,3,0.00862068965517241
"sconida01",1983,1,"CAL","AL",314,8,0.0254777070063694
"scottdo01",1984,1,"TEX","AL",235,3,0.0127659574468085
"scottge02",1970,1,"BOS","AL",480,16,0.0333333333333333
"scottge02",1971,1,"BOS","AL",537,24,0.0446927374301676
"scottge02",1972,1,"ML4","AL",578,20,0.0346020761245675
"scottge02",1973,1,"ML4","AL",604,24,0.0397350993377483
"scottge02",1974,1,"ML4","AL",604,17,0.0281456953642384
"scottge02",1975,1,"ML4","AL",617,36,0.0583468395461913
"scottge02",1976,1,"ML4","AL",606,18,0.0297029702970297
"scottge02",1977,1,"BOS","AL",584,33,0.0565068493150685
"scottge02",1978,1,"BOS","AL",412,12,0.029126213592233
"scottjo01",1977,1,"TOR","AL",233,2,0.00858369098712446
"scottlu01",2006,1,"HOU","NL",214,10,0.0467289719626168
"scottlu01",2007,1,"HOU","NL",369,18,0.048780487804878
"scottlu01",2008,1,"BAL","AL",475,23,0.048421052631579
"scottlu01",2009,1,"BAL","AL",449,25,0.0556792873051225
"scottlu01",2010,1,"BAL","AL",447,27,0.0604026845637584
"scottlu01",2011,1,"BAL","AL",209,9,0.0430622009569378
"scottlu01",2012,1,"TBA","AL",314,14,0.0445859872611465
"scottlu01",2013,1,"TBA","AL",253,9,0.0355731225296443
"scottro01",1979,1,"MON","NL",562,3,0.00533807829181495
"scottto01",1977,1,"SLN","NL",292,3,0.0102739726027397
"scottto01",1978,1,"SLN","NL",219,1,0.0045662100456621
"scottto01",1979,1,"SLN","NL",587,6,0.010221465076661
"scottto01",1981,2,"HOU","NL",225,2,0.00888888888888889
"scottto01",1982,1,"HOU","NL",460,1,0.00217391304347826
"scottvi01",2025,1,"SLN","NL",398,5,0.0125628140703518
"scrivch01",1976,1,"DET","AL",222,2,0.00900900900900901
"scutama01",2004,1,"OAK","AL",455,7,0.0153846153846154
"scutama01",2005,1,"OAK","AL",381,9,0.0236220472440945
"scutama01",2006,1,"OAK","AL",365,5,0.0136986301369863
"scutama01",2007,1,"OAK","AL",338,7,0.0207100591715976
"scutama01",2008,1,"TOR","AL",517,7,0.0135396518375242
"scutama01",2009,1,"TOR","AL",574,12,0.0209059233449477
"scutama01",2010,1,"BOS","AL",632,11,0.0174050632911392
"scutama01",2011,1,"BOS","AL",395,7,0.0177215189873418
"scutama01",2012,1,"COL","NL",377,4,0.0106100795755968
"scutama01",2012,2,"SFN","NL",243,3,0.0123456790123457
"scutama01",2013,1,"SFN","NL",488,2,0.0040983606557377
"seageco01",2016,1,"LAN","NL",627,26,0.0414673046251994
"seageco01",2017,1,"LAN","NL",539,22,0.0408163265306122
"seageco01",2019,1,"LAN","NL",489,19,0.0388548057259714
"seageco01",2020,1,"LAN","NL",212,15,0.0707547169811321
"seageco01",2021,1,"LAN","NL",353,16,0.0453257790368272
"seageco01",2022,1,"TEX","AL",593,33,0.0556492411467116
"seageco01",2023,1,"TEX","AL",477,33,0.0691823899371069
"seageco01",2024,1,"TEX","AL",475,30,0.0631578947368421
"seageco01",2025,1,"TEX","AL",380,21,0.0552631578947368
"seageky01",2012,1,"SEA","AL",594,20,0.0336700336700337
"seageky01",2013,1,"SEA","AL",615,22,0.0357723577235772
"seageky01",2014,1,"SEA","AL",590,25,0.0423728813559322
"seageky01",2015,1,"SEA","AL",623,26,0.0417335473515249
"seageky01",2016,1,"SEA","AL",597,30,0.050251256281407
"seageky01",2017,1,"SEA","AL",578,27,0.0467128027681661
"seageky01",2018,1,"SEA","AL",583,22,0.0377358490566038
"seageky01",2019,1,"SEA","AL",393,23,0.0585241730279898
"seageky01",2020,1,"SEA","AL",203,9,0.0443349753694581
"seageky01",2021,1,"SEA","AL",603,35,0.0580431177446103
"sefcike01",1999,1,"PHI","NL",209,1,0.00478468899521531
"seguida01",1991,1,"BAL","AL",212,2,0.00943396226415094
"seguida01",1993,1,"BAL","AL",450,10,0.0222222222222222
"seguida01",1994,1,"NYN","NL",336,10,0.0297619047619048
"seguida01",1995,2,"MON","NL",383,10,0.0261096605744125
"seguida01",1996,1,"MON","NL",416,11,0.0264423076923077
"seguida01",1997,1,"MON","NL",459,21,0.0457516339869281
"seguida01",1998,1,"SEA","AL",522,19,0.0363984674329502
"seguida01",1999,1,"SEA","AL",345,9,0.0260869565217391
"seguida01",2000,1,"TEX","AL",351,11,0.0313390313390313
"seguida01",2000,2,"CLE","AL",223,8,0.0358744394618834
"seguida01",2001,1,"BAL","AL",292,10,0.0342465753424658
"seguida01",2003,1,"BAL","AL",224,5,0.0223214285714286
"segurje01",2013,1,"MIL","NL",588,12,0.0204081632653061
"segurje01",2014,1,"MIL","NL",513,5,0.00974658869395711
"segurje01",2015,1,"MIL","NL",560,6,0.0107142857142857
"segurje01",2016,1,"ARI","NL",637,20,0.0313971742543171
"segurje01",2017,1,"SEA","AL",524,11,0.0209923664122137
"segurje01",2018,1,"SEA","AL",586,10,0.0170648464163823
"segurje01",2019,1,"PHI","NL",576,12,0.0208333333333333
"segurje01",2021,1,"PHI","NL",514,14,0.0272373540856031
"segurje01",2022,1,"PHI","NL",354,10,0.0282485875706215
"segurje01",2023,1,"MIA","NL",301,3,0.00996677740863787
"seitzke01",1987,1,"KCA","AL",641,15,0.0234009360374415
"seitzke01",1988,1,"KCA","AL",559,5,0.00894454382826476
"seitzke01",1989,1,"KCA","AL",597,4,0.0067001675041876
"seitzke01",1990,1,"KCA","AL",622,6,0.00964630225080386
"seitzke01",1991,1,"KCA","AL",234,1,0.00427350427350427
"seitzke01",1992,1,"ML4","AL",540,5,0.00925925925925926
"seitzke01",1993,1,"OAK","AL",255,4,0.0156862745098039
"seitzke01",1994,1,"ML4","AL",309,5,0.0161812297734628
"seitzke01",1995,1,"ML4","AL",492,5,0.0101626016260163
"seitzke01",1996,1,"ML4","AL",490,12,0.0244897959183673
"semiema01",2014,1,"CHA","AL",231,6,0.025974025974026
"semiema01",2015,1,"OAK","AL",556,15,0.026978417266187
"semiema01",2016,1,"OAK","AL",568,27,0.0475352112676056
"semiema01",2017,1,"OAK","AL",342,10,0.0292397660818713
"semiema01",2018,1,"OAK","AL",632,15,0.0237341772151899
"semiema01",2019,1,"OAK","AL",657,33,0.0502283105022831
"semiema01",2020,1,"OAK","AL",211,7,0.033175355450237
"semiema01",2021,1,"TOR","AL",652,45,0.0690184049079755
"semiema01",2022,1,"TEX","AL",657,26,0.0395738203957382
"semiema01",2023,1,"TEX","AL",670,29,0.0432835820895522
"semiema01",2024,1,"TEX","AL",650,23,0.0353846153846154
"semiema01",2025,1,"TEX","AL",470,15,0.0319148936170213
"senzeni01",2019,1,"CIN","NL",375,12,0.032
"senzeni01",2022,1,"CIN","NL",373,5,0.0134048257372654
"senzeni01",2023,1,"CIN","NL",301,13,0.0431893687707641
"senzeni01",2024,1,"WAS","NL",206,7,0.0339805825242718
"servasc01",1993,1,"HOU","NL",258,11,0.0426356589147287
"servasc01",1994,1,"HOU","NL",251,9,0.0358565737051793
"servasc01",1996,1,"CHN","NL",445,11,0.0247191011235955
"servasc01",1997,1,"CHN","NL",385,6,0.0155844155844156
"servasc01",1998,1,"CHN","NL",325,7,0.0215384615384615
"severpe01",2019,1,"BAL","AL",305,13,0.0426229508196721
"severpe01",2021,1,"BAL","AL",379,11,0.029023746701847
"severri01",1970,1,"KCA","AL",240,1,0.00416666666666667
"sexsori01",1999,1,"CLE","AL",479,31,0.0647181628392484
"sexsori01",2000,1,"CLE","AL",324,16,0.0493827160493827
"sexsori01",2000,2,"MIL","NL",213,14,0.0657276995305164
"sexsori01",2001,1,"MIL","NL",598,45,0.0752508361204013
"sexsori01",2002,1,"MIL","NL",570,29,0.0508771929824561
"sexsori01",2003,1,"MIL","NL",606,45,0.0742574257425743
"sexsori01",2005,1,"SEA","AL",558,39,0.0698924731182796
"sexsori01",2006,1,"SEA","AL",591,34,0.0575296108291032
"sexsori01",2007,1,"SEA","AL",434,21,0.0483870967741935
"sexsori01",2008,1,"SEA","AL",252,11,0.0436507936507937
"shamsar01",1970,1,"NYN","NL",403,11,0.0272952853598015
"sharpbi01",1974,1,"CHA","AL",320,4,0.0125
"sharpbi01",1975,2,"ML4","AL",373,1,0.00268096514745308
"sharpmi01",1990,1,"LAN","NL",357,3,0.00840336134453781
"sharpmi01",1991,1,"LAN","NL",216,2,0.00925925925925926
"sharpmi01",1992,1,"LAN","NL",317,3,0.00946372239747634
"shawma01",2025,1,"CHN","NL",393,13,0.0330788804071247
"shawtr01",2015,1,"BOS","AL",226,13,0.0575221238938053
"shawtr01",2016,1,"BOS","AL",480,16,0.0333333333333333
"shawtr01",2017,1,"MIL","NL",538,31,0.0576208178438662
"shawtr01",2018,1,"MIL","NL",498,32,0.0642570281124498
"shawtr01",2019,1,"MIL","NL",230,7,0.0304347826086957
"sheafda01",1993,1,"COL","NL",216,4,0.0185185185185185
"sheafda01",1995,1,"SLN","NL",208,5,0.0240384615384615
"sheetan01",1999,1,"ANA","AL",244,3,0.0122950819672131
"sheetga01",2022,1,"CHA","AL",377,15,0.0397877984084881
"sheetga01",2023,1,"CHA","AL",311,10,0.0321543408360129
"sheetga01",2024,1,"CHA","AL",451,10,0.0221729490022173
"sheetga01",2025,1,"SDN","NL",492,19,0.0386178861788618
"sheetla01",1985,1,"BAL","AL",328,17,0.0518292682926829
"sheetla01",1986,1,"BAL","AL",338,18,0.0532544378698225
"sheetla01",1987,1,"BAL","AL",469,31,0.0660980810234542
"sheetla01",1988,1,"BAL","AL",452,10,0.0221238938053097
"sheetla01",1989,1,"BAL","AL",304,7,0.0230263157894737
"sheetla01",1990,1,"DET","AL",360,10,0.0277777777777778
"sheffga01",1989,1,"ML4","AL",368,5,0.0135869565217391
"sheffga01",1990,1,"ML4","AL",487,10,0.0205338809034908
"sheffga01",1992,1,"SDN","NL",557,33,0.059245960502693
"sheffga01",1993,1,"SDN","NL",258,10,0.0387596899224806
"sheffga01",1993,2,"FLO","NL",236,10,0.0423728813559322
"sheffga01",1994,1,"FLO","NL",322,27,0.0838509316770186
"sheffga01",1995,1,"FLO","NL",213,16,0.0751173708920188
"sheffga01",1996,1,"FLO","NL",519,42,0.0809248554913295
"sheffga01",1997,1,"FLO","NL",444,21,0.0472972972972973
"sheffga01",1998,2,"LAN","NL",301,16,0.053156146179402
"sheffga01",1999,1,"LAN","NL",549,34,0.0619307832422587
"sheffga01",2000,1,"LAN","NL",501,43,0.0858283433133733
"sheffga01",2001,1,"LAN","NL",515,36,0.0699029126213592
"sheffga01",2002,1,"ATL","NL",492,25,0.0508130081300813
"sheffga01",2003,1,"ATL","NL",576,39,0.0677083333333333
"sheffga01",2004,1,"NYA","AL",573,36,0.06282722513089
"sheffga01",2005,1,"NYA","AL",584,34,0.0582191780821918
"sheffga01",2007,1,"DET","AL",494,25,0.0506072874493927
"sheffga01",2008,1,"DET","AL",418,19,0.0454545454545455
"sheffga01",2009,1,"NYN","NL",268,10,0.0373134328358209
"shelbjo01",1983,1,"BAL","AL",325,5,0.0153846153846154
"shelbjo01",1984,1,"BAL","AL",383,6,0.0156657963446475
"shelbjo01",1985,1,"BAL","AL",205,7,0.0341463414634146
"shelbjo01",1986,1,"BAL","AL",404,11,0.0272277227722772
"shelbjo01",1987,2,"LAN","NL",476,21,0.0441176470588235
"shelbjo01",1988,1,"LAN","NL",494,10,0.0202429149797571
"shelbjo01",1989,1,"LAN","NL",345,1,0.00289855072463768
"shelbjo01",1990,2,"DET","AL",222,4,0.018018018018018
"sheltch01",2005,1,"DET","AL",388,18,0.0463917525773196
"sheltch01",2006,1,"DET","AL",373,16,0.0428954423592493
"sheripa01",1983,1,"KCA","AL",333,7,0.021021021021021
"sheripa01",1984,1,"KCA","AL",481,8,0.0166320166320166
"sheripa01",1985,1,"KCA","AL",206,3,0.0145631067961165
"sheripa01",1986,1,"DET","AL",236,6,0.0254237288135593
"sheripa01",1987,1,"DET","AL",421,6,0.0142517814726841
"sheripa01",1988,1,"DET","AL",347,11,0.031700288184438
"shinjts01",2001,1,"NYN","NL",400,10,0.025
"shinjts01",2002,1,"SFN","NL",362,9,0.0248618784530387
"shiplcr01",1993,1,"SDN","NL",230,4,0.0173913043478261
"shiplcr01",1994,1,"SDN","NL",240,4,0.0166666666666667
"shiplcr01",1995,1,"HOU","NL",232,3,0.0129310344827586
"shoppke01",2008,1,"CLE","AL",352,21,0.0596590909090909
"shoppke01",2009,1,"CLE","AL",271,12,0.044280442804428
"shoppke01",2011,1,"TBA","AL",221,11,0.0497737556561086
"shortza01",2023,1,"DET","AL",221,7,0.0316742081447964
"shuckja01",2013,1,"LAA","AL",437,2,0.0045766590389016
"shuckja01",2016,1,"CHA","AL",224,4,0.0178571428571429
"shumpte01",1991,1,"KCA","AL",369,5,0.013550135501355
"shumpte01",1999,1,"COL","NL",262,10,0.0381679389312977
"shumpte01",2000,1,"COL","NL",263,9,0.0342205323193916
"shumpte01",2001,1,"COL","NL",242,4,0.0165289256198347
"shumpte01",2002,1,"COL","NL",234,6,0.0256410256410256
"sianimi01",2024,1,"SLN","NL",298,2,0.00671140939597315
"sierrru01",1986,1,"TEX","AL",382,16,0.0418848167539267
"sierrru01",1987,1,"TEX","AL",643,30,0.046656298600311
"sierrru01",1988,1,"TEX","AL",615,23,0.0373983739837398
"sierrru01",1989,1,"TEX","AL",634,29,0.0457413249211356
"sierrru01",1990,1,"TEX","AL",608,16,0.0263157894736842
"sierrru01",1991,1,"TEX","AL",661,25,0.037821482602118
"sierrru01",1992,1,"TEX","AL",500,14,0.028
"sierrru01",1993,1,"OAK","AL",630,22,0.0349206349206349
"sierrru01",1994,1,"OAK","AL",426,23,0.0539906103286385
"sierrru01",1995,1,"OAK","AL",264,12,0.0454545454545455
"sierrru01",1995,2,"NYA","AL",215,7,0.0325581395348837
"sierrru01",1996,1,"NYA","AL",360,11,0.0305555555555556
"sierrru01",2001,1,"TEX","AL",344,23,0.0668604651162791
"sierrru01",2002,1,"SEA","AL",419,13,0.0310262529832936
"sierrru01",2004,1,"NYA","AL",307,17,0.0553745928338762
"simmoan01",2013,1,"ATL","NL",606,17,0.0280528052805281
"simmoan01",2014,1,"ATL","NL",540,7,0.012962962962963
"simmoan01",2015,1,"ATL","NL",535,4,0.00747663551401869
"simmoan01",2016,1,"LAA","AL",448,4,0.00892857142857143
"simmoan01",2017,1,"LAA","AL",589,14,0.0237691001697793
"simmoan01",2018,1,"LAA","AL",554,11,0.01985559566787
"simmoan01",2019,1,"LAA","AL",398,7,0.0175879396984925
"simmoan01",2021,1,"MIN","AL",412,3,0.00728155339805825
"simmone01",1985,1,"DET","AL",251,10,0.0398406374501992
"simmote01",1970,1,"SLN","NL",284,3,0.0105633802816901
"simmote01",1971,1,"SLN","NL",510,7,0.0137254901960784
"simmote01",1972,1,"SLN","NL",594,16,0.0269360269360269
"simmote01",1973,1,"SLN","NL",619,13,0.0210016155088853
"simmote01",1974,1,"SLN","NL",599,20,0.0333889816360601
"simmote01",1975,1,"SLN","NL",581,18,0.0309810671256454
"simmote01",1976,1,"SLN","NL",546,5,0.00915750915750916
"simmote01",1977,1,"SLN","NL",516,21,0.0406976744186047
"simmote01",1978,1,"SLN","NL",516,22,0.0426356589147287
"simmote01",1979,1,"SLN","NL",448,26,0.0580357142857143
"simmote01",1980,1,"SLN","NL",495,21,0.0424242424242424
"simmote01",1981,1,"ML4","AL",380,14,0.0368421052631579
"simmote01",1982,1,"ML4","AL",539,23,0.0426716141001855
"simmote01",1983,1,"ML4","AL",600,13,0.0216666666666667
"simmote01",1984,1,"ML4","AL",497,4,0.00804828973843058
"simmote01",1985,1,"ML4","AL",528,12,0.0227272727272727
"simonra01",1999,1,"ATL","NL",218,5,0.0229357798165138
"simonra01",2001,1,"DET","AL",256,6,0.0234375
"simonra01",2002,1,"DET","AL",482,19,0.0394190871369295
"simonra01",2003,1,"PIT","NL",307,10,0.0325732899022801
"simpsjo01",1979,1,"SEA","AL",265,2,0.00754716981132075
"simpsjo01",1980,1,"SEA","AL",365,3,0.00821917808219178
"simpsjo01",1981,1,"SEA","AL",288,2,0.00694444444444444
"simpsjo01",1982,1,"SEA","AL",296,2,0.00675675675675676
"simsdu01",1970,1,"CLE","AL",345,23,0.0666666666666667
"simsdu01",1971,1,"LAN","NL",230,6,0.0260869565217391
"simsdu01",1973,1,"DET","AL",252,8,0.0317460317460317
"singlch01",1999,1,"CHA","AL",496,17,0.0342741935483871
"singlch01",2000,1,"CHA","AL",511,11,0.0215264187866928
"singlch01",2001,1,"CHA","AL",392,7,0.0178571428571429
"singlch01",2002,1,"BAL","AL",466,9,0.01931330472103
"singlch01",2003,1,"OAK","AL",306,1,0.00326797385620915
"singljo02",2014,1,"HOU","AL",310,13,0.0419354838709677
"singljo02",2024,1,"HOU","AL",355,13,0.0366197183098592
"singlke01",1971,1,"NYN","NL",298,13,0.0436241610738255
"singlke01",1972,1,"MON","NL",507,14,0.0276134122287968
"singlke01",1973,1,"MON","NL",560,23,0.0410714285714286
"singlke01",1974,1,"MON","NL",511,9,0.0176125244618395
"singlke01",1975,1,"BAL","AL",586,15,0.0255972696245734
"singlke01",1976,1,"BAL","AL",544,13,0.0238970588235294
"singlke01",1977,1,"BAL","AL",536,24,0.0447761194029851
"singlke01",1978,1,"BAL","AL",502,20,0.0398406374501992
"singlke01",1979,1,"BAL","AL",570,35,0.0614035087719298
"singlke01",1980,1,"BAL","AL",583,24,0.0411663807890223
"singlke01",1981,1,"BAL","AL",363,13,0.0358126721763085
"singlke01",1982,1,"BAL","AL",561,14,0.0249554367201426
"singlke01",1983,1,"BAL","AL",507,18,0.0355029585798817
"singlke01",1984,1,"BAL","AL",363,6,0.0165289256198347
"sirijo01",2023,1,"TBA","AL",338,25,0.0739644970414201
"sirijo01",2024,1,"TBA","AL",402,18,0.0447761194029851
"sizemgr01",2005,1,"CLE","AL",640,22,0.034375
"sizemgr01",2006,1,"CLE","AL",655,28,0.0427480916030534
"sizemgr01",2007,1,"CLE","AL",628,24,0.0382165605095541
"sizemgr01",2008,1,"CLE","AL",634,33,0.0520504731861199
"sizemgr01",2009,1,"CLE","AL",436,18,0.0412844036697248
"sizemgr01",2011,1,"CLE","AL",268,10,0.0373134328358209
"sizemsc01",2011,2,"OAK","AL",305,11,0.0360655737704918
"sizemte01",1970,1,"LAN","NL",340,1,0.00294117647058824
"sizemte01",1971,1,"SLN","NL",478,3,0.00627615062761506
"sizemte01",1972,1,"SLN","NL",439,2,0.00455580865603645
"sizemte01",1973,1,"SLN","NL",521,1,0.00191938579654511
"sizemte01",1974,1,"SLN","NL",504,2,0.00396825396825397
"sizemte01",1975,1,"SLN","NL",562,3,0.00533807829181495
"sizemte01",1977,1,"PHI","NL",519,4,0.00770712909441233
"sizemte01",1979,1,"CHN","NL",330,2,0.00606060606060606
"skaggda01",1977,1,"BAL","AL",216,1,0.00462962962962963
"skinnjo01",1988,1,"NYA","AL",251,4,0.0159362549800797
"skinnjo01",1991,1,"CLE","AL",284,1,0.00352112676056338
"slateau01",2021,1,"SFN","NL",274,12,0.0437956204379562
"slateau01",2022,1,"SFN","NL",277,7,0.0252707581227437
"slaugdo01",1984,1,"KCA","AL",409,4,0.0097799511002445
"slaugdo01",1985,1,"TEX","AL",343,8,0.0233236151603499
"slaugdo01",1986,1,"TEX","AL",314,13,0.0414012738853503
"slaugdo01",1987,1,"TEX","AL",237,8,0.0337552742616034
"slaugdo01",1988,1,"NYA","AL",322,9,0.0279503105590062
"slaugdo01",1989,1,"NYA","AL",350,5,0.0142857142857143
"slaugdo01",1990,1,"PIT","NL",230,4,0.0173913043478261
"slaugdo01",1991,1,"PIT","NL",220,1,0.00454545454545455
"slaugdo01",1992,1,"PIT","NL",255,4,0.0156862745098039
"slaugdo01",1993,1,"PIT","NL",377,10,0.026525198938992
"slaugdo01",1994,1,"PIT","NL",240,2,0.00833333333333333
"slaugdo01",1996,1,"CAL","AL",207,6,0.0289855072463768
"sledgte01",2004,1,"MON","NL",398,15,0.0376884422110553
"sledgte01",2007,1,"SDN","NL",200,7,0.035
"smallro02",1975,1,"TEX","AL",250,3,0.012
"smallro02",1976,2,"MIN","AL",384,2,0.00520833333333333
"smallro02",1977,1,"MIN","AL",584,6,0.0102739726027397
"smallro02",1978,1,"MIN","AL",586,19,0.0324232081911263
"smallro02",1979,1,"MIN","AL",621,24,0.0386473429951691
"smallro02",1980,1,"MIN","AL",486,12,0.0246913580246914
"smallro02",1982,2,"NYA","AL",486,20,0.0411522633744856
"smallro02",1983,1,"NYA","AL",451,18,0.0399113082039911
"smallro02",1984,1,"NYA","AL",209,7,0.0334928229665072
"smallro02",1985,1,"MIN","AL",388,12,0.0309278350515464
"smallro02",1986,1,"MIN","AL",459,20,0.0435729847494553
"smallro02",1987,1,"MIN","AL",309,8,0.0258899676375405
"smithbi05",1977,1,"BAL","AL",367,5,0.0136239782016349
"smithbi05",1978,1,"BAL","AL",250,5,0.02
"smithbo06",1998,1,"TBA","AL",370,11,0.0297297297297297
"smithca07",2025,1,"HOU","AL",441,9,0.0204081632653061
"smithdo02",2021,1,"NYN","NL",446,11,0.0246636771300448
"smithdo02",2023,1,"WAS","NL",527,12,0.0227703984819734
"smithdo02",2024,1,"BOS","AL",249,6,0.0240963855421687
"smithdo02",2025,1,"SFN","NL",204,5,0.0245098039215686
"smithdw01",1989,1,"CHN","NL",343,9,0.0262390670553936
"smithdw01",1990,1,"CHN","NL",290,6,0.0206896551724138
"smithdw01",1992,1,"CHN","NL",217,3,0.0138248847926267
"smithdw01",1993,1,"CHN","NL",310,11,0.0354838709677419
"smithdw02",2019,1,"BAL","AL",357,13,0.0364145658263305
"smithjo09",2022,1,"TEX","AL",213,2,0.00938967136150235
"smithjo09",2024,1,"TEX","AL",523,13,0.0248565965583174
"smithjo09",2025,1,"TEX","AL",495,10,0.0202020202020202
"smithke04",2017,1,"CHA","AL",276,4,0.0144927536231884
"smithlo01",1980,1,"PHI","NL",298,3,0.0100671140939597
"smithlo01",1982,1,"SLN","NL",592,8,0.0135135135135135
"smithlo01",1983,1,"SLN","NL",492,8,0.016260162601626
"smithlo01",1984,1,"SLN","NL",504,6,0.0119047619047619
"smithlo01",1985,2,"KCA","AL",448,6,0.0133928571428571
"smithlo01",1986,1,"KCA","AL",508,8,0.015748031496063
"smithlo01",1989,1,"ATL","NL",482,21,0.0435684647302905
"smithlo01",1990,1,"ATL","NL",466,9,0.01931330472103
"smithlo01",1991,1,"ATL","NL",353,7,0.0198300283286119
"smithma05",2017,1,"TBA","AL",256,2,0.0078125
"smithma05",2018,1,"TBA","AL",480,2,0.00416666666666667
"smithma05",2019,1,"SEA","AL",510,6,0.0117647058823529
"smithoz01",1978,1,"SDN","NL",590,1,0.00169491525423729
"smithoz01",1982,1,"SLN","NL",488,2,0.0040983606557377
"smithoz01",1983,1,"SLN","NL",552,3,0.00543478260869565
"smithoz01",1984,1,"SLN","NL",412,1,0.00242718446601942
"smithoz01",1985,1,"SLN","NL",537,6,0.0111731843575419
"smithoz01",1988,1,"SLN","NL",575,3,0.00521739130434783
"smithoz01",1989,1,"SLN","NL",593,2,0.00337268128161889
"smithoz01",1990,1,"SLN","NL",512,1,0.001953125
"smithoz01",1991,1,"SLN","NL",550,3,0.00545454545454546
"smithoz01",1993,1,"SLN","NL",545,1,0.0018348623853211
"smithoz01",1994,1,"SLN","NL",381,3,0.0078740157480315
"smithoz01",1996,1,"SLN","NL",227,2,0.00881057268722467
"smithpa04",2021,1,"ARI","NL",498,11,0.0220883534136546
"smithpa04",2022,1,"ARI","NL",245,9,0.036734693877551
"smithpa04",2025,1,"ARI","NL",244,8,0.0327868852459016
"smithre06",1970,1,"BOS","AL",580,22,0.0379310344827586
"smithre06",1971,1,"BOS","AL",618,30,0.0485436893203883
"smithre06",1972,1,"BOS","AL",467,21,0.0449678800856531
"smithre06",1973,1,"BOS","AL",423,21,0.049645390070922
"smithre06",1974,1,"SLN","NL",517,23,0.0444874274661509
"smithre06",1975,1,"SLN","NL",477,19,0.039832285115304
"smithre06",1976,2,"LAN","NL",225,10,0.0444444444444444
"smithre06",1977,1,"LAN","NL",488,32,0.0655737704918033
"smithre06",1978,1,"LAN","NL",447,29,0.0648769574944072
"smithre06",1979,1,"LAN","NL",234,10,0.0427350427350427
"smithre06",1980,1,"LAN","NL",311,15,0.0482315112540193
"smithre06",1982,1,"SFN","NL",349,18,0.0515759312320917
"smithse01",2009,1,"COL","NL",335,15,0.0447761194029851
"smithse01",2010,1,"COL","NL",358,17,0.0474860335195531
"smithse01",2011,1,"COL","NL",476,15,0.0315126050420168
"smithse01",2012,1,"OAK","AL",383,14,0.0365535248041776
"smithse01",2013,1,"OAK","AL",368,8,0.0217391304347826
"smithse01",2014,1,"SDN","NL",443,12,0.0270880361173815
"smithse01",2015,1,"SEA","AL",395,12,0.030379746835443
"smithse01",2016,1,"SEA","AL",378,16,0.0423280423280423
"smithse01",2017,1,"BAL","AL",330,13,0.0393939393939394
"smithwi05",2021,1,"LAN","NL",414,25,0.0603864734299517
"smithwi05",2022,1,"LAN","NL",508,24,0.047244094488189
"smithwi05",2023,1,"LAN","NL",464,19,0.040948275862069
"smithwi05",2024,1,"LAN","NL",476,20,0.0420168067226891
"smithwi05",2025,1,"LAN","NL",362,17,0.0469613259668508
"smoakju01",2010,1,"TEX","AL",235,8,0.0340425531914894
"smoakju01",2011,1,"SEA","AL",427,15,0.0351288056206089
"smoakju01",2012,1,"SEA","AL",483,19,0.0393374741200828
"smoakju01",2013,1,"SEA","AL",454,20,0.0440528634361234
"smoakju01",2014,1,"SEA","AL",248,7,0.0282258064516129
"smoakju01",2015,1,"TOR","AL",296,18,0.0608108108108108
"smoakju01",2016,1,"TOR","AL",299,14,0.0468227424749164
"smoakju01",2017,1,"TOR","AL",560,38,0.0678571428571428
"smoakju01",2018,1,"TOR","AL",505,25,0.0495049504950495
"smoakju01",2019,1,"TOR","AL",414,22,0.0531400966183575
"smolija01",2016,1,"OAK","AL",290,7,0.0241379310344828
"snidetr01",2009,1,"TOR","AL",241,9,0.037344398340249
"snidetr01",2010,1,"TOR","AL",298,14,0.0469798657718121
"snidetr01",2013,1,"PIT","NL",261,5,0.0191570881226054
"snidetr01",2014,1,"PIT","NL",322,13,0.0403726708074534
"snidetr01",2015,1,"BAL","AL",211,3,0.014218009478673
"snopech01",1997,1,"CHA","AL",298,5,0.0167785234899329
"snowjt01",1993,1,"CAL","AL",419,16,0.0381861575178998
"snowjt01",1994,1,"CAL","AL",223,8,0.0358744394618834
"snowjt01",1995,1,"CAL","AL",544,24,0.0441176470588235
"snowjt01",1996,1,"CAL","AL",575,17,0.0295652173913044
"snowjt01",1997,1,"SFN","NL",531,28,0.0527306967984934
"snowjt01",1998,1,"SFN","NL",435,15,0.0344827586206897
"snowjt01",1999,1,"SFN","NL",570,24,0.0421052631578947
"snowjt01",2000,1,"SFN","NL",536,19,0.0354477611940298
"snowjt01",2001,1,"SFN","NL",285,8,0.0280701754385965
"snowjt01",2002,1,"SFN","NL",422,6,0.014218009478673
"snowjt01",2003,1,"SFN","NL",330,8,0.0242424242424242
"snowjt01",2004,1,"SFN","NL",346,12,0.0346820809248555
"snowjt01",2005,1,"SFN","NL",367,4,0.0108991825613079
"snydech02",2005,1,"ARI","NL",326,6,0.0184049079754601
"snydech02",2007,1,"ARI","NL",326,13,0.0398773006134969
"snydech02",2008,1,"ARI","NL",334,16,0.0479041916167665
"snydech02",2012,1,"HOU","NL",221,7,0.0316742081447964
"snydeco02",1986,1,"CLE","AL",416,24,0.0576923076923077
"snydeco02",1987,1,"CLE","AL",577,33,0.0571923743500867
"snydeco02",1988,1,"CLE","AL",511,26,0.050880626223092
"snydeco02",1989,1,"CLE","AL",489,18,0.0368098159509203
"snydeco02",1990,1,"CLE","AL",438,14,0.0319634703196347
"snydeco02",1992,1,"SFN","NL",390,14,0.0358974358974359
"snydeco02",1993,1,"LAN","NL",516,11,0.0213178294573643
"snyderu01",1970,1,"ML4","AL",276,4,0.0144927536231884
"soderer01",1972,1,"MIN","AL",287,13,0.0452961672473868
"soderer01",1974,1,"MIN","AL",464,10,0.021551724137931
"soderer01",1975,1,"MIN","AL",419,11,0.0262529832935561
"soderer01",1977,1,"CHA","AL",460,25,0.0543478260869565
"soderer01",1978,1,"CHA","AL",457,20,0.0437636761487965
"soderer01",1979,1,"CHA","AL",210,6,0.0285714285714286
"soderer01",1980,1,"NYA","AL",275,11,0.04
"soderty01",2025,1,"ATH","AL",561,25,0.0445632798573975
"sofieri01",1980,1,"MIN","AL",417,9,0.0215827338129496
"sogarer01",2013,1,"OAK","AL",368,2,0.00543478260869565
"sogarer01",2014,1,"OAK","AL",291,1,0.00343642611683849
"sogarer01",2015,1,"OAK","AL",372,1,0.00268817204301075
"sogarer01",2017,1,"MIL","NL",249,3,0.0120481927710843
"sogarer01",2019,1,"TOR","AL",287,10,0.0348432055749129
"sojolu01",1991,1,"CAL","AL",364,3,0.00824175824175824
"sojolu01",1992,1,"CAL","AL",368,7,0.0190217391304348
"sojolu01",1994,1,"SEA","AL",213,6,0.028169014084507
"sojolu01",1995,1,"SEA","AL",339,7,0.0206489675516224
"sojolu01",1996,1,"SEA","AL",247,1,0.00404858299595142
"sojolu01",1997,1,"NYA","AL",215,2,0.00930232558139535
"solaito01",1974,1,"KCA","AL",239,7,0.0292887029288703
"solaito01",1975,1,"KCA","AL",231,16,0.0692640692640693
"solaito01",1976,2,"CAL","AL",215,9,0.0418604651162791
"solaito01",1977,1,"CAL","AL",324,14,0.0432098765432099
"solakni01",2020,1,"TEX","AL",209,2,0.00956937799043062
"solakni01",2021,1,"TEX","AL",458,11,0.0240174672489083
"solando01",2012,1,"MIA","NL",285,2,0.00701754385964912
"solando01",2013,1,"MIA","NL",361,3,0.00831024930747922
"solando01",2014,1,"MIA","NL",310,3,0.00967741935483871
"solando01",2019,1,"SFN","NL",215,4,0.0186046511627907
"solando01",2021,1,"SFN","NL",307,7,0.0228013029315961
"solando01",2022,1,"CIN","NL",278,4,0.0143884892086331
"solando01",2023,1,"MIN","AL",394,5,0.0126903553299492
"solando01",2024,1,"SDN","NL",283,8,0.0282685512367491
"solarya01",2014,1,"NYA","AL",252,6,0.0238095238095238
"solarya01",2014,2,"SDN","NL",217,4,0.0184331797235023
"solarya01",2015,1,"SDN","NL",526,14,0.026615969581749
"solarya01",2016,1,"SDN","NL",405,15,0.037037037037037
"solarya01",2017,1,"SDN","NL",466,18,0.0386266094420601
"solarya01",2018,1,"TOR","AL",468,17,0.0363247863247863
"solerjo01",2015,1,"CHN","NL",366,10,0.0273224043715847
"solerjo01",2016,1,"CHN","NL",227,12,0.052863436123348
"solerjo01",2018,1,"KCA","AL",223,9,0.0403587443946188
"solerjo01",2019,1,"KCA","AL",589,48,0.0814940577249576
"solerjo01",2021,1,"KCA","AL",308,13,0.0422077922077922
"solerjo01",2021,2,"ATL","NL",208,14,0.0673076923076923
"solerjo01",2022,1,"MIA","NL",270,13,0.0481481481481481
"solerjo01",2023,1,"MIA","NL",504,36,0.0714285714285714
"solerjo01",2024,1,"SFN","NL",341,12,0.0351906158357771
"solerjo01",2025,1,"LAA","AL",279,12,0.043010752688172
"soriaal01",2001,1,"NYA","AL",574,18,0.0313588850174216
"soriaal01",2002,1,"NYA","AL",696,39,0.0560344827586207
"soriaal01",2003,1,"NYA","AL",682,38,0.0557184750733138
"soriaal01",2004,1,"TEX","AL",608,28,0.0460526315789474
"soriaal01",2005,1,"TEX","AL",637,36,0.0565149136577708
"soriaal01",2006,1,"WAS","NL",647,46,0.071097372488408
"soriaal01",2007,1,"CHN","NL",579,33,0.0569948186528497
"soriaal01",2008,1,"CHN","NL",453,29,0.0640176600441501
"soriaal01",2009,1,"CHN","NL",477,20,0.0419287211740042
"soriaal01",2010,1,"CHN","NL",496,24,0.0483870967741935
"soriaal01",2011,1,"CHN","NL",475,26,0.0547368421052632
"soriaal01",2012,1,"CHN","NL",561,32,0.0570409982174688
"soriaal01",2013,1,"CHN","NL",362,17,0.0469613259668508
"soriaal01",2013,2,"NYA","AL",219,17,0.0776255707762557
"soriaal01",2014,1,"NYA","AL",226,6,0.0265486725663717
"sorrepa01",1992,1,"CLE","AL",458,18,0.0393013100436681
"sorrepa01",1993,1,"CLE","AL",463,18,0.0388768898488121
"sorrepa01",1994,1,"CLE","AL",322,14,0.0434782608695652
"sorrepa01",1995,1,"CLE","AL",323,25,0.0773993808049536
"sorrepa01",1996,1,"SEA","AL",471,23,0.0488322717622081
"sorrepa01",1997,1,"SEA","AL",457,31,0.0678336980306346
"sorrepa01",1998,1,"TBA","AL",435,17,0.0390804597701149
"sorrepa01",1999,1,"TBA","AL",294,11,0.0374149659863946
"sosaed01",2021,1,"SLN","NL",288,6,0.0208333333333333
"sosaed01",2023,1,"PHI","NL",279,10,0.03584229390681
"sosaed01",2024,1,"PHI","NL",249,7,0.0281124497991968
"sosaed01",2025,1,"PHI","NL",243,11,0.0452674897119342
"sosale01",2024,1,"CHA","AL",351,8,0.0227920227920228
"sosale01",2025,1,"CHA","AL",518,22,0.0424710424710425
"sosasa01",1990,1,"CHA","AL",532,15,0.0281954887218045
"sosasa01",1991,1,"CHA","AL",316,10,0.0316455696202532
"sosasa01",1992,1,"CHN","NL",262,8,0.0305343511450382
"sosasa01",1993,1,"CHN","NL",598,33,0.0551839464882943
"sosasa01",1994,1,"CHN","NL",426,25,0.0586854460093897
"sosasa01",1995,1,"CHN","NL",564,36,0.0638297872340425
"sosasa01",1996,1,"CHN","NL",498,40,0.0803212851405623
"sosasa01",1997,1,"CHN","NL",642,36,0.0560747663551402
"sosasa01",1998,1,"CHN","NL",643,66,0.102643856920684
"sosasa01",1999,1,"CHN","NL",625,63,0.1008
"sosasa01",2000,1,"CHN","NL",604,50,0.0827814569536424
"sosasa01",2001,1,"CHN","NL",577,64,0.110918544194107
"sosasa01",2002,1,"CHN","NL",556,49,0.0881294964028777
"sosasa01",2003,1,"CHN","NL",517,40,0.0773694390715667
"sosasa01",2004,1,"CHN","NL",478,35,0.0732217573221757
"sosasa01",2005,1,"BAL","AL",380,14,0.0368421052631579
"sosasa01",2007,1,"TEX","AL",412,21,0.0509708737864078
"sotoge01",2008,1,"CHN","NL",494,23,0.0465587044534413
"sotoge01",2009,1,"CHN","NL",331,11,0.0332326283987915
"sotoge01",2010,1,"CHN","NL",322,17,0.0527950310559006
"sotoge01",2011,1,"CHN","NL",421,17,0.0403800475059382
"sotoju01",2018,1,"WAS","NL",414,22,0.0531400966183575
"sotoju01",2019,1,"WAS","NL",542,34,0.0627306273062731
"sotoju01",2021,1,"WAS","NL",502,29,0.0577689243027888
"sotoju01",2022,1,"WAS","NL",342,21,0.0614035087719298
"sotoju01",2023,1,"SDN","NL",568,35,0.0616197183098592
"sotoju01",2024,1,"NYA","AL",576,41,0.0711805555555556
"sotoju01",2025,1,"NYN","NL",577,43,0.0745233968804159
"souzast01",2015,1,"TBA","AL",373,16,0.0428954423592493
"souzast01",2016,1,"TBA","AL",430,17,0.0395348837209302
"souzast01",2017,1,"TBA","AL",523,30,0.0573613766730402
"souzast01",2018,1,"ARI","NL",241,5,0.020746887966805
"spande01",2008,1,"MIN","AL",347,6,0.0172910662824208
"spande01",2009,1,"MIN","AL",578,8,0.013840830449827
"spande01",2010,1,"MIN","AL",629,3,0.00476947535771065
"spande01",2011,1,"MIN","AL",284,2,0.00704225352112676
"spande01",2012,1,"MIN","AL",516,4,0.00775193798449612
"spande01",2013,1,"WAS","NL",610,4,0.00655737704918033
"spande01",2014,1,"WAS","NL",610,5,0.00819672131147541
"spande01",2015,1,"WAS","NL",246,5,0.0203252032520325
"spande01",2016,1,"SFN","NL",572,11,0.0192307692307692
"spande01",2017,1,"SFN","NL",497,12,0.0241448692152917
"spande01",2018,2,"SEA","AL",294,7,0.0238095238095238
"spangco01",2015,1,"SDN","NL",303,4,0.0132013201320132
"spangco01",2017,1,"SDN","NL",444,13,0.0292792792792793
"spangco01",2018,1,"SDN","NL",298,7,0.023489932885906
"speiech01",1971,1,"SFN","NL",601,8,0.0133111480865225
"speiech01",1972,1,"SFN","NL",562,15,0.0266903914590747
"speiech01",1973,1,"SFN","NL",542,11,0.0202952029520295
"speiech01",1974,1,"SFN","NL",501,9,0.0179640718562874
"speiech01",1975,1,"SFN","NL",487,10,0.0205338809034908
"speiech01",1976,1,"SFN","NL",495,3,0.00606060606060606
"speiech01",1977,2,"MON","NL",531,5,0.00941619585687382
"speiech01",1978,1,"MON","NL",501,5,0.00998003992015968
"speiech01",1979,1,"MON","NL",344,7,0.0203488372093023
"speiech01",1980,1,"MON","NL",388,1,0.00257731958762887
"speiech01",1981,1,"MON","NL",307,2,0.00651465798045603
"speiech01",1982,1,"MON","NL",530,7,0.0132075471698113
"speiech01",1983,1,"MON","NL",261,2,0.00766283524904214
"speiech01",1985,1,"CHN","NL",218,4,0.018348623853211
"speiech01",1987,1,"SFN","NL",317,11,0.0347003154574133
"spencji01",1970,1,"CAL","AL",511,12,0.0234833659491194
"spencji01",1971,1,"CAL","AL",510,18,0.0352941176470588
"spencji01",1972,1,"CAL","AL",212,1,0.00471698113207547
"spencji01",1973,2,"TEX","AL",352,4,0.0113636363636364
"spencji01",1974,1,"TEX","AL",352,7,0.0198863636363636
"spencji01",1975,1,"TEX","AL",403,11,0.0272952853598015
"spencji01",1976,1,"CHA","AL",518,14,0.027027027027027
"spencji01",1977,1,"CHA","AL",470,18,0.0382978723404255
"spencji01",1979,1,"NYA","AL",295,23,0.0779661016949153
"spencji01",1980,1,"NYA","AL",259,13,0.0501930501930502
"spencsh01",1999,1,"NYA","AL",205,8,0.0390243902439024
"spencsh01",2000,1,"NYA","AL",248,9,0.0362903225806452
"spencsh01",2001,1,"NYA","AL",283,10,0.0353356890459364
"spencsh01",2002,1,"NYA","AL",288,6,0.0208333333333333
"spencsh01",2003,1,"CLE","AL",210,8,0.0380952380952381
"spierbi01",1989,1,"ML4","AL",345,4,0.0115942028985507
"spierbi01",1990,1,"ML4","AL",363,2,0.00550964187327824
"spierbi01",1991,1,"ML4","AL",414,8,0.0193236714975845
"spierbi01",1993,1,"ML4","AL",340,2,0.00588235294117647
"spierbi01",1996,1,"HOU","NL",218,6,0.0275229357798165
"spierbi01",1997,1,"HOU","NL",291,4,0.013745704467354
"spierbi01",1998,1,"HOU","NL",384,4,0.0104166666666667
"spierbi01",1999,1,"HOU","NL",393,4,0.0101781170483461
"spierbi01",2000,1,"HOU","NL",355,3,0.00845070422535211
"spiezed01",1970,1,"SDN","NL",316,12,0.0379746835443038
"spiezed01",1971,1,"SDN","NL",308,7,0.0227272727272727
"spiezed01",1972,2,"CHA","AL",277,2,0.0072202166064982
"spiezsc01",1997,1,"OAK","AL",538,14,0.0260223048327138
"spiezsc01",1998,1,"OAK","AL",406,9,0.0221674876847291
"spiezsc01",1999,1,"OAK","AL",247,8,0.0323886639676113
"spiezsc01",2000,1,"ANA","AL",297,17,0.0572390572390572
"spiezsc01",2001,1,"ANA","AL",457,13,0.0284463894967177
"spiezsc01",2002,1,"ANA","AL",491,12,0.0244399185336049
"spiezsc01",2003,1,"ANA","AL",521,16,0.0307101727447217
"spiezsc01",2004,1,"SEA","AL",367,10,0.0272479564032698
"spiezsc01",2006,1,"SLN","NL",276,13,0.0471014492753623
"spiezsc01",2007,1,"SLN","NL",223,4,0.0179372197309417
"spikech01",1973,1,"CLE","AL",506,23,0.0454545454545455
"spikech01",1974,1,"CLE","AL",568,22,0.0387323943661972
"spikech01",1975,1,"CLE","AL",345,11,0.0318840579710145
"spikech01",1976,1,"CLE","AL",334,3,0.00898203592814371
"spilbry01",2007,1,"COL","NL",264,11,0.0416666666666667
"spilbry01",2008,1,"COL","NL",233,6,0.0257510729613734
"spilbry01",2009,1,"COL","NL",352,8,0.0227272727272727
"spilbry01",2010,1,"COL","NL",341,10,0.0293255131964809
"spilbry01",2011,1,"COL","NL",200,3,0.015
"spiveju01",2002,1,"ARI","NL",538,16,0.0297397769516729
"spiveju01",2003,1,"ARI","NL",365,13,0.0356164383561644
"spiveju01",2004,1,"MIL","NL",228,7,0.0307017543859649
"spraged02",1993,1,"TOR","AL",546,12,0.021978021978022
"spraged02",1994,1,"TOR","AL",405,11,0.0271604938271605
"spraged02",1995,1,"TOR","AL",521,18,0.0345489443378119
"spraged02",1996,1,"TOR","AL",591,36,0.0609137055837564
"spraged02",1997,1,"TOR","AL",504,14,0.0277777777777778
"spraged02",1998,1,"TOR","AL",382,17,0.0445026178010471
"spraged02",1999,1,"PIT","NL",490,22,0.0448979591836735
"springe01",2014,1,"HOU","AL",295,20,0.0677966101694915
"springe01",2015,1,"HOU","AL",388,16,0.0412371134020619
"springe01",2016,1,"HOU","AL",644,29,0.0450310559006211
"springe01",2017,1,"HOU","AL",548,34,0.062043795620438
"springe01",2018,1,"HOU","AL",544,22,0.0404411764705882
"springe01",2019,1,"HOU","AL",479,39,0.081419624217119
"springe01",2021,1,"TOR","AL",299,22,0.0735785953177258
"springe01",2022,1,"TOR","AL",513,25,0.0487329434697856
"springe01",2023,1,"TOR","AL",613,21,0.034257748776509
"springe01",2024,1,"TOR","AL",545,19,0.0348623853211009
"springe01",2025,1,"TOR","AL",498,32,0.0642570281124498
"squirmi01",1979,1,"CHA","AL",295,2,0.00677966101694915
"squirmi01",1980,1,"CHA","AL",343,2,0.00583090379008746
"staggst01",1977,1,"TOR","AL",291,2,0.00687285223367698
"stahlla01",1971,1,"SDN","NL",308,8,0.025974025974026
"stahlla01",1972,1,"SDN","NL",297,7,0.0235690235690236
"stahosc01",1995,1,"MIN","AL",263,3,0.0114068441064639
"stahosc01",1996,1,"MIN","AL",405,13,0.0320987654320988
"stahosc01",1997,1,"MIN","AL",275,10,0.0363636363636364
"staigro01",1976,1,"NYN","NL",304,2,0.00657894736842105
"stairma01",1997,1,"OAK","AL",352,27,0.0767045454545455
"stairma01",1998,1,"OAK","AL",523,26,0.0497131931166348
"stairma01",1999,1,"OAK","AL",531,38,0.071563088512241
"stairma01",2000,1,"OAK","AL",476,21,0.0441176470588235
"stairma01",2001,1,"CHN","NL",340,17,0.05
"stairma01",2002,1,"MIL","NL",270,16,0.0592592592592593
"stairma01",2003,1,"PIT","NL",305,20,0.0655737704918033
"stairma01",2004,1,"KCA","AL",439,18,0.041002277904328
"stairma01",2005,1,"KCA","AL",396,13,0.0328282828282828
"stairma01",2006,1,"KCA","AL",226,8,0.0353982300884956
"stairma01",2007,1,"TOR","AL",357,21,0.0588235294117647
"stairma01",2008,1,"TOR","AL",320,11,0.034375
"stallja01",2021,1,"PIT","NL",374,8,0.0213903743315508
"stallja01",2022,1,"MIA","NL",346,4,0.0115606936416185
"stallja01",2023,1,"MIA","NL",241,3,0.012448132780083
"stallja01",2024,1,"COL","NL",243,9,0.037037037037037
"stanipe01",1988,1,"BAL","AL",261,4,0.0153256704980843
"stankan01",1992,1,"NYA","AL",400,2,0.005
"stanlfr01",1976,1,"NYA","AL",260,1,0.00384615384615385
"stanlfr01",1982,1,"OAK","AL",228,2,0.0087719298245614
"stanlmi01",1970,1,"DET","AL",568,13,0.022887323943662
"stanlmi01",1971,1,"DET","AL",401,7,0.0174563591022444
"stanlmi01",1972,1,"DET","AL",435,14,0.032183908045977
"stanlmi01",1973,1,"DET","AL",602,17,0.0282392026578073
"stanlmi01",1974,1,"DET","AL",394,8,0.0203045685279188
"stanlmi01",1976,1,"DET","AL",214,4,0.0186915887850467
"stanlmi01",1977,1,"DET","AL",222,8,0.036036036036036
"stanlmi02",1987,1,"TEX","AL",216,6,0.0277777777777778
"stanlmi02",1988,1,"TEX","AL",249,3,0.0120481927710843
"stanlmi02",1993,1,"NYA","AL",423,26,0.0614657210401891
"stanlmi02",1994,1,"NYA","AL",290,17,0.0586206896551724
"stanlmi02",1995,1,"NYA","AL",399,18,0.0451127819548872
"stanlmi02",1996,1,"BOS","AL",397,24,0.0604534005037783
"stanlmi02",1997,1,"BOS","AL",260,13,0.05
"stanlmi02",1998,1,"TOR","AL",341,22,0.0645161290322581
"stanlmi02",1999,1,"BOS","AL",427,19,0.0444964871194379
"stantle01",1972,1,"CAL","AL",402,12,0.0298507462686567
"stantle01",1973,1,"CAL","AL",306,8,0.0261437908496732
"stantle01",1974,1,"CAL","AL",415,11,0.0265060240963855
"stantle01",1975,1,"CAL","AL",440,14,0.0318181818181818
"stantle01",1976,1,"CAL","AL",231,2,0.00865800865800866
"stantle01",1977,1,"SEA","AL",454,27,0.0594713656387665
"stantle01",1978,1,"SEA","AL",302,3,0.00993377483443709
"stantmi03",2010,1,"FLO","NL",359,22,0.0612813370473538
"stantmi03",2011,1,"FLO","NL",516,34,0.0658914728682171
"stantmi03",2012,1,"MIA","NL",449,37,0.0824053452115813
"stantmi03",2013,1,"MIA","NL",425,24,0.0564705882352941
"stantmi03",2014,1,"MIA","NL",539,37,0.0686456400742115
"stantmi03",2015,1,"MIA","NL",279,27,0.0967741935483871
"stantmi03",2016,1,"MIA","NL",413,27,0.0653753026634383
"stantmi03",2017,1,"MIA","NL",597,59,0.0988274706867672
"stantmi03",2018,1,"NYA","AL",617,38,0.0615883306320908
"stantmi03",2021,1,"NYA","AL",510,35,0.0686274509803922
"stantmi03",2022,1,"NYA","AL",398,31,0.0778894472361809
"stantmi03",2023,1,"NYA","AL",371,24,0.0646900269541779
"stantmi03",2024,1,"NYA","AL",417,27,0.0647482014388489
"stantmi03",2025,1,"NYA","AL",249,24,0.0963855421686747
"staplda01",1980,1,"BOS","AL",449,7,0.0155902004454343
"staplda01",1981,1,"BOS","AL",355,10,0.028169014084507
"staplda01",1982,1,"BOS","AL",538,14,0.0260223048327138
"staplda01",1983,1,"BOS","AL",542,10,0.018450184501845
"stargwi01",1970,1,"PIT","NL",474,31,0.0654008438818565
"stargwi01",1971,1,"PIT","NL",511,48,0.0939334637964775
"stargwi01",1972,1,"PIT","NL",495,33,0.0666666666666667
"stargwi01",1973,1,"PIT","NL",522,44,0.0842911877394636
"stargwi01",1974,1,"PIT","NL",508,25,0.0492125984251969
"stargwi01",1975,1,"PIT","NL",461,22,0.0477223427331887
"stargwi01",1976,1,"PIT","NL",428,20,0.0467289719626168
"stargwi01",1978,1,"PIT","NL",390,28,0.0717948717948718
"stargwi01",1979,1,"PIT","NL",424,32,0.0754716981132075
"stargwi01",1980,1,"PIT","NL",202,11,0.0544554455445545
"stassma01",2018,1,"HOU","AL",221,8,0.0361990950226244
"stassma01",2021,1,"LAA","AL",282,13,0.0460992907801418
"stassma01",2022,1,"LAA","AL",333,9,0.027027027027027
"staubru01",1970,1,"MON","NL",569,30,0.0527240773286468
"staubru01",1971,1,"MON","NL",599,19,0.0317195325542571
"staubru01",1972,1,"NYN","NL",239,9,0.0376569037656904
"staubru01",1973,1,"NYN","NL",585,15,0.0256410256410256
"staubru01",1974,1,"NYN","NL",561,19,0.0338680926916221
"staubru01",1975,1,"NYN","NL",574,19,0.0331010452961672
"staubru01",1976,1,"DET","AL",589,15,0.0254668930390492
"staubru01",1977,1,"DET","AL",623,22,0.0353130016051364
"staubru01",1978,1,"DET","AL",642,24,0.0373831775700935
"staubru01",1979,1,"DET","AL",246,9,0.0365853658536585
"staubru01",1980,1,"TEX","AL",340,9,0.0264705882352941
"staubru01",1982,1,"NYN","NL",219,3,0.0136986301369863
"stearjo01",1977,1,"NYN","NL",431,12,0.0278422273781903
"stearjo01",1978,1,"NYN","NL",477,15,0.0314465408805031
"stearjo01",1979,1,"NYN","NL",538,9,0.016728624535316
"stearjo01",1981,1,"NYN","NL",273,1,0.00366300366300366
"stearjo01",1982,1,"NYN","NL",352,4,0.0113636363636364
"steersp01",2023,1,"CIN","NL",582,23,0.0395189003436426
"steersp01",2024,1,"CIN","NL",574,20,0.0348432055749129
"steersp01",2025,1,"CIN","NL",509,21,0.0412573673870334
"steinbi02",1975,1,"CHA","AL",226,3,0.0132743362831858
"steinbi02",1976,1,"CHA","AL",392,4,0.0102040816326531
"steinbi02",1977,1,"SEA","AL",556,13,0.0233812949640288
"steinbi02",1978,1,"SEA","AL",403,4,0.00992555831265509
"steinbi02",1979,1,"SEA","AL",250,7,0.028
"steinbi02",1983,1,"TEX","AL",232,2,0.00862068965517241
"steinte01",1987,1,"OAK","AL",391,16,0.040920716112532
"steinte01",1988,1,"OAK","AL",351,9,0.0256410256410256
"steinte01",1989,1,"OAK","AL",454,7,0.0154185022026432
"steinte01",1990,1,"OAK","AL",379,9,0.0237467018469657
"steinte01",1991,1,"OAK","AL",456,6,0.0131578947368421
"steinte01",1992,1,"OAK","AL",438,12,0.0273972602739726
"steinte01",1993,1,"OAK","AL",389,10,0.025706940874036
"steinte01",1994,1,"OAK","AL",369,11,0.029810298102981
"steinte01",1995,1,"OAK","AL",406,15,0.0369458128078818
"steinte01",1996,1,"OAK","AL",514,35,0.0680933852140078
"steinte01",1997,1,"MIN","AL",447,12,0.0268456375838926
"steinte01",1998,1,"MIN","AL",422,14,0.033175355450237
"steinte01",1999,1,"MIN","AL",338,4,0.0118343195266272
"stennre01",1972,1,"PIT","NL",370,3,0.00810810810810811
"stennre01",1973,1,"PIT","NL",466,10,0.0214592274678112
"stennre01",1974,1,"PIT","NL",673,7,0.0104011887072808
"stennre01",1975,1,"PIT","NL",616,7,0.0113636363636364
"stennre01",1976,1,"PIT","NL",654,2,0.00305810397553517
"stennre01",1977,1,"PIT","NL",453,5,0.011037527593819
"stennre01",1978,1,"PIT","NL",333,3,0.00900900900900901
"stennre01",1980,1,"SFN","NL",397,2,0.00503778337531486
"stephjo02",1971,1,"CAL","AL",279,3,0.010752688172043
"stephty01",2021,1,"CIN","NL",350,10,0.0285714285714286
"stephty01",2023,1,"CIN","NL",465,13,0.0279569892473118
"stephty01",2024,1,"CIN","NL",457,19,0.0415754923413567
"stephty01",2025,1,"CIN","NL",299,13,0.0434782608695652
"stevele01",1990,1,"CAL","AL",248,7,0.0282258064516129
"stevele01",1992,1,"CAL","AL",312,7,0.0224358974358974
"stevele01",1997,1,"TEX","AL",426,21,0.0492957746478873
"stevele01",1998,1,"TEX","AL",344,20,0.0581395348837209
"stevele01",1999,1,"TEX","AL",517,24,0.04642166344294
"stevele01",2000,1,"MON","NL",449,22,0.0489977728285078
"stevele01",2001,1,"MON","NL",542,25,0.0461254612546125
"stevele01",2002,1,"MON","NL",205,10,0.048780487804878
"stewach01",2013,1,"NYA","AL",294,4,0.0136054421768707
"stewach02",2019,1,"DET","AL",369,10,0.02710027100271
"stewadj01",2021,1,"BAL","AL",270,12,0.0444444444444444
"stewaia01",2008,1,"COL","NL",266,10,0.037593984962406
"stewaia01",2009,1,"COL","NL",425,25,0.0588235294117647
"stewaia01",2010,1,"COL","NL",386,18,0.0466321243523316
"stewash01",1998,1,"TOR","AL",516,12,0.0232558139534884
"stewash01",1999,1,"TOR","AL",608,11,0.0180921052631579
"stewash01",2000,1,"TOR","AL",583,21,0.0360205831903945
"stewash01",2001,1,"TOR","AL",640,12,0.01875
"stewash01",2002,1,"TOR","AL",577,10,0.0173310225303293
"stewash01",2003,1,"TOR","AL",303,7,0.0231023102310231
"stewash01",2003,2,"MIN","AL",270,6,0.0222222222222222
"stewash01",2004,1,"MIN","AL",378,11,0.0291005291005291
"stewash01",2005,1,"MIN","AL",551,10,0.0181488203266788
"stewash01",2007,1,"OAK","AL",576,12,0.0208333333333333
"stillku01",1987,1,"CIN","NL",395,4,0.010126582278481
"stillku01",1988,1,"KCA","AL",459,10,0.0217864923747277
"stillku01",1989,1,"KCA","AL",463,7,0.0151187904967603
"stillku01",1990,1,"KCA","AL",506,3,0.00592885375494071
"stillku01",1991,1,"KCA","AL",385,6,0.0155844155844156
"stillku01",1992,1,"SDN","NL",379,2,0.00527704485488127
"stinnke01",1998,1,"ARI","NL",274,11,0.0401459854014599
"stinnke01",1999,1,"ARI","NL",284,14,0.0492957746478873
"stinnke01",2000,1,"ARI","NL",240,8,0.0333333333333333
"stinsbo01",1976,1,"KCA","AL",209,2,0.00956937799043062
"stinsbo01",1977,1,"SEA","AL",297,8,0.0269360269360269
"stinsbo01",1978,1,"SEA","AL",364,11,0.0302197802197802
"stinsbo01",1979,1,"SEA","AL",247,6,0.0242914979757085
"stockke01",1993,1,"PHI","NL",259,2,0.00772200772200772
"stockke01",1994,1,"PHI","NL",271,2,0.00738007380073801
"stockke01",1995,1,"PHI","NL",412,1,0.00242718446601942
"stockke01",1996,1,"PHI","NL",394,5,0.0126903553299492
"stockke01",1997,1,"PHI","NL",504,4,0.00793650793650794
"stockke01",1998,1,"TBA","AL",336,6,0.0178571428571429
"stockke01",1999,1,"TBA","AL",254,1,0.00393700787401575
"stoneje01",1985,1,"PHI","NL",264,3,0.0113636363636364
"stoneje01",1986,1,"PHI","NL",249,6,0.0240963855421687
"stonero02",1970,1,"PHI","NL",321,3,0.00934579439252336
"storytr01",2016,1,"COL","NL",372,27,0.0725806451612903
"storytr01",2017,1,"COL","NL",503,24,0.047713717693837
"storytr01",2018,1,"COL","NL",598,37,0.0618729096989967
"storytr01",2019,1,"COL","NL",588,35,0.0595238095238095
"storytr01",2020,1,"COL","NL",235,11,0.0468085106382979
"storytr01",2021,1,"COL","NL",526,24,0.0456273764258555
"storytr01",2022,1,"BOS","AL",357,16,0.0448179271708683
"storytr01",2025,1,"BOS","AL",612,25,0.0408496732026144
"stottbr01",2022,1,"PHI","NL",427,10,0.0234192037470726
"stottbr01",2023,1,"PHI","NL",585,15,0.0256410256410256
"stottbr01",2024,1,"PHI","NL",506,11,0.0217391304347826
"stottbr01",2025,1,"PHI","NL",499,13,0.0260521042084168
"stoweky01",2025,1,"MIA","NL",399,25,0.06265664160401
"straijo01",1979,1,"SFN","NL",257,1,0.00389105058365759
"strando01",1993,1,"TEX","AL",484,7,0.0144628099173554
"strando01",1994,1,"TEX","AL",226,5,0.0221238938053097
"strando01",1997,1,"MON","NL",327,12,0.036697247706422
"strawda01",1983,1,"NYN","NL",420,26,0.0619047619047619
"strawda01",1984,1,"NYN","NL",522,26,0.0498084291187739
"strawda01",1985,1,"NYN","NL",393,29,0.0737913486005089
"strawda01",1986,1,"NYN","NL",475,27,0.0568421052631579
"strawda01",1987,1,"NYN","NL",532,39,0.0733082706766917
"strawda01",1988,1,"NYN","NL",543,39,0.0718232044198895
"strawda01",1989,1,"NYN","NL",476,29,0.0609243697478992
"strawda01",1990,1,"NYN","NL",542,37,0.0682656826568266
"strawda01",1991,1,"LAN","NL",505,28,0.0554455445544555
"strawda01",1996,1,"NYA","AL",202,11,0.0544554455445545
"strawda01",1998,1,"NYA","AL",295,24,0.0813559322033898
"strawmy01",2021,1,"HOU","AL",325,2,0.00615384615384615
"strawmy01",2021,2,"CLE","AL",239,2,0.00836820083682008
"strawmy01",2023,1,"CLE","AL",462,1,0.00216450216450216
"strawmy01",2025,1,"TOR","AL",267,4,0.0149812734082397
"stroued01",1970,1,"WS2","AL",433,5,0.0115473441108545
"stubbdr01",2010,1,"CIN","NL",514,22,0.0428015564202335
"stubbdr01",2011,1,"CIN","NL",604,15,0.0248344370860927
"stubbdr01",2012,1,"CIN","NL",493,14,0.0283975659229209
"stubbdr01",2013,1,"CLE","AL",430,10,0.0232558139534884
"stubbdr01",2014,1,"COL","NL",388,15,0.038659793814433
"stubbfr01",1984,1,"LAN","NL",217,8,0.0368663594470046
"stubbfr01",1986,1,"LAN","NL",420,23,0.0547619047619048
"stubbfr01",1987,1,"LAN","NL",386,16,0.0414507772020725
"stubbfr01",1988,1,"LAN","NL",242,8,0.0330578512396694
"stubbfr01",1990,1,"HOU","NL",448,23,0.0513392857142857
"stubbfr01",1991,1,"ML4","AL",362,11,0.0303867403314917
"stubbfr01",1992,1,"ML4","AL",288,9,0.03125
"stynech01",1998,1,"CIN","NL",347,6,0.0172910662824208
"stynech01",2000,1,"CIN","NL",380,12,0.0315789473684211
"stynech01",2001,1,"BOS","AL",361,8,0.0221606648199446
"stynech01",2003,1,"COL","NL",443,11,0.0248306997742664
"suareeu01",2014,1,"DET","AL",244,4,0.0163934426229508
"suareeu01",2015,1,"CIN","NL",372,13,0.0349462365591398
"suareeu01",2016,1,"CIN","NL",565,21,0.0371681415929204
"suareeu01",2017,1,"CIN","NL",534,26,0.048689138576779
"suareeu01",2018,1,"CIN","NL",527,34,0.0645161290322581
"suareeu01",2019,1,"CIN","NL",575,49,0.0852173913043478
"suareeu01",2021,1,"CIN","NL",505,31,0.0613861386138614
"suareeu01",2022,1,"SEA","AL",543,31,0.0570902394106814
"suareeu01",2023,1,"SEA","AL",598,22,0.0367892976588629
"suareeu01",2024,1,"ARI","NL",571,30,0.0525394045534151
"suareeu01",2025,1,"ARI","NL",387,36,0.0930232558139535
"suareeu01",2025,2,"SEA","AL",201,13,0.0646766169154229
"suareke01",1973,1,"TEX","AL",278,1,0.00359712230215827
"sudakbi01",1970,1,"LAN","NL",269,14,0.0520446096654275
"sudakbi01",1973,1,"TEX","AL",235,15,0.0638297872340425
"sudakbi01",1974,1,"NYA","AL",259,7,0.027027027027027
"sullico01",2005,1,"COL","NL",378,4,0.0105820105820106
"sullico01",2006,1,"COL","NL",386,2,0.00518134715025907
"summech01",1979,2,"DET","AL",246,20,0.0813008130081301
"summech01",1980,1,"DET","AL",347,17,0.0489913544668588
"sundbji01",1974,1,"TEX","AL",368,3,0.00815217391304348
"sundbji01",1975,1,"TEX","AL",472,6,0.0127118644067797
"sundbji01",1976,1,"TEX","AL",448,3,0.00669642857142857
"sundbji01",1977,1,"TEX","AL",453,6,0.0132450331125828
"sundbji01",1978,1,"TEX","AL",518,6,0.0115830115830116
"sundbji01",1979,1,"TEX","AL",495,5,0.0101010101010101
"sundbji01",1980,1,"TEX","AL",505,10,0.0198019801980198
"sundbji01",1981,1,"TEX","AL",339,3,0.00884955752212390
"sundbji01",1982,1,"TEX","AL",470,10,0.0212765957446809
"sundbji01",1983,1,"TEX","AL",378,2,0.00529100529100529
"sundbji01",1984,1,"ML4","AL",348,7,0.0201149425287356
"sundbji01",1985,1,"KCA","AL",367,10,0.0272479564032698
"sundbji01",1986,1,"KCA","AL",429,12,0.027972027972028
"surhobj01",1987,1,"ML4","AL",395,7,0.0177215189873418
"surhobj01",1988,1,"ML4","AL",493,5,0.0101419878296146
"surhobj01",1989,1,"ML4","AL",436,5,0.0114678899082569
"surhobj01",1990,1,"ML4","AL",474,6,0.0126582278481013
"surhobj01",1991,1,"ML4","AL",505,5,0.0099009900990099
"surhobj01",1992,1,"ML4","AL",480,4,0.00833333333333333
"surhobj01",1993,1,"ML4","AL",552,7,0.0126811594202899
"surhobj01",1995,1,"ML4","AL",415,13,0.0313253012048193
"surhobj01",1996,1,"BAL","AL",537,21,0.0391061452513966
"surhobj01",1997,1,"BAL","AL",528,18,0.0340909090909091
"surhobj01",1998,1,"BAL","AL",573,22,0.0383944153577661
"surhobj01",1999,1,"BAL","AL",673,28,0.0416047548291233
"surhobj01",2000,1,"BAL","AL",411,13,0.0316301703163017
"surhobj01",2001,1,"ATL","NL",484,10,0.0206611570247934
"surhobj01",2003,1,"BAL","AL",319,5,0.0156739811912226
"surhobj01",2004,1,"BAL","AL",343,8,0.0233236151603499
"surhobj01",2005,1,"BAL","AL",303,5,0.0165016501650165
"suthega01",1970,1,"MON","NL",359,3,0.00835654596100279
"suthega01",1971,1,"MON","NL",304,4,0.0131578947368421
"suthega01",1974,1,"DET","AL",619,5,0.00807754442649435
"suthega01",1975,1,"DET","AL",503,6,0.0119284294234592
"suttola01",1998,1,"KCA","AL",310,5,0.0161290322580645
"suwinja01",2022,1,"PIT","NL",326,19,0.058282208588957
"suwinja01",2023,1,"PIT","NL",447,26,0.058165548098434
"suwinja01",2024,1,"PIT","NL",247,9,0.0364372469635628
"suzukic01",2001,1,"SEA","AL",692,8,0.0115606936416185
"suzukic01",2002,1,"SEA","AL",647,8,0.0123647604327666
"suzukic01",2003,1,"SEA","AL",679,13,0.0191458026509573
"suzukic01",2004,1,"SEA","AL",704,8,0.0113636363636364
"suzukic01",2005,1,"SEA","AL",679,15,0.0220913107511046
"suzukic01",2006,1,"SEA","AL",695,9,0.0129496402877698
"suzukic01",2007,1,"SEA","AL",678,6,0.00884955752212390
"suzukic01",2008,1,"SEA","AL",686,6,0.0087463556851312
"suzukic01",2009,1,"SEA","AL",639,11,0.0172143974960876
"suzukic01",2010,1,"SEA","AL",680,6,0.00882352941176471
"suzukic01",2011,1,"SEA","AL",677,5,0.00738552437223043
"suzukic01",2012,1,"SEA","AL",402,4,0.0099502487562189
"suzukic01",2012,2,"NYA","AL",227,5,0.0220264317180617
"suzukic01",2013,1,"NYA","AL",520,7,0.0134615384615385
"suzukic01",2014,1,"NYA","AL",359,1,0.00278551532033426
"suzukic01",2015,1,"MIA","NL",398,1,0.00251256281407035
"suzukic01",2016,1,"MIA","NL",327,1,0.00305810397553517
"suzukku01",2007,1,"OAK","AL",213,7,0.0328638497652582
"suzukku01",2008,1,"OAK","AL",530,7,0.0132075471698113
"suzukku01",2009,1,"OAK","AL",570,15,0.0263157894736842
"suzukku01",2010,1,"OAK","AL",495,13,0.0262626262626263
"suzukku01",2011,1,"OAK","AL",460,14,0.0304347826086957
"suzukku01",2012,1,"OAK","AL",262,1,0.00381679389312977
"suzukku01",2013,1,"WAS","NL",252,3,0.0119047619047619
"suzukku01",2014,1,"MIN","AL",452,3,0.00663716814159292
"suzukku01",2015,1,"MIN","AL",433,5,0.0115473441108545
"suzukku01",2016,1,"MIN","AL",345,8,0.0231884057971015
"suzukku01",2017,1,"ATL","NL",276,19,0.0688405797101449
"suzukku01",2018,1,"ATL","NL",347,12,0.0345821325648415
"suzukku01",2019,1,"WAS","NL",280,17,0.0607142857142857
"suzukku01",2021,1,"LAA","AL",219,6,0.0273972602739726
"suzukse01",2022,1,"CHN","NL",397,14,0.035264483627204
"suzukse01",2023,1,"CHN","NL",515,20,0.0388349514563107
"suzukse01",2024,1,"CHN","NL",512,21,0.041015625
"suzukse01",2025,1,"CHN","NL",571,32,0.0560420315236427
"sveumda01",1986,1,"ML4","AL",317,7,0.0220820189274448
"sveumda01",1987,1,"ML4","AL",535,25,0.0467289719626168
"sveumda01",1988,1,"ML4","AL",467,9,0.019271948608137
"sveumda01",1991,1,"ML4","AL",266,4,0.0150375939849624
"sveumda01",1997,1,"PIT","NL",306,12,0.0392156862745098
"swansda01",2017,1,"ATL","NL",488,6,0.0122950819672131
"swansda01",2018,1,"ATL","NL",478,14,0.0292887029288703
"swansda01",2019,1,"ATL","NL",483,17,0.0351966873706004
"swansda01",2020,1,"ATL","NL",237,10,0.0421940928270042
"swansda01",2021,1,"ATL","NL",588,27,0.0459183673469388
"swansda01",2022,1,"ATL","NL",640,25,0.0390625
"swansda01",2023,1,"CHN","NL",565,22,0.0389380530973451
"swansda01",2024,1,"CHN","NL",534,16,0.0299625468164794
"swansda01",2025,1,"CHN","NL",590,24,0.0406779661016949
"sweenma01",2005,1,"SDN","NL",221,8,0.0361990950226244
"sweenma01",2006,1,"SFN","NL",259,5,0.0193050193050193
"sweenmi01",1997,1,"KCA","AL",240,7,0.0291666666666667
"sweenmi01",1998,1,"KCA","AL",282,8,0.0283687943262411
"sweenmi01",1999,1,"KCA","AL",575,22,0.0382608695652174
"sweenmi01",2000,1,"KCA","AL",618,29,0.0469255663430421
"sweenmi01",2001,1,"KCA","AL",559,29,0.0518783542039356
"sweenmi01",2002,1,"KCA","AL",471,24,0.0509554140127389
"sweenmi01",2003,1,"KCA","AL",392,16,0.0408163265306122
"sweenmi01",2004,1,"KCA","AL",411,22,0.0535279805352798
"sweenmi01",2005,1,"KCA","AL",470,21,0.0446808510638298
"sweenmi01",2006,1,"KCA","AL",217,8,0.0368663594470046
"sweenmi01",2007,1,"KCA","AL",265,7,0.0264150943396226
"sweenmi01",2009,1,"SEA","AL",242,8,0.0330578512396694
"sweenry01",2008,1,"OAK","AL",384,5,0.0130208333333333
"sweenry01",2009,1,"OAK","AL",484,6,0.012396694214876
"sweenry01",2010,1,"OAK","AL",303,1,0.0033003300330033
"sweenry01",2011,1,"OAK","AL",264,1,0.00378787878787879
"sweenry01",2014,1,"CHN","NL",207,3,0.0144927536231884
"sweentr01",2025,1,"DET","AL",296,6,0.0202702702702703
"sweetri01",1978,1,"SDN","NL",226,1,0.00442477876106195
"sweetri01",1982,2,"SEA","AL",258,4,0.0155038759689922
"sweetri01",1983,1,"SEA","AL",249,1,0.00401606425702811
"swihabl01",2015,1,"BOS","AL",288,5,0.0173611111111111
"swishni01",2005,1,"OAK","AL",462,21,0.0454545454545455
"swishni01",2006,1,"OAK","AL",556,35,0.0629496402877698
"swishni01",2007,1,"OAK","AL",539,22,0.0408163265306122
"swishni01",2008,1,"CHA","AL",497,24,0.0482897384305835
"swishni01",2009,1,"NYA","AL",498,29,0.0582329317269076
"swishni01",2010,1,"NYA","AL",566,29,0.0512367491166078
"swishni01",2011,1,"NYA","AL",526,23,0.0437262357414449
"swishni01",2012,1,"NYA","AL",537,24,0.0446927374301676
"swishni01",2013,1,"CLE","AL",549,22,0.0400728597449909
"swishni01",2014,1,"CLE","AL",360,8,0.0222222222222222
"swishst01",1974,1,"CHN","NL",280,5,0.0178571428571429
"swishst01",1975,1,"CHN","NL",254,1,0.00393700787401575
"swishst01",1976,1,"CHN","NL",377,5,0.013262599469496
"swishst01",1977,1,"CHN","NL",205,5,0.024390243902439
"swoboro01",1970,1,"NYN","NL",245,9,0.036734693877551
"tabatjo01",2010,1,"PIT","NL",405,4,0.00987654320987654
"tabatjo01",2011,1,"PIT","NL",334,4,0.0119760479041916
"tabatjo01",2012,1,"PIT","NL",333,3,0.00900900900900901
"tabatjo01",2013,1,"PIT","NL",308,6,0.0194805194805195
"tablepa01",1983,1,"CLE","AL",430,6,0.013953488372093
"tablepa01",1984,1,"CLE","AL",473,10,0.0211416490486258
"tablepa01",1985,1,"CLE","AL",404,5,0.0123762376237624
"tablepa01",1986,1,"CLE","AL",473,6,0.0126849894291755
"tablepa01",1987,1,"CLE","AL",553,11,0.0198915009041591
"tablepa01",1988,2,"KCA","AL",301,1,0.00332225913621262
"tablepa01",1989,1,"KCA","AL",390,2,0.00512820512820513
"tagucso01",2005,1,"SLN","NL",396,8,0.0202020202020202
"tagucso01",2006,1,"SLN","NL",316,2,0.00632911392405063
"tagucso01",2007,1,"SLN","NL",307,3,0.00977198697068404
"tapiara01",2019,1,"COL","NL",426,9,0.0211267605633803
"tapiara01",2021,1,"COL","NL",487,6,0.0123203285420945
"tapiara01",2022,1,"TOR","AL",411,7,0.0170316301703163
"tarasto01",1995,1,"MON","NL",438,14,0.0319634703196347
"tartada01",1986,1,"SEA","AL",511,25,0.0489236790606654
"tartada01",1987,1,"KCA","AL",582,34,0.0584192439862543
"tartada01",1988,1,"KCA","AL",507,26,0.0512820512820513
"tartada01",1989,1,"KCA","AL",441,18,0.0408163265306122
"tartada01",1990,1,"KCA","AL",313,15,0.0479233226837061
"tartada01",1991,1,"KCA","AL",484,31,0.0640495867768595
"tartada01",1992,1,"NYA","AL",421,25,0.0593824228028503
"tartada01",1993,1,"NYA","AL",513,31,0.0604288499025341
"tartada01",1994,1,"NYA","AL",399,19,0.0476190476190476
"tartada01",1996,1,"CHA","AL",472,27,0.0572033898305085
"tatisfe01",1997,1,"TEX","AL",223,8,0.0358744394618834
"tatisfe01",1998,1,"TEX","AL",330,3,0.00909090909090909
"tatisfe01",1998,2,"SLN","NL",202,8,0.0396039603960396
"tatisfe01",1999,1,"SLN","NL",537,34,0.0633147113594041
"tatisfe01",2000,1,"SLN","NL",324,18,0.0555555555555556
"tatisfe01",2002,1,"MON","NL",381,15,0.0393700787401575
"tatisfe01",2008,1,"NYN","NL",273,11,0.0402930402930403
"tatisfe01",2009,1,"NYN","NL",340,8,0.0235294117647059
"tatisfe02",2019,1,"SDN","NL",334,22,0.0658682634730539
"tatisfe02",2020,1,"SDN","NL",224,17,0.0758928571428571
"tatisfe02",2021,1,"SDN","NL",478,42,0.0878661087866109
"tatisfe02",2023,1,"SDN","NL",575,25,0.0434782608695652
"tatisfe02",2024,1,"SDN","NL",398,21,0.0527638190954774
"tatisfe02",2025,1,"SDN","NL",594,25,0.0420875420875421
"taubeed01",1992,1,"HOU","NL",297,5,0.0168350168350168
"taubeed01",1993,1,"HOU","NL",288,9,0.03125
"taubeed01",1995,1,"CIN","NL",218,9,0.0412844036697248
"taubeed01",1996,1,"CIN","NL",327,12,0.036697247706422
"taubeed01",1997,1,"CIN","NL",254,10,0.0393700787401575
"taubeed01",1998,1,"CIN","NL",431,11,0.0255220417633411
"taubeed01",1999,1,"CIN","NL",424,21,0.0495283018867925
"taubeed01",2000,1,"CIN","NL",266,6,0.0225563909774436
"tauchmi01",2019,1,"NYA","AL",260,13,0.05
"tauchmi01",2023,1,"CHN","NL",337,8,0.0237388724035608
"tauchmi01",2024,1,"CHN","NL",298,7,0.023489932885906
"tauchmi01",2025,1,"CHA","AL",335,9,0.026865671641791
"taverfr01",1977,1,"PIT","NL",544,1,0.00183823529411765
"taverfr01",1979,2,"NYN","NL",635,1,0.0015748031496063
"taverle01",2022,1,"TEX","AL",314,5,0.0159235668789809
"taverle01",2023,1,"TEX","AL",511,14,0.0273972602739726
"taverle01",2024,1,"TEX","AL",480,12,0.025
"taveros01",2014,1,"SLN","NL",234,3,0.0128205128205128
"taverwi01",2005,1,"HOU","NL",592,3,0.00506756756756757
"taverwi01",2006,1,"HOU","NL",529,1,0.00189035916824197
"taverwi01",2007,1,"COL","NL",372,2,0.00537634408602151
"taverwi01",2008,1,"COL","NL",479,1,0.00208768267223382
"taverwi01",2009,1,"CIN","NL",404,1,0.00247524752475248
"tayloca01",1970,1,"SLN","NL",245,6,0.0244897959183673
"tayloch03",2017,1,"LAN","NL",514,21,0.0408560311284047
"tayloch03",2018,1,"LAN","NL",536,17,0.0317164179104478
"tayloch03",2019,1,"LAN","NL",366,12,0.0327868852459016
"tayloch03",2021,1,"LAN","NL",507,20,0.0394477317554241
"tayloch03",2022,1,"LAN","NL",402,10,0.0248756218905473
"tayloch03",2023,1,"LAN","NL",338,15,0.0443786982248521
"tayloch03",2024,1,"LAN","NL",213,4,0.0187793427230047
"taylomi02",2015,1,"WAS","NL",472,14,0.0296610169491525
"taylomi02",2016,1,"WAS","NL",221,7,0.0316742081447964
"taylomi02",2017,1,"WAS","NL",399,19,0.0476190476190476
"taylomi02",2018,1,"WAS","NL",353,6,0.0169971671388102
"taylomi02",2021,1,"KCA","AL",483,12,0.0248447204968944
"taylomi02",2022,1,"KCA","AL",414,9,0.0217391304347826
"taylomi02",2023,1,"MIN","AL",355,21,0.0591549295774648
"taylomi02",2024,1,"PIT","NL",269,5,0.0185873605947955
"taylomi02",2025,1,"CHA","AL",295,9,0.0305084745762712
"taylore01",2002,1,"CIN","NL",287,9,0.0313588850174216
"tayloto02",1970,1,"PHI","NL",439,9,0.020501138952164
"tayloto02",1972,1,"DET","AL",228,1,0.0043859649122807
"tayloto02",1973,1,"DET","AL",275,5,0.0181818181818182
"tayloty01",2021,1,"MIL","NL",243,12,0.0493827160493827
"tayloty01",2022,1,"MIL","NL",373,17,0.0455764075067024
"tayloty01",2023,1,"MIL","NL",231,10,0.0432900432900433
"tayloty01",2024,1,"NYN","NL",319,7,0.0219435736677116
"tayloty01",2025,1,"NYN","NL",310,2,0.00645161290322581
"teahema01",2005,1,"KCA","AL",447,7,0.0156599552572707
"teahema01",2006,1,"KCA","AL",393,18,0.0458015267175572
"teahema01",2007,1,"KCA","AL",544,7,0.0128676470588235
"teahema01",2008,1,"KCA","AL",572,15,0.0262237762237762
"teahema01",2009,1,"KCA","AL",524,12,0.0229007633587786
"teahema01",2010,1,"CHA","AL",233,4,0.0171673819742489
"teelky01",2025,1,"CHA","AL",253,8,0.0316205533596838
"teixema01",2003,1,"TEX","AL",529,26,0.0491493383742911
"teixema01",2004,1,"TEX","AL",545,38,0.0697247706422018
"teixema01",2005,1,"TEX","AL",644,43,0.0667701863354037
"teixema01",2006,1,"TEX","AL",628,33,0.0525477707006369
"teixema01",2007,1,"TEX","AL",286,13,0.0454545454545455
"teixema01",2007,2,"ATL","NL",208,17,0.0817307692307692
"teixema01",2008,1,"ATL","NL",381,20,0.05249343832021
"teixema01",2009,1,"NYA","AL",609,39,0.0640394088669951
"teixema01",2010,1,"NYA","AL",601,33,0.0549084858569052
"teixema01",2011,1,"NYA","AL",589,39,0.066213921901528
"teixema01",2012,1,"NYA","AL",451,24,0.0532150776053215
"teixema01",2014,1,"NYA","AL",440,22,0.05
"teixema01",2015,1,"NYA","AL",392,31,0.0790816326530612
"teixema01",2016,1,"NYA","AL",387,15,0.0387596899224806
"tejadmi01",1998,1,"OAK","AL",365,11,0.0301369863013699
"tejadmi01",1999,1,"OAK","AL",593,21,0.0354131534569983
"tejadmi01",2000,1,"OAK","AL",607,30,0.0494233937397035
"tejadmi01",2001,1,"OAK","AL",622,31,0.0498392282958199
"tejadmi01",2002,1,"OAK","AL",662,34,0.0513595166163142
"tejadmi01",2003,1,"OAK","AL",636,27,0.0424528301886792
"tejadmi01",2004,1,"BAL","AL",653,34,0.0520673813169985
"tejadmi01",2005,1,"BAL","AL",654,26,0.0397553516819572
"tejadmi01",2006,1,"BAL","AL",648,24,0.037037037037037
"tejadmi01",2007,1,"BAL","AL",514,18,0.0350194552529183
"tejadmi01",2008,1,"HOU","NL",632,13,0.0205696202531646
"tejadmi01",2009,1,"HOU","NL",635,14,0.0220472440944882
"tejadmi01",2010,1,"BAL","AL",401,7,0.0174563591022444
"tejadmi01",2010,2,"SDN","NL",235,8,0.0340425531914894
"tejadmi01",2011,1,"SFN","NL",322,4,0.0124223602484472
"tejadru01",2010,1,"NYN","NL",216,1,0.00462962962962963
"tejadru01",2012,1,"NYN","NL",464,1,0.0021551724137931
"tejadru01",2014,1,"NYN","NL",355,5,0.0140845070422535
"tejadru01",2015,1,"NYN","NL",360,3,0.00833333333333333
"tellero01",2019,1,"TOR","AL",370,21,0.0567567567567568
"tellero01",2022,1,"MIL","NL",529,35,0.0661625708884688
"tellero01",2023,1,"MIL","NL",311,13,0.0418006430868167
"tellero01",2024,1,"PIT","NL",383,13,0.0339425587467363
"templga01",1976,1,"SLN","NL",213,1,0.00469483568075117
"templga01",1977,1,"SLN","NL",621,8,0.0128824476650564
"templga01",1978,1,"SLN","NL",647,2,0.00309119010819165
"templga01",1979,1,"SLN","NL",672,9,0.0133928571428571
"templga01",1980,1,"SLN","NL",504,4,0.00793650793650794
"templga01",1981,1,"SLN","NL",333,1,0.003003003003003
"templga01",1982,1,"SDN","NL",563,6,0.0106571936056838
"templga01",1983,1,"SDN","NL",460,3,0.00652173913043478
"templga01",1984,1,"SDN","NL",493,2,0.00405679513184584
"templga01",1985,1,"SDN","NL",546,6,0.010989010989011
"templga01",1986,1,"SDN","NL",510,2,0.00392156862745098
"templga01",1987,1,"SDN","NL",510,5,0.00980392156862745
"templga01",1988,1,"SDN","NL",362,3,0.00828729281767956
"templga01",1989,1,"SDN","NL",506,6,0.0118577075098814
"templga01",1990,1,"SDN","NL",505,9,0.0178217821782178
"templga01",1991,2,"NYN","NL",219,2,0.0091324200913242
"tenacge01",1972,1,"OAK","AL",227,5,0.0220264317180617
"tenacge01",1973,1,"OAK","AL",510,24,0.0470588235294118
"tenacge01",1974,1,"OAK","AL",484,26,0.0537190082644628
"tenacge01",1975,1,"OAK","AL",498,29,0.0582329317269076
"tenacge01",1976,1,"OAK","AL",417,22,0.052757793764988
"tenacge01",1977,1,"SDN","NL",437,15,0.034324942791762
"tenacge01",1978,1,"SDN","NL",401,16,0.0399002493765586
"tenacge01",1979,1,"SDN","NL",463,20,0.0431965442764579
"tenacge01",1980,1,"SDN","NL",316,17,0.0537974683544304
"terreje01",1973,1,"MIN","AL",438,1,0.00228310502283105
"terreje01",1975,1,"MIN","AL",385,1,0.0025974025974026
"terreje01",1977,1,"MIN","AL",214,1,0.00467289719626168
"terrelu01",2004,1,"ARI","NL",229,4,0.0174672489082969
"tettlmi01",1985,1,"OAK","AL",211,3,0.014218009478673
"tettlmi01",1986,1,"OAK","AL",211,10,0.04739336492891
"tettlmi01",1987,1,"OAK","AL",211,8,0.037914691943128
"tettlmi01",1988,1,"BAL","AL",283,11,0.03886925795053
"tettlmi01",1989,1,"BAL","AL",411,26,0.0632603406326034
"tettlmi01",1990,1,"BAL","AL",444,15,0.0337837837837838
"tettlmi01",1991,1,"DET","AL",501,31,0.06187624750499
"tettlmi01",1992,1,"DET","AL",525,32,0.060952380952381
"tettlmi01",1993,1,"DET","AL",522,32,0.0613026819923372
"tettlmi01",1994,1,"DET","AL",339,17,0.0501474926253687
"tettlmi01",1995,1,"TEX","AL",429,32,0.0745920745920746
"tettlmi01",1996,1,"TEX","AL",491,24,0.0488798370672098
"teufeti01",1984,1,"MIN","AL",568,14,0.0246478873239437
"teufeti01",1985,1,"MIN","AL",434,10,0.0230414746543779
"teufeti01",1986,1,"NYN","NL",279,4,0.014336917562724
"teufeti01",1987,1,"NYN","NL",299,14,0.0468227424749164
"teufeti01",1988,1,"NYN","NL",273,4,0.0146520146520147
"teufeti01",1989,1,"NYN","NL",219,2,0.0091324200913242
"teufeti01",1991,2,"SDN","NL",307,11,0.0358306188925082
"teufeti01",1992,1,"SDN","NL",246,6,0.024390243902439
"teufeti01",1993,1,"SDN","NL",200,7,0.035
"thaisma01",2023,1,"LAA","AL",262,9,0.0343511450381679
"thameer01",2011,1,"TOR","AL",362,12,0.0331491712707182
"thameer01",2017,1,"MIL","NL",469,31,0.0660980810234542
"thameer01",2018,1,"MIL","NL",247,16,0.0647773279352227
"thameer01",2019,1,"MIL","NL",396,25,0.0631313131313131
"thamema01",2006,1,"DET","AL",348,26,0.0747126436781609
"thamema01",2007,1,"DET","AL",269,18,0.0669144981412639
"thamema01",2008,1,"DET","AL",316,25,0.0791139240506329
"thamema01",2009,1,"DET","AL",258,13,0.0503875968992248
"thamema01",2010,1,"NYA","AL",212,12,0.0566037735849057
"theobro01",1971,1,"ML4","AL",388,1,0.00257731958762887
"theobro01",1972,1,"ML4","AL",391,1,0.00255754475703325
"theriry01",2007,1,"CHN","NL",537,3,0.00558659217877095
"theriry01",2008,1,"CHN","NL",580,1,0.00172413793103448
"theriry01",2009,1,"CHN","NL",602,7,0.0116279069767442
"theriry01",2010,1,"CHN","NL",388,1,0.00257731958762887
"theriry01",2011,1,"SLN","NL",442,1,0.00226244343891403
"tholejo01",2010,1,"NYN","NL",202,3,0.0148514851485149
"tholejo01",2011,1,"NYN","NL",340,3,0.00882352941176471
"tholejo01",2012,1,"NYN","NL",321,1,0.00311526479750779
"thomaal01",2022,1,"ARI","NL",381,8,0.020997375328084
"thomaal01",2023,1,"ARI","NL",374,9,0.0240641711229947
"thomaal01",2025,1,"ARI","NL",433,9,0.0207852193995381
"thomaan01",1986,1,"ATL","NL",323,6,0.0185758513931889
"thomaan01",1987,1,"ATL","NL",324,5,0.0154320987654321
"thomaan01",1988,1,"ATL","NL",606,13,0.0214521452145215
"thomaan01",1989,1,"ATL","NL",554,13,0.0234657039711191
"thomaan01",1990,1,"ATL","NL",278,5,0.0179856115107914
"thomach01",2004,1,"ATL","NL",236,7,0.0296610169491525
"thomacl02",2009,1,"DET","AL",275,7,0.0254545454545455
"thomacl02",2013,1,"MIN","AL",290,4,0.0137931034482759
"thomade01",1972,1,"SDN","NL",500,5,0.01
"thomade01",1974,1,"SDN","NL",523,3,0.00573613766730402
"thomade01",1975,1,"SFN","NL",540,6,0.0111111111111111
"thomade01",1976,1,"SFN","NL",272,2,0.00735294117647059
"thomade01",1977,1,"SFN","NL",506,8,0.0158102766798419
"thomade01",1978,1,"SDN","NL",352,3,0.00852272727272727
"thomade01",1979,1,"LAN","NL",406,5,0.0123152709359606
"thomade01",1980,1,"LAN","NL",297,1,0.00336700336700337
"thomade01",1981,1,"LAN","NL",218,4,0.018348623853211
"thomafr04",1991,1,"CHA","AL",559,32,0.0572450805008945
"thomafr04",1992,1,"CHA","AL",573,24,0.0418848167539267
"thomafr04",1993,1,"CHA","AL",549,41,0.0746812386156648
"thomafr04",1994,1,"CHA","AL",399,38,0.0952380952380952
"thomafr04",1995,1,"CHA","AL",493,40,0.0811359026369168
"thomafr04",1996,1,"CHA","AL",527,40,0.0759013282732448
"thomafr04",1997,1,"CHA","AL",530,35,0.0660377358490566
"thomafr04",1998,1,"CHA","AL",585,29,0.0495726495726496
"thomafr04",1999,1,"CHA","AL",486,15,0.0308641975308642
"thomafr04",2000,1,"CHA","AL",582,43,0.0738831615120275
"thomafr04",2002,1,"CHA","AL",523,28,0.0535372848948375
"thomafr04",2003,1,"CHA","AL",546,42,0.0769230769230769
"thomafr04",2004,1,"CHA","AL",240,18,0.075
"thomafr04",2006,1,"OAK","AL",466,39,0.0836909871244635
"thomafr04",2007,1,"TOR","AL",531,26,0.0489642184557439
"thomaga01",1973,1,"SFN","NL",235,4,0.0170212765957447
"thomaga01",1974,1,"SFN","NL",315,2,0.00634920634920635
"thomaga01",1975,1,"SFN","NL",326,7,0.0214723926380368
"thomaga01",1976,1,"SFN","NL",328,8,0.024390243902439
"thomaga01",1977,1,"SFN","NL",446,17,0.0381165919282511
"thomaga01",1979,1,"LAN","NL",315,14,0.0444444444444444
"thomago01",1975,1,"ML4","AL",240,10,0.0416666666666667
"thomago01",1976,1,"ML4","AL",227,8,0.0352422907488987
"thomago01",1978,1,"ML4","AL",452,32,0.0707964601769912
"thomago01",1979,1,"ML4","AL",557,45,0.0807899461400359
"thomago01",1980,1,"ML4","AL",628,38,0.0605095541401274
"thomago01",1981,1,"ML4","AL",363,21,0.0578512396694215
"thomago01",1982,1,"ML4","AL",567,39,0.0687830687830688
"thomago01",1983,2,"CLE","AL",371,17,0.045822102425876
"thomago01",1985,1,"SEA","AL",484,32,0.0661157024793388
"thomala02",2022,1,"WAS","NL",498,17,0.034136546184739
"thomala02",2023,1,"WAS","NL",628,28,0.0445859872611465
"thomala02",2024,1,"WAS","NL",300,8,0.0266666666666667
"thomeji01",1994,1,"CLE","AL",321,20,0.0623052959501558
"thomeji01",1995,1,"CLE","AL",452,25,0.0553097345132743
"thomeji01",1996,1,"CLE","AL",505,38,0.0752475247524752
"thomeji01",1997,1,"CLE","AL",496,40,0.0806451612903226
"thomeji01",1998,1,"CLE","AL",440,30,0.0681818181818182
"thomeji01",1999,1,"CLE","AL",494,33,0.0668016194331984
"thomeji01",2000,1,"CLE","AL",557,37,0.066427289048474
"thomeji01",2001,1,"CLE","AL",526,49,0.0931558935361217
"thomeji01",2002,1,"CLE","AL",480,52,0.108333333333333
"thomeji01",2003,1,"PHI","NL",578,47,0.0813148788927336
"thomeji01",2004,1,"PHI","NL",508,42,0.0826771653543307
"thomeji01",2006,1,"CHA","AL",490,42,0.0857142857142857
"thomeji01",2007,1,"CHA","AL",432,35,0.0810185185185185
"thomeji01",2008,1,"CHA","AL",503,34,0.0675944333996024
"thomeji01",2009,1,"CHA","AL",345,23,0.0666666666666667
"thomeji01",2010,1,"MIN","AL",276,25,0.0905797101449275
"thomeji01",2011,1,"MIN","AL",206,12,0.058252427184466
"thompda01",1972,1,"MIN","AL",573,4,0.00698080279232112
"thompda01",1973,1,"MIN","AL",347,1,0.00288184438040346
"thompda01",1974,1,"MIN","AL",264,4,0.0151515151515152
"thompda01",1975,1,"MIN","AL",355,5,0.0140845070422535
"thompja01",1976,1,"DET","AL",412,17,0.0412621359223301
"thompja01",1977,1,"DET","AL",585,31,0.052991452991453
"thompja01",1978,1,"DET","AL",589,26,0.0441426146010187
"thompja01",1979,1,"DET","AL",492,20,0.040650406504065
"thompja01",1980,2,"CAL","AL",312,17,0.0544871794871795
"thompja01",1981,1,"PIT","NL",223,15,0.0672645739910314
"thompja01",1982,1,"PIT","NL",550,31,0.0563636363636364
"thompja01",1983,1,"PIT","NL",517,18,0.034816247582205
"thompja01",1984,1,"PIT","NL",543,17,0.0313075506445672
"thompja01",1985,1,"PIT","NL",402,12,0.0298507462686567
"thompmi02",1986,1,"PHI","NL",299,6,0.020066889632107
"thompmi02",1987,1,"PHI","NL",527,7,0.0132827324478178
"thompmi02",1988,1,"PHI","NL",378,2,0.00529100529100529
"thompmi02",1989,1,"SLN","NL",545,4,0.0073394495412844
"thompmi02",1990,1,"SLN","NL",418,6,0.0143540669856459
"thompmi02",1991,1,"SLN","NL",326,6,0.0184049079754601
"thompmi02",1992,1,"SLN","NL",208,4,0.0192307692307692
"thompmi02",1993,1,"PHI","NL",340,4,0.0117647058823529
"thompmi02",1994,1,"PHI","NL",220,3,0.0136363636363636
"thompro01",1986,1,"SFN","NL",549,7,0.0127504553734062
"thompro01",1987,1,"SFN","NL",420,10,0.0238095238095238
"thompro01",1988,1,"SFN","NL",477,7,0.0146750524109015
"thompro01",1989,1,"SFN","NL",547,13,0.0237659963436929
"thompro01",1990,1,"SFN","NL",498,15,0.0301204819277108
"thompro01",1991,1,"SFN","NL",492,19,0.0386178861788618
"thompro01",1992,1,"SFN","NL",443,14,0.0316027088036117
"thompro01",1993,1,"SFN","NL",494,19,0.0384615384615385
"thompro01",1995,1,"SFN","NL",336,8,0.0238095238095238
"thompro01",1996,1,"SFN","NL",227,5,0.0220264317180617
"thompry01",1993,1,"NYN","NL",288,11,0.0381944444444444
"thompry01",1994,1,"NYN","NL",334,18,0.0538922155688623
"thompry01",1995,1,"NYN","NL",267,7,0.0262172284644195
"thompsc01",1979,1,"CHN","NL",346,2,0.00578034682080925
"thompsc01",1980,1,"CHN","NL",226,2,0.00884955752212390
"thompsc01",1984,1,"SFN","NL",245,1,0.00408163265306122
"thomptr01",2016,1,"LAN","NL",236,13,0.0550847457627119
"thomptr01",2022,2,"LAN","NL",205,13,0.0634146341463415
"thondi01",1982,1,"HOU","NL",496,3,0.00604838709677419
"thondi01",1983,1,"HOU","NL",619,20,0.0323101777059774
"thondi01",1985,1,"HOU","NL",251,6,0.0239043824701195
"thondi01",1986,1,"HOU","NL",278,3,0.0107913669064748
"thondi01",1988,1,"SDN","NL",258,1,0.00387596899224806
"thondi01",1989,1,"PHI","NL",435,15,0.0344827586206897
"thondi01",1990,1,"PHI","NL",552,8,0.0144927536231884
"thondi01",1991,1,"PHI","NL",539,9,0.0166975881261596
"thondi01",1992,1,"TEX","AL",275,4,0.0145454545454545
"thondi01",1993,1,"ML4","AL",245,1,0.00408163265306122
"thormsc01",2007,1,"ATL","NL",287,11,0.0383275261324042
"thornan01",1974,1,"CHN","NL",303,10,0.033003300330033
"thornan01",1975,1,"CHN","NL",372,18,0.0483870967741935
"thornan01",1977,1,"CLE","AL",433,28,0.0646651270207852
"thornan01",1978,1,"CLE","AL",508,33,0.0649606299212598
"thornan01",1979,1,"CLE","AL",515,26,0.0504854368932039
"thornan01",1981,1,"CLE","AL",226,6,0.0265486725663717
"thornan01",1982,1,"CLE","AL",589,32,0.0543293718166384
"thornan01",1983,1,"CLE","AL",508,17,0.0334645669291339
"thornan01",1984,1,"CLE","AL",587,33,0.0562180579216354
"thornan01",1985,1,"CLE","AL",461,22,0.0477223427331887
"thornan01",1986,1,"CLE","AL",401,17,0.0423940149625935
"thursjo01",2009,1,"SLN","NL",267,1,0.00374531835205993
"tillmbo01",1970,1,"ATL","NL",223,11,0.0493273542600897
"tinslle01",1995,1,"BOS","AL",341,7,0.0205278592375367
"toglimi01",2024,1,"COL","NL",399,25,0.06265664160401
"toglimi01",2025,1,"COL","NL",306,11,0.0359477124183007
"tolanbo01",1970,1,"CIN","NL",589,16,0.0271646859083192
"tolanbo01",1972,1,"CIN","NL",604,8,0.0132450331125828
"tolanbo01",1973,1,"CIN","NL",457,9,0.0196936542669584
"tolanbo01",1974,1,"SDN","NL",357,8,0.0224089635854342
"tolanbo01",1975,1,"SDN","NL",506,5,0.00988142292490119
"tolanbo01",1976,1,"PHI","NL",272,5,0.0183823529411765
"tollewa01",1983,1,"TEX","AL",470,3,0.00638297872340425
"tollewa01",1985,1,"TEX","AL",323,1,0.00309597523219814
"tollewa01",1986,1,"CHA","AL",260,3,0.0115384615384615
"tollewa01",1987,1,"NYA","AL",349,1,0.00286532951289398
"tomasya01",2015,1,"ARI","NL",406,9,0.0221674876847291
"tomasya01",2016,1,"ARI","NL",530,31,0.0584905660377358
"torboje01",1973,1,"CAL","AL",255,1,0.00392156862745098
"torkesp01",2022,1,"DET","AL",360,8,0.0222222222222222
"torkesp01",2023,1,"DET","AL",606,31,0.0511551155115512
"torkesp01",2024,1,"DET","AL",342,10,0.0292397660818713
"torkesp01",2025,1,"DET","AL",563,31,0.0550621669626998
"toroab01",2021,2,"SEA","AL",226,5,0.0221238938053097
"toroab01",2022,1,"SEA","AL",324,10,0.0308641975308642
"toroab01",2024,1,"OAK","AL",337,6,0.0178041543026706
"toroab01",2025,1,"BOS","AL",259,7,0.027027027027027
"torrean02",2010,1,"SFN","NL",507,16,0.0315581854043393
"torrean02",2011,1,"SFN","NL",348,4,0.0114942528735632
"torrean02",2012,1,"NYN","NL",374,3,0.00802139037433155
"torrean02",2013,1,"SFN","NL",272,2,0.00735294117647059
"torregl01",2018,1,"NYA","AL",431,24,0.0556844547563805
"torregl01",2019,1,"NYA","AL",546,38,0.0695970695970696
"torregl01",2021,1,"NYA","AL",459,9,0.0196078431372549
"torregl01",2022,1,"NYA","AL",526,24,0.0456273764258555
"torregl01",2023,1,"NYA","AL",596,25,0.0419463087248322
"torregl01",2024,1,"NYA","AL",587,15,0.0255536626916525
"torregl01",2025,1,"DET","AL",532,16,0.0300751879699248
"torrehe01",1975,1,"SDN","NL",352,5,0.0142045454545455
"torrehe01",1976,1,"SDN","NL",215,4,0.0186046511627907
"torrehe01",1977,1,"TOR","AL",266,5,0.018796992481203
"torrejo01",1970,1,"SLN","NL",624,21,0.0336538461538461
"torrejo01",1971,1,"SLN","NL",634,24,0.0378548895899054
"torrejo01",1972,1,"SLN","NL",544,11,0.0202205882352941
"torrejo01",1973,1,"SLN","NL",519,13,0.0250481695568401
"torrejo01",1974,1,"SLN","NL",529,11,0.0207939508506616
"torrejo01",1975,1,"NYN","NL",361,6,0.0166204986149584
"torrejo01",1976,1,"NYN","NL",310,5,0.0161290322580645
"torrelu01",2021,1,"SEA","AL",346,15,0.0433526011560694
"torrelu01",2025,1,"NYN","NL",261,5,0.0191570881226054
"torrero01",2017,1,"NYA","AL",315,3,0.00952380952380952
"torrero01",2021,1,"PHI","NL",318,7,0.0220125786163522
"torreru01",1973,1,"CLE","AL",312,7,0.0224358974358974
"torreru01",1976,1,"CAL","AL",264,6,0.0227272727272727
"torreyo01",2003,1,"SFN","NL",200,4,0.02
"torreyo01",2006,1,"COL","NL",223,7,0.031390134529148
"torreyo01",2007,1,"COL","NL",396,8,0.0202020202020202
"torreyo01",2008,1,"COL","NL",236,6,0.0254237288135593
"torreyo01",2009,1,"COL","NL",213,2,0.00938967136150235
"torreyo01",2010,1,"SDN","NL",325,7,0.0215384615384615
"torreyo01",2011,1,"TEX","AL",396,7,0.0176767676767677
"tovarce01",1970,1,"MIN","AL",650,10,0.0153846153846154
"tovarce01",1971,1,"MIN","AL",657,1,0.0015220700152207
"tovarce01",1972,1,"MIN","AL",548,2,0.00364963503649635
"tovarce01",1973,1,"PHI","NL",328,1,0.00304878048780488
"tovarce01",1974,1,"TEX","AL",562,4,0.00711743772241993
"tovarce01",1975,1,"TEX","AL",427,3,0.00702576112412178
"tovarez01",2023,1,"COL","NL",581,15,0.0258175559380379
"tovarez01",2024,1,"COL","NL",655,26,0.0396946564885496
"tovarez01",2025,1,"COL","NL",360,9,0.025
"trabeji01",1986,1,"BAL","AL",212,13,0.0613207547169811
"trabeji01",1988,1,"BAL","AL",352,10,0.0284090909090909
"trabeji01",1989,1,"BAL","AL",234,4,0.0170940170940171
"tracych01",2004,1,"ARI","NL",481,8,0.0166320166320166
"tracych01",2005,1,"ARI","NL",503,27,0.0536779324055666
"tracych01",2006,1,"ARI","NL",597,20,0.033500837520938
"tracych01",2007,1,"ARI","NL",227,7,0.0308370044052863
"tracych01",2008,1,"ARI","NL",273,8,0.0293040293040293
"tracych01",2009,1,"ARI","NL",257,8,0.0311284046692607
"trammal01",1978,1,"DET","AL",448,2,0.00446428571428571
"trammal01",1979,1,"DET","AL",460,6,0.0130434782608696
"trammal01",1980,1,"DET","AL",560,9,0.0160714285714286
"trammal01",1981,1,"DET","AL",392,2,0.00510204081632653
"trammal01",1982,1,"DET","AL",489,9,0.0184049079754601
"trammal01",1983,1,"DET","AL",505,14,0.0277227722772277
"trammal01",1984,1,"DET","AL",555,14,0.0252252252252252
"trammal01",1985,1,"DET","AL",605,13,0.0214876033057851
"trammal01",1986,1,"DET","AL",574,21,0.0365853658536585
"trammal01",1987,1,"DET","AL",597,28,0.0469011725293132
"trammal01",1988,1,"DET","AL",466,15,0.0321888412017167
"trammal01",1989,1,"DET","AL",449,5,0.0111358574610245
"trammal01",1990,1,"DET","AL",559,14,0.0250447227191413
"trammal01",1991,1,"DET","AL",375,9,0.024
"trammal01",1993,1,"DET","AL",401,12,0.029925187032419
"trammal01",1994,1,"DET","AL",292,8,0.0273972602739726
"trammal01",1995,1,"DET","AL",223,2,0.00896860986547085
"trammbu01",1999,1,"TBA","AL",283,14,0.049469964664311
"trammbu01",2001,1,"SDN","NL",490,25,0.0510204081632653
"trammbu01",2002,1,"SDN","NL",403,17,0.0421836228287841
"travide01",2015,1,"TOR","AL",217,8,0.0368663594470046
"travide01",2016,1,"TOR","AL",410,11,0.0268292682926829
"travide01",2018,1,"TOR","AL",357,11,0.030812324929972
"treadje01",1988,1,"CIN","NL",301,2,0.00664451827242525
"treadje01",1989,1,"ATL","NL",473,8,0.0169133192389006
"treadje01",1990,1,"ATL","NL",474,11,0.0232067510548523
"treadje01",1991,1,"ATL","NL",306,3,0.00980392156862745
"treadje01",1993,1,"CLE","AL",221,2,0.00904977375565611
"treanma01",2008,1,"FLO","NL",206,2,0.00970873786407767
"treanma01",2010,1,"TEX","AL",237,5,0.0210970464135021
"trejoal01",2023,1,"COL","NL",207,4,0.0193236714975845
"trevial01",1982,1,"CIN","NL",355,1,0.0028169014084507
"trevial01",1984,2,"ATL","NL",266,3,0.0112781954887218
"trevial01",1986,1,"LAN","NL",202,4,0.0198019801980198
"trevijo01",2021,1,"TEX","AL",285,5,0.0175438596491228
"trevijo01",2022,1,"NYA","AL",335,11,0.0328358208955224
"trevijo01",2024,1,"NYA","AL",209,8,0.0382775119617225
"trevijo01",2025,1,"CIN","NL",282,4,0.0141843971631206
"trillma01",1975,1,"CHN","NL",545,7,0.0128440366972477
"trillma01",1976,1,"CHN","NL",582,4,0.00687285223367698
"trillma01",1977,1,"CHN","NL",504,7,0.0138888888888889
"trillma01",1978,1,"CHN","NL",552,4,0.0072463768115942
"trillma01",1979,1,"PHI","NL",431,6,0.0139211136890951
"trillma01",1980,1,"PHI","NL",531,7,0.0131826741996234
"trillma01",1981,1,"PHI","NL",349,6,0.0171919770773639
"trillma01",1983,1,"CLE","AL",320,1,0.003125
"trillma01",1984,1,"SFN","NL",401,4,0.00997506234413965
"trillma01",1985,1,"SFN","NL",451,3,0.00665188470066519
"trillma01",1987,1,"CHN","NL",214,8,0.0373831775700935
"triolja01",2024,1,"PIT","NL",394,9,0.0228426395939086
"triolja01",2025,1,"PIT","NL",331,7,0.0211480362537764
"troutmi01",2012,1,"LAA","AL",559,30,0.0536672629695885
"troutmi01",2013,1,"LAA","AL",589,27,0.0458404074702886
"troutmi01",2014,1,"LAA","AL",602,36,0.0598006644518272
"troutmi01",2015,1,"LAA","AL",575,41,0.071304347826087
"troutmi01",2016,1,"LAA","AL",549,29,0.0528233151183971
"troutmi01",2017,1,"LAA","AL",402,33,0.082089552238806
"troutmi01",2018,1,"LAA","AL",471,39,0.0828025477707006
"troutmi01",2019,1,"LAA","AL",470,45,0.0957446808510638
"troutmi01",2022,1,"LAA","AL",438,40,0.091324200913242
"troutmi01",2023,1,"LAA","AL",308,18,0.0584415584415584
"troutmi01",2025,1,"LAA","AL",456,26,0.0570175438596491
"trubych01",2000,1,"HOU","NL",258,11,0.0426356589147287
"trubych01",2002,2,"DET","AL",277,2,0.0072202166064982
"trumbma01",2011,1,"LAA","AL",539,29,0.0538033395176252
"trumbma01",2012,1,"LAA","AL",544,32,0.0588235294117647
"trumbma01",2013,1,"LAA","AL",620,34,0.0548387096774194
"trumbma01",2014,1,"ARI","NL",328,14,0.0426829268292683
"trumbma01",2015,2,"SEA","AL",334,13,0.0389221556886228
"trumbma01",2016,1,"BAL","AL",613,47,0.0766721044045677
"trumbma01",2017,1,"BAL","AL",559,23,0.0411449016100179
"trumbma01",2018,1,"BAL","AL",330,17,0.0515151515151515
"tuckeky01",2020,1,"HOU","AL",209,9,0.0430622009569378
"tuckeky01",2021,1,"HOU","AL",506,30,0.0592885375494071
"tuckeky01",2022,1,"HOU","AL",544,30,0.0551470588235294
"tuckeky01",2023,1,"HOU","AL",574,29,0.0505226480836237
"tuckeky01",2024,1,"HOU","AL",277,23,0.0830324909747292
"tuckeky01",2025,1,"CHN","NL",500,22,0.044
"tuckemi01",1996,1,"KCA","AL",339,12,0.0353982300884956
"tuckemi01",1997,1,"ATL","NL",499,14,0.0280561122244489
"tuckemi01",1998,1,"ATL","NL",414,13,0.0314009661835749
"tuckemi01",1999,1,"CIN","NL",296,11,0.0371621621621622
"tuckemi01",2000,1,"CIN","NL",270,15,0.0555555555555556
"tuckemi01",2001,1,"CIN","NL",231,7,0.0303030303030303
"tuckemi01",2001,2,"CHN","NL",205,5,0.024390243902439
"tuckemi01",2002,1,"KCA","AL",475,12,0.0252631578947368
"tuckemi01",2003,1,"KCA","AL",389,13,0.0334190231362468
"tuckemi01",2004,1,"SFN","NL",464,13,0.0280172413793103
"tuckemi01",2005,1,"SFN","NL",250,5,0.02
"tuckepr01",2015,1,"HOU","AL",300,13,0.0433333333333333
"tulowtr01",2007,1,"COL","NL",609,24,0.0394088669950739
"tulowtr01",2008,1,"COL","NL",377,8,0.0212201591511936
"tulowtr01",2009,1,"COL","NL",543,32,0.0589318600368324
"tulowtr01",2010,1,"COL","NL",470,27,0.0574468085106383
"tulowtr01",2011,1,"COL","NL",537,30,0.0558659217877095
"tulowtr01",2013,1,"COL","NL",446,25,0.0560538116591928
"tulowtr01",2014,1,"COL","NL",315,21,0.0666666666666667
"tulowtr01",2015,1,"COL","NL",323,12,0.0371517027863777
"tulowtr01",2016,1,"TOR","AL",492,24,0.048780487804878
"tulowtr01",2017,1,"TOR","AL",241,7,0.029045643153527
"turanbr02",2023,1,"MIL","NL",404,6,0.0148514851485149
"turanbr02",2024,1,"MIL","NL",559,7,0.0125223613595707
"turanbr02",2025,1,"MIL","NL",584,18,0.0308219178082192
"turneje01",1976,1,"SDN","NL",281,5,0.0177935943060498
"turneje01",1977,1,"SDN","NL",289,10,0.0346020761245675
"turneje01",1978,1,"SDN","NL",225,8,0.0355555555555556
"turneje01",1979,1,"SDN","NL",448,9,0.0200892857142857
"turneje01",1982,1,"DET","AL",210,8,0.0380952380952381
"turneju01",2011,1,"NYN","NL",435,4,0.00919540229885057
"turneju01",2013,1,"NYN","NL",200,2,0.01
"turneju01",2014,1,"LAN","NL",288,7,0.0243055555555556
"turneju01",2015,1,"LAN","NL",385,16,0.0415584415584416
"turneju01",2016,1,"LAN","NL",556,27,0.0485611510791367
"turneju01",2017,1,"LAN","NL",457,21,0.0459518599562363
"turneju01",2018,1,"LAN","NL",365,14,0.0383561643835616
"turneju01",2019,1,"LAN","NL",479,27,0.0563674321503132
"turneju01",2021,1,"LAN","NL",533,27,0.050656660412758
"turneju01",2022,1,"LAN","NL",468,13,0.0277777777777778
"turneju01",2023,1,"BOS","AL",558,23,0.0412186379928315
"turneju01",2024,1,"TOR","AL",301,6,0.0199335548172757
"turnetr01",2016,1,"WAS","NL",307,13,0.0423452768729642
"turnetr01",2017,1,"WAS","NL",412,11,0.0266990291262136
"turnetr01",2018,1,"WAS","NL",664,19,0.0286144578313253
"turnetr01",2019,1,"WAS","NL",521,19,0.036468330134357
"turnetr01",2020,1,"WAS","NL",233,12,0.0515021459227468
"turnetr01",2021,1,"WAS","NL",388,18,0.0463917525773196
"turnetr01",2021,2,"LAN","NL",207,10,0.0483091787439614
"turnetr01",2022,1,"LAN","NL",652,21,0.0322085889570552
"turnetr01",2023,1,"PHI","NL",639,26,0.0406885758998435
"turnetr01",2024,1,"PHI","NL",505,21,0.0415841584158416
"turnetr01",2025,1,"PHI","NL",589,15,0.0254668930390492
"tynerja01",2007,1,"MIN","AL",304,1,0.00328947368421053
"tyronji01",1977,1,"OAK","AL",294,5,0.0170068027210884
"tysonmi01",1973,1,"SLN","NL",469,1,0.00213219616204691
"tysonmi01",1974,1,"SLN","NL",422,1,0.0023696682464455
"tysonmi01",1975,1,"SLN","NL",368,2,0.00543478260869565
"tysonmi01",1976,1,"SLN","NL",245,3,0.0122448979591837
"tysonmi01",1977,1,"SLN","NL",418,7,0.0167464114832536
"tysonmi01",1978,1,"SLN","NL",377,3,0.00795755968169761
"tysonmi01",1980,1,"CHN","NL",341,3,0.00879765395894428
"ugglada01",2006,1,"FLO","NL",611,27,0.044189852700491
"ugglada01",2007,1,"FLO","NL",632,31,0.0490506329113924
"ugglada01",2008,1,"FLO","NL",531,32,0.0602636534839925
"ugglada01",2009,1,"FLO","NL",564,31,0.0549645390070922
"ugglada01",2010,1,"FLO","NL",589,33,0.0560271646859083
"ugglada01",2011,1,"ATL","NL",600,36,0.06
"ugglada01",2012,1,"ATL","NL",523,19,0.0363288718929254
"ugglada01",2013,1,"ATL","NL",448,22,0.0491071428571429
"uhlaete01",1970,1,"CLE","AL",473,11,0.0232558139534884
"uhlaete01",1971,1,"CLE","AL",500,2,0.004
"unserde01",1970,1,"WS2","AL",322,5,0.015527950310559
"unserde01",1971,1,"WS2","AL",581,9,0.0154905335628227
"unserde01",1972,1,"CLE","AL",383,1,0.00261096605744125
"unserde01",1973,1,"PHI","NL",440,11,0.025
"unserde01",1974,1,"PHI","NL",454,11,0.0242290748898678
"unserde01",1975,1,"NYN","NL",531,10,0.0188323917137476
"unserde01",1976,1,"NYN","NL",276,5,0.0181159420289855
"unserde01",1976,2,"MON","NL",220,7,0.0318181818181818
"unserde01",1977,1,"MON","NL",289,12,0.041522491349481
"upshawi01",1978,1,"TOR","AL",224,1,0.00446428571428571
"upshawi01",1982,1,"TOR","AL",580,21,0.0362068965517241
"upshawi01",1983,1,"TOR","AL",579,27,0.0466321243523316
"upshawi01",1984,1,"TOR","AL",569,19,0.0333919156414763
"upshawi01",1985,1,"TOR","AL",501,15,0.029940119760479
"upshawi01",1986,1,"TOR","AL",573,9,0.0157068062827225
"upshawi01",1987,1,"TOR","AL",512,15,0.029296875
"upshawi01",1988,1,"CLE","AL",493,11,0.0223123732251521
"uptonbj01",2007,1,"TBA","AL",474,24,0.0506329113924051
"uptonbj01",2008,1,"TBA","AL",531,9,0.0169491525423729
"uptonbj01",2009,1,"TBA","AL",560,11,0.0196428571428571
"uptonbj01",2010,1,"TBA","AL",536,18,0.0335820895522388
"uptonbj01",2011,1,"TBA","AL",560,23,0.0410714285714286
"uptonbj01",2012,1,"TBA","AL",573,28,0.0488656195462478
"uptonbj01",2013,1,"ATL","NL",391,9,0.0230179028132992
"uptonbj01",2014,1,"ATL","NL",519,12,0.023121387283237
"uptonbj01",2015,1,"SDN","NL",205,5,0.024390243902439
"uptonbj01",2016,1,"SDN","NL",344,16,0.0465116279069767
"uptonju01",2008,1,"ARI","NL",356,15,0.0421348314606742
"uptonju01",2009,1,"ARI","NL",526,26,0.0494296577946768
"uptonju01",2010,1,"ARI","NL",495,17,0.0343434343434343
"uptonju01",2011,1,"ARI","NL",592,31,0.0523648648648649
"uptonju01",2012,1,"ARI","NL",554,17,0.0306859205776173
"uptonju01",2013,1,"ATL","NL",558,27,0.0483870967741935
"uptonju01",2014,1,"ATL","NL",566,29,0.0512367491166078
"uptonju01",2015,1,"SDN","NL",542,26,0.047970479704797
"uptonju01",2016,1,"DET","AL",570,31,0.0543859649122807
"uptonju01",2017,1,"DET","AL",459,28,0.0610021786492375
"uptonju01",2018,1,"LAA","AL",533,30,0.0562851782363977
"uptonju01",2019,1,"LAA","AL",219,12,0.0547945205479452
"uptonju01",2021,1,"LAA","AL",318,17,0.0534591194968553
"uriaslu01",2019,1,"SDN","NL",215,4,0.0186046511627907
"uriaslu01",2021,1,"MIL","NL",490,23,0.0469387755102041
"uriaslu01",2022,1,"MIL","NL",406,16,0.0394088669950739
"uriaslu01",2025,1,"ATH","AL",287,8,0.0278745644599303
"uriasra01",2021,1,"BAL","AL",262,7,0.0267175572519084
"uriasra01",2022,1,"BAL","AL",403,16,0.0397022332506203
"uriasra01",2023,1,"BAL","AL",360,4,0.0111111111111111
"uriasra01",2024,1,"BAL","AL",272,11,0.0404411764705882
"uriasra01",2025,1,"BAL","AL",258,8,0.0310077519379845
"uribejo01",1985,1,"SFN","NL",476,3,0.00630252100840336
"uribejo01",1986,1,"SFN","NL",453,3,0.00662251655629139
"uribejo01",1987,1,"SFN","NL",309,5,0.0161812297734628
"uribejo01",1988,1,"SFN","NL",493,3,0.00608519269776876
"uribejo01",1989,1,"SFN","NL",453,1,0.0022075055187638
"uribejo01",1990,1,"SFN","NL",415,1,0.00240963855421687
"uribejo01",1991,1,"SFN","NL",231,1,0.00432900432900433
"uribeju01",2001,1,"COL","NL",273,8,0.0293040293040293
"uribeju01",2002,1,"COL","NL",566,6,0.0106007067137809
"uribeju01",2003,1,"COL","NL",316,10,0.0316455696202532
"uribeju01",2004,1,"CHA","AL",502,23,0.0458167330677291
"uribeju01",2005,1,"CHA","AL",481,16,0.0332640332640333
"uribeju01",2006,1,"CHA","AL",463,21,0.0453563714902808
"uribeju01",2007,1,"CHA","AL",513,20,0.0389863547758285
"uribeju01",2008,1,"CHA","AL",324,7,0.0216049382716049
"uribeju01",2009,1,"SFN","NL",398,16,0.0402010050251256
"uribeju01",2010,1,"SFN","NL",521,24,0.0460652591170825
"uribeju01",2011,1,"LAN","NL",270,4,0.0148148148148148
"uribeju01",2013,1,"LAN","NL",388,12,0.0309278350515464
"uribeju01",2014,1,"LAN","NL",386,9,0.0233160621761658
"uribeju01",2016,1,"CLE","AL",238,7,0.0294117647058824
"urshegi01",2015,1,"CLE","AL",267,6,0.0224719101123596
"urshegi01",2019,1,"NYA","AL",442,21,0.0475113122171946
"urshegi01",2021,1,"NYA","AL",420,14,0.0333333333333333
"urshegi01",2022,1,"MIN","AL",501,13,0.0259481037924152
"urshegi01",2023,1,"LAA","AL",214,2,0.00934579439252336
"urshegi01",2024,1,"DET","AL",300,5,0.0166666666666667
"utleych01",2004,1,"PHI","NL",267,13,0.048689138576779
"utleych01",2005,1,"PHI","NL",543,28,0.0515653775322284
"utleych01",2006,1,"PHI","NL",658,32,0.0486322188449848
"utleych01",2007,1,"PHI","NL",530,22,0.0415094339622642
"utleych01",2008,1,"PHI","NL",607,33,0.0543657331136738
"utleych01",2009,1,"PHI","NL",571,31,0.0542907180385289
"utleych01",2010,1,"PHI","NL",425,16,0.0376470588235294
"utleych01",2011,1,"PHI","NL",398,11,0.0276381909547739
"utleych01",2012,1,"PHI","NL",301,11,0.0365448504983389
"utleych01",2013,1,"PHI","NL",476,18,0.0378151260504202
"utleych01",2014,1,"PHI","NL",589,11,0.0186757215619694
"utleych01",2015,1,"PHI","NL",249,5,0.0200803212851406
"utleych01",2016,1,"LAN","NL",512,14,0.02734375
"utleych01",2017,1,"LAN","NL",309,8,0.0258899676375405
"vailmi01",1977,1,"NYN","NL",279,8,0.028673835125448
"vailmi01",1980,1,"CHN","NL",312,6,0.0192307692307692
"valaipa01",2021,1,"BAL","AL",259,5,0.0193050193050193
"valbulu01",2009,1,"CLE","AL",368,10,0.0271739130434783
"valbulu01",2010,1,"CLE","AL",275,2,0.00727272727272727
"valbulu01",2012,1,"CHN","NL",265,4,0.0150943396226415
"valbulu01",2013,1,"CHN","NL",331,12,0.0362537764350453
"valbulu01",2014,1,"CHN","NL",478,16,0.0334728033472803
"valbulu01",2015,1,"HOU","AL",434,25,0.0576036866359447
"valbulu01",2016,1,"HOU","AL",292,13,0.0445205479452055
"valbulu01",2017,1,"LAA","AL",347,22,0.0634005763688761
"valbulu01",2018,1,"LAA","AL",266,9,0.0338345864661654
"valdeen01",2024,1,"BOS","AL",201,6,0.0298507462686567
"valdewi01",2010,1,"PHI","NL",333,4,0.012012012012012
"valdewi01",2011,1,"PHI","NL",273,1,0.00366300366300366
"valenbo02",1971,1,"LAN","NL",281,1,0.00355871886120996
"valenbo02",1972,1,"LAN","NL",391,3,0.00767263427109974
"valenbo02",1974,1,"CAL","AL",371,3,0.00808625336927224
"valenda01",2010,1,"MIN","AL",299,7,0.0234113712374582
"valenda01",2011,1,"MIN","AL",564,15,0.0265957446808511
"valenda01",2016,1,"OAK","AL",471,17,0.0360934182590234
"valenda01",2017,1,"SEA","AL",450,15,0.0333333333333333
"valenda01",2018,1,"BAL","AL",255,9,0.0352941176470588
"valenel01",1976,1,"MON","NL",305,7,0.0229508196721311
"valenel01",1977,1,"MON","NL",508,25,0.0492125984251969
"valenel01",1978,1,"MON","NL",570,25,0.043859649122807
"valenel01",1979,1,"MON","NL",548,21,0.0383211678832117
"valenel01",1980,1,"MON","NL",311,13,0.0418006430868167
"valenel01",1982,1,"NYN","NL",337,8,0.0237388724035608
"valenel01",1983,1,"CAL","AL",271,13,0.047970479704797
"valener01",2004,1,"NYN","NL",270,13,0.0481481481481481
"valenja01",1999,1,"MIN","AL",218,5,0.0229357798165138
"valenja01",2004,1,"CIN","NL",202,6,0.0297029702970297
"valenja01",2005,1,"CIN","NL",221,14,0.0633484162895928
"valenja01",2007,1,"CIN","NL",243,2,0.00823045267489712
"valenjo02",1993,1,"BOS","AL",468,11,0.0235042735042735
"valenjo02",1994,1,"BOS","AL",301,9,0.0299003322259136
"valenjo02",1995,1,"BOS","AL",520,27,0.0519230769230769
"valenjo02",1996,1,"BOS","AL",527,13,0.0246679316888046
"valenjo02",1997,1,"BOS","AL",575,18,0.031304347826087
"valenjo02",1998,1,"BOS","AL",588,23,0.0391156462585034
"valenjo02",1999,1,"BOS","AL",450,12,0.0266666666666667
"valenjo02",2002,1,"NYN","NL",208,3,0.0144230769230769
"valenjo03",1994,1,"ML4","AL",285,11,0.0385964912280702
"valenjo03",1995,1,"ML4","AL",338,11,0.0325443786982249
"valenjo03",1996,1,"ML4","AL",552,24,0.0434782608695652
"valenjo03",1997,1,"ML4","AL",494,17,0.034412955465587
"valenjo03",1998,1,"MIL","NL",428,16,0.0373831775700935
"valenjo03",1999,1,"MIL","NL",256,10,0.0390625
"valenjo03",2000,1,"CHA","AL",568,25,0.0440140845070423
"valenjo03",2001,1,"CHA","AL",438,28,0.0639269406392694
"valenjo03",2002,1,"CHA","AL",474,25,0.0527426160337553
"valenjo03",2003,1,"CHA","AL",503,28,0.0556660039761431
"valenjo03",2004,1,"CHA","AL",450,30,0.0666666666666667
"valenjo03",2006,1,"NYN","NL",384,18,0.046875
"valleda01",1987,1,"SEA","AL",324,12,0.037037037037037
"valleda01",1988,1,"SEA","AL",290,10,0.0344827586206897
"valleda01",1989,1,"SEA","AL",316,7,0.0221518987341772
"valleda01",1990,1,"SEA","AL",308,7,0.0227272727272727
"valleda01",1991,1,"SEA","AL",324,8,0.0246913580246914
"valleda01",1992,1,"SEA","AL",367,9,0.0245231607629428
"valleda01",1993,1,"SEA","AL",423,13,0.0307328605200946
"vandejo02",1992,1,"MON","NL",213,4,0.0187793427230047
"vandejo02",1993,1,"MON","NL",215,5,0.0232558139534884
"vandejo02",1999,1,"SDN","NL",246,6,0.024390243902439
"vandejo02",2000,1,"PIT","NL",384,24,0.0625
"vandejo02",2001,1,"PIT","NL",313,11,0.0351437699680511
"vandejo02",2002,1,"NYA","AL",219,6,0.0273972602739726
"vandejo02",2003,1,"MIL","NL",327,14,0.0428134556574923
"vanmejo01",2019,1,"CIN","NL",228,8,0.0350877192982456
"vanmejo01",2021,1,"ARI","NL",274,6,0.0218978102189781
"vanslan01",1983,1,"SLN","NL",309,8,0.0258899676375405
"vanslan01",1984,1,"SLN","NL",361,7,0.0193905817174515
"vanslan01",1985,1,"SLN","NL",424,13,0.0306603773584906
"vanslan01",1986,1,"SLN","NL",418,13,0.0311004784688995
"vanslan01",1987,1,"PIT","NL",564,21,0.0372340425531915
"vanslan01",1988,1,"PIT","NL",587,25,0.0425894378194208
"vanslan01",1989,1,"PIT","NL",476,9,0.0189075630252101
"vanslan01",1990,1,"PIT","NL",493,17,0.0344827586206897
"vanslan01",1991,1,"PIT","NL",491,17,0.0346232179226069
"vanslan01",1992,1,"PIT","NL",614,14,0.0228013029315961
"vanslan01",1993,1,"PIT","NL",323,8,0.0247678018575851
"vanslan01",1994,1,"PIT","NL",374,6,0.0160427807486631
"vanslan01",1995,2,"PHI","NL",214,3,0.014018691588785
"vanslsc01",2014,1,"LAN","NL",212,11,0.0518867924528302
"vanslsc01",2015,1,"LAN","NL",222,6,0.027027027027027
"vargail01",2019,1,"ARI","NL",201,6,0.0298507462686567
"vargail01",2023,1,"WAS","NL",262,4,0.0152671755725191
"vargail01",2024,1,"WAS","NL",272,1,0.00367647058823529
"vargake01",2014,1,"MIN","AL",215,9,0.0418604651162791
"vargake01",2017,1,"MIN","AL",241,11,0.045643153526971
"vargami01",2023,1,"LAN","NL",256,7,0.02734375
"vargami01",2025,1,"CHA","AL",504,16,0.0317460317460317
"varitja01",1998,1,"BOS","AL",221,7,0.0316742081447964
"varitja01",1999,1,"BOS","AL",483,20,0.041407867494824
"varitja01",2000,1,"BOS","AL",448,10,0.0223214285714286
"varitja01",2002,1,"BOS","AL",467,10,0.0214132762312634
"varitja01",2003,1,"BOS","AL",451,25,0.0554323725055432
"varitja01",2004,1,"BOS","AL",463,18,0.0388768898488121
"varitja01",2005,1,"BOS","AL",470,22,0.0468085106382979
"varitja01",2006,1,"BOS","AL",365,12,0.0328767123287671
"varitja01",2007,1,"BOS","AL",435,17,0.0390804597701149
"varitja01",2008,1,"BOS","AL",423,13,0.0307328605200946
"varitja01",2009,1,"BOS","AL",364,14,0.0384615384615385
"varitja01",2011,1,"BOS","AL",222,11,0.0495495495495495
"varshda01",2021,1,"ARI","NL",284,11,0.0387323943661972
"varshda01",2022,1,"ARI","NL",531,27,0.0508474576271186
"varshda01",2023,1,"TOR","AL",527,20,0.0379506641366224
"varshda01",2024,1,"TOR","AL",459,18,0.0392156862745098
"varshda01",2025,1,"TOR","AL",248,20,0.0806451612903226
"vaughan01",2021,1,"CHA","AL",417,15,0.0359712230215827
"vaughan01",2022,1,"CHA","AL",510,17,0.0333333333333333
"vaughan01",2023,1,"CHA","AL",566,21,0.0371024734982332
"vaughan01",2024,1,"CHA","AL",570,19,0.0333333333333333
"vaughan01",2025,2,"MIL","NL",221,9,0.0407239819004525
"vaughgr01",1990,1,"ML4","AL",382,17,0.0445026178010471
"vaughgr01",1991,1,"ML4","AL",542,27,0.0498154981549815
"vaughgr01",1992,1,"ML4","AL",501,23,0.0459081836327345
"vaughgr01",1993,1,"ML4","AL",569,30,0.0527240773286468
"vaughgr01",1994,1,"ML4","AL",370,19,0.0513513513513514
"vaughgr01",1995,1,"ML4","AL",392,17,0.0433673469387755
"vaughgr01",1996,1,"ML4","AL",375,31,0.0826666666666667
"vaughgr01",1997,1,"SDN","NL",361,18,0.0498614958448753
"vaughgr01",1998,1,"SDN","NL",573,50,0.087260034904014
"vaughgr01",1999,1,"CIN","NL",550,45,0.0818181818181818
"vaughgr01",2000,1,"TBA","AL",461,28,0.0607375271149675
"vaughgr01",2001,1,"TBA","AL",485,24,0.0494845360824742
"vaughgr01",2002,1,"TBA","AL",251,8,0.0318725099601594
"vaughmo01",1991,1,"BOS","AL",219,4,0.0182648401826484
"vaughmo01",1992,1,"BOS","AL",355,13,0.0366197183098592
"vaughmo01",1993,1,"BOS","AL",539,29,0.0538033395176252
"vaughmo01",1994,1,"BOS","AL",394,26,0.065989847715736
"vaughmo01",1995,1,"BOS","AL",550,39,0.0709090909090909
"vaughmo01",1996,1,"BOS","AL",635,44,0.0692913385826772
"vaughmo01",1997,1,"BOS","AL",527,35,0.0664136622390892
"vaughmo01",1998,1,"BOS","AL",609,40,0.0656814449917898
"vaughmo01",1999,1,"ANA","AL",524,33,0.0629770992366412
"vaughmo01",2000,1,"ANA","AL",614,36,0.0586319218241042
"vaughmo01",2002,1,"NYN","NL",487,26,0.053388090349076
"vazquch01",2017,1,"BOS","AL",324,5,0.0154320987654321
"vazquch01",2018,1,"BOS","AL",251,3,0.0119521912350598
"vazquch01",2019,1,"BOS","AL",482,23,0.0477178423236515
"vazquch01",2021,1,"BOS","AL",458,6,0.0131004366812227
"vazquch01",2022,1,"BOS","AL",294,8,0.0272108843537415
"vazquch01",2023,1,"MIN","AL",327,6,0.018348623853211
"vazquch01",2024,1,"MIN","AL",294,7,0.0238095238095238
"vazqura01",2002,1,"SDN","NL",423,2,0.00472813238770686
"vazqura01",2003,1,"SDN","NL",422,3,0.00710900473933649
"vazqura01",2007,1,"TEX","AL",300,8,0.0266666666666667
"vazqura01",2008,1,"TEX","AL",300,6,0.02
"vazqura01",2009,1,"PIT","NL",204,1,0.00490196078431372
"velarra01",1990,1,"NYA","AL",229,5,0.0218340611353712
"velarra01",1992,1,"NYA","AL",412,7,0.0169902912621359
"velarra01",1993,1,"NYA","AL",226,7,0.0309734513274336
"velarra01",1994,1,"NYA","AL",280,9,0.0321428571428571
"velarra01",1995,1,"NYA","AL",367,7,0.0190735694822888
"velarra01",1996,1,"CAL","AL",530,14,0.0264150943396226
"velarra01",1999,1,"ANA","AL",376,9,0.023936170212766
"velarra01",1999,2,"OAK","AL",255,7,0.0274509803921569
"velarra01",2000,1,"OAK","AL",485,12,0.0247422680412371
"velarra01",2001,1,"TEX","AL",296,9,0.0304054054054054
"velazan01",2022,1,"LAA","AL",322,9,0.0279503105590062
"velazne01",2024,1,"KCA","AL",205,8,0.0390243902439024
"velezeu01",2008,1,"SFN","NL",275,1,0.00363636363636364
"velezeu01",2009,1,"SFN","NL",285,5,0.0175438596491228
"velezot01",1977,1,"TOR","AL",360,16,0.0444444444444444
"velezot01",1978,1,"TOR","AL",248,9,0.0362903225806452
"velezot01",1979,1,"TOR","AL",274,15,0.0547445255474453
"velezot01",1980,1,"TOR","AL",357,20,0.0560224089635854
"velezot01",1981,1,"TOR","AL",240,11,0.0458333333333333
"venabma01",1983,1,"SFN","NL",228,6,0.0263157894736842
"venabwi01",2009,1,"SDN","NL",293,12,0.0409556313993174
"venabwi01",2010,1,"SDN","NL",392,13,0.0331632653061225
"venabwi01",2011,1,"SDN","NL",370,9,0.0243243243243243
"venabwi01",2012,1,"SDN","NL",417,9,0.0215827338129496
"venabwi01",2013,1,"SDN","NL",481,22,0.0457380457380457
"venabwi01",2014,1,"SDN","NL",406,8,0.0197044334975369
"venabwi01",2015,1,"SDN","NL",283,6,0.0212014134275618
"venturo01",1990,1,"CHA","AL",493,5,0.0101419878296146
"venturo01",1991,1,"CHA","AL",606,23,0.037953795379538
"venturo01",1992,1,"CHA","AL",592,16,0.027027027027027
"venturo01",1993,1,"CHA","AL",554,22,0.0397111913357401
"venturo01",1994,1,"CHA","AL",401,18,0.0448877805486284
"venturo01",1995,1,"CHA","AL",492,26,0.0528455284552845
"venturo01",1996,1,"CHA","AL",586,34,0.0580204778156997
"venturo01",1998,1,"CHA","AL",590,21,0.035593220338983
"venturo01",1999,1,"NYN","NL",588,32,0.054421768707483
"venturo01",2000,1,"NYN","NL",469,24,0.0511727078891258
"venturo01",2001,1,"NYN","NL",456,21,0.0460526315789474
"venturo01",2002,1,"NYA","AL",465,27,0.0580645161290323
"venturo01",2003,1,"NYA","AL",283,9,0.0318021201413428
"verasqu01",1995,1,"FLO","NL",440,5,0.0113636363636364
"verasqu01",1996,1,"FLO","NL",253,4,0.0158102766798419
"verasqu01",1997,1,"SDN","NL",539,3,0.00556586270871985
"verasqu01",1998,1,"SDN","NL",517,6,0.011605415860735
"verasqu01",1999,1,"SDN","NL",475,6,0.0126315789473684
"verasqu01",2000,1,"ATL","NL",298,5,0.0167785234899329
"verasqu01",2001,1,"ATL","NL",258,3,0.0116279069767442
"verdual01",2019,1,"LAN","NL",343,12,0.0349854227405248
"verdual01",2020,1,"BOS","AL",201,6,0.0298507462686567
"verdual01",2021,1,"BOS","AL",544,13,0.0238970588235294
"verdual01",2022,1,"BOS","AL",593,11,0.0185497470489039
"verdual01",2023,1,"BOS","AL",546,13,0.0238095238095238
"verdual01",2024,1,"NYA","AL",559,13,0.0232558139534884
"veryzto01",1975,1,"DET","AL",404,5,0.0123762376237624
"veryzto01",1976,1,"DET","AL",354,1,0.00282485875706215
"veryzto01",1977,1,"DET","AL",350,2,0.00571428571428571
"veryzto01",1978,1,"CLE","AL",421,1,0.00237529691211401
"veryzto01",1980,1,"CLE","AL",358,2,0.00558659217877095
"vicieda01",2012,1,"CHA","AL",505,25,0.0495049504950495
"vicieda01",2013,1,"CHA","AL",441,14,0.0317460317460317
"vicieda01",2014,1,"CHA","AL",523,21,0.0401529636711281
"victosh01",2006,1,"PHI","NL",415,6,0.0144578313253012
"victosh01",2007,1,"PHI","NL",456,12,0.0263157894736842
"victosh01",2008,1,"PHI","NL",570,14,0.0245614035087719
"victosh01",2009,1,"PHI","NL",620,10,0.0161290322580645
"victosh01",2010,1,"PHI","NL",587,18,0.030664395229983
"victosh01",2011,1,"PHI","NL",519,17,0.0327552986512524
"victosh01",2012,1,"PHI","NL",387,9,0.0232558139534884
"victosh01",2012,2,"LAN","NL",208,2,0.00961538461538461
"victosh01",2013,1,"BOS","AL",477,15,0.0314465408805031
"vidrojo01",1999,1,"MON","NL",494,12,0.0242914979757085
"vidrojo01",2000,1,"MON","NL",606,24,0.0396039603960396
"vidrojo01",2001,1,"MON","NL",486,15,0.0308641975308642
"vidrojo01",2002,1,"MON","NL",604,19,0.0314569536423841
"vidrojo01",2003,1,"MON","NL",509,15,0.0294695481335953
"vidrojo01",2004,1,"MON","NL",412,14,0.0339805825242718
"vidrojo01",2005,1,"WAS","NL",309,7,0.0226537216828479
"vidrojo01",2006,1,"WAS","NL",463,7,0.0151187904967603
"vidrojo01",2007,1,"SEA","AL",548,6,0.0109489051094891
"vidrojo01",2008,1,"SEA","AL",308,7,0.0227272727272727
"vientma01",2023,1,"NYN","NL",218,9,0.0412844036697248
"vientma01",2024,1,"NYN","NL",413,27,0.0653753026634383
"vientma01",2025,1,"NYN","NL",424,17,0.0400943396226415
"vierlma01",2022,1,"PHI","NL",325,6,0.0184615384615385
"vierlma01",2023,1,"DET","AL",479,10,0.0208768267223382
"vierlma01",2024,1,"DET","AL",518,16,0.0308880308880309
"villach01",2018,1,"SDN","NL",351,20,0.056980056980057
"villajo01",2013,1,"HOU","AL",210,1,0.00476190476190476
"villajo01",2014,1,"HOU","AL",263,7,0.026615969581749
"villajo01",2016,1,"MIL","NL",589,19,0.032258064516129
"villajo01",2017,1,"MIL","NL",403,11,0.0272952853598015
"villajo01",2018,1,"MIL","NL",257,6,0.0233463035019455
"villajo01",2018,2,"BAL","AL",209,8,0.0382775119617225
"villajo01",2019,1,"BAL","AL",642,24,0.0373831775700935
"villajo01",2021,1,"NYN","NL",454,18,0.039647577092511
"vinafe01",1995,1,"ML4","AL",288,3,0.0104166666666667
"vinafe01",1996,1,"ML4","AL",554,7,0.0126353790613718
"vinafe01",1997,1,"ML4","AL",324,4,0.0123456790123457
"vinafe01",1998,1,"MIL","NL",637,7,0.010989010989011
"vinafe01",2000,1,"SLN","NL",487,4,0.0082135523613963
"vinafe01",2001,1,"SLN","NL",631,9,0.0142630744849445
"vinafe01",2002,1,"SLN","NL",622,1,0.00160771704180064
"vinafe01",2003,1,"SLN","NL",259,4,0.0154440154440154
"virgioz02",1984,1,"PHI","NL",456,18,0.0394736842105263
"virgioz02",1985,1,"PHI","NL",426,19,0.0446009389671362
"virgioz02",1986,1,"ATL","NL",359,15,0.0417827298050139
"virgioz02",1987,1,"ATL","NL",429,27,0.0629370629370629
"virgioz02",1988,1,"ATL","NL",320,9,0.028125
"vitiejo01",1996,1,"KCA","AL",257,8,0.0311284046692607
"vizcajo01",1992,1,"CHN","NL",285,1,0.00350877192982456
"vizcajo01",1993,1,"CHN","NL",551,4,0.00725952813067151
"vizcajo01",1994,1,"NYN","NL",410,3,0.00731707317073171
"vizcajo01",1995,1,"NYN","NL",509,3,0.00589390962671906
"vizcajo01",1996,1,"NYN","NL",363,1,0.00275482093663912
"vizcajo01",1997,1,"SFN","NL",568,5,0.00880281690140845
"vizcajo01",1998,1,"LAN","NL",237,3,0.0126582278481013
"vizcajo01",1999,1,"LAN","NL",266,1,0.0037593984962406
"vizcajo01",2001,1,"HOU","NL",256,1,0.00390625
"vizcajo01",2002,1,"HOU","NL",406,5,0.0123152709359606
"vizcajo01",2004,1,"HOU","NL",358,3,0.00837988826815642
"vizquom01",1989,1,"SEA","AL",387,1,0.00258397932816538
"vizquom01",1990,1,"SEA","AL",255,2,0.00784313725490196
"vizquom01",1991,1,"SEA","AL",426,1,0.00234741784037559
"vizquom01",1993,1,"SEA","AL",560,2,0.00357142857142857
"vizquom01",1994,1,"CLE","AL",286,1,0.0034965034965035
"vizquom01",1995,1,"CLE","AL",542,6,0.011070110701107
"vizquom01",1996,1,"CLE","AL",542,9,0.0166051660516605
"vizquom01",1997,1,"CLE","AL",565,5,0.00884955752212390
"vizquom01",1998,1,"CLE","AL",576,2,0.00347222222222222
"vizquom01",1999,1,"CLE","AL",574,5,0.00871080139372822
"vizquom01",2000,1,"CLE","AL",613,7,0.0114192495921697
"vizquom01",2001,1,"CLE","AL",611,2,0.00327332242225859
"vizquom01",2002,1,"CLE","AL",582,14,0.0240549828178694
"vizquom01",2003,1,"CLE","AL",250,2,0.008
"vizquom01",2004,1,"CLE","AL",567,7,0.0123456790123457
"vizquom01",2005,1,"SFN","NL",568,3,0.00528169014084507
"vizquom01",2006,1,"SFN","NL",579,4,0.00690846286701209
"vizquom01",2007,1,"SFN","NL",513,4,0.00779727095516569
"vizquom01",2010,1,"CHA","AL",344,2,0.00581395348837209
"vogelda01",2019,1,"SEA","AL",462,30,0.0649350649350649
"vogelda01",2021,1,"MIL","NL",215,9,0.0418604651162791
"vogelda01",2022,1,"PIT","NL",237,12,0.0506329113924051
"vogelda01",2023,1,"NYN","NL",275,13,0.0472727272727273
"vogtst01",2014,1,"OAK","AL",269,9,0.033457249070632
"vogtst01",2015,1,"OAK","AL",445,18,0.0404494382022472
"vogtst01",2016,1,"OAK","AL",490,14,0.0285714285714286
"vogtst01",2019,1,"SFN","NL",255,10,0.0392156862745098
"voitlu01",2019,1,"NYA","AL",429,21,0.048951048951049
"voitlu01",2020,1,"NYA","AL",213,22,0.103286384976526
"voitlu01",2021,1,"NYA","AL",213,11,0.0516431924882629
"voitlu01",2022,1,"SDN","NL",298,13,0.0436241610738255
"voitlu01",2022,2,"WAS","NL",202,9,0.0445544554455445
"volpean01",2023,1,"NYA","AL",541,21,0.0388170055452865
"volpean01",2024,1,"NYA","AL",637,12,0.0188383045525903
"volpean01",2025,1,"NYA","AL",539,19,0.0352504638218924
"vossbi01",1971,1,"ML4","AL",275,10,0.0363636363636364
"vottojo01",2008,1,"CIN","NL",526,24,0.0456273764258555
"vottojo01",2009,1,"CIN","NL",469,25,0.0533049040511727
"vottojo01",2010,1,"CIN","NL",547,37,0.0676416819012797
"vottojo01",2011,1,"CIN","NL",599,29,0.0484140233722871
"vottojo01",2012,1,"CIN","NL",374,14,0.0374331550802139
"vottojo01",2013,1,"CIN","NL",581,24,0.0413080895008606
"vottojo01",2014,1,"CIN","NL",220,6,0.0272727272727273
"vottojo01",2015,1,"CIN","NL",545,29,0.0532110091743119
"vottojo01",2016,1,"CIN","NL",556,29,0.052158273381295
"vottojo01",2017,1,"CIN","NL",559,36,0.0644007155635063
"vottojo01",2018,1,"CIN","NL",503,12,0.0238568588469185
"vottojo01",2019,1,"CIN","NL",525,15,0.0285714285714286
"vottojo01",2021,1,"CIN","NL",448,36,0.0803571428571429
"vottojo01",2022,1,"CIN","NL",322,11,0.0341614906832298
"vottojo01",2023,1,"CIN","NL",208,14,0.0673076923076923
"vukovge01",1982,1,"PHI","NL",335,6,0.017910447761194
"vukovge01",1983,1,"CLE","AL",312,3,0.00961538461538461
"vukovge01",1984,1,"CLE","AL",437,9,0.0205949656750572
"vukovge01",1985,1,"CLE","AL",434,8,0.0184331797235023
"wadela01",2021,1,"SFN","NL",336,18,0.0535714285714286
"wadela01",2022,1,"SFN","NL",217,8,0.0368663594470046
"wadela01",2023,1,"SFN","NL",429,17,0.0396270396270396
"wadela01",2024,1,"SFN","NL",331,8,0.0241691842900302
"wagamer01",2025,1,"MIA","NL",476,9,0.0189075630252101
"walbema01",1994,1,"MIN","AL",338,5,0.014792899408284
"walbema01",1995,1,"MIN","AL",393,1,0.00254452926208651
"walbema01",1996,1,"MIN","AL",215,2,0.00930232558139535
"walbema01",1998,1,"ANA","AL",338,6,0.0177514792899408
"walbema01",1999,1,"ANA","AL",288,3,0.0104166666666667
"walkech01",1991,1,"CHN","NL",374,6,0.0160427807486631
"walkech01",1992,2,"NYN","NL",227,4,0.0176211453744493
"walkech01",1993,1,"NYN","NL",213,5,0.0234741784037559
"walkech02",2019,1,"ARI","NL",529,29,0.054820415879017
"walkech02",2020,1,"ARI","NL",218,7,0.0321100917431193
"walkech02",2021,1,"ARI","NL",401,10,0.0249376558603491
"walkech02",2022,1,"ARI","NL",583,36,0.0617495711835334
"walkech02",2023,1,"ARI","NL",582,33,0.056701030927835
"walkech02",2024,1,"ARI","NL",479,26,0.0542797494780793
"walkech02",2025,1,"HOU","AL",585,27,0.0461538461538462
"walkedu01",1982,1,"CIN","NL",239,5,0.0209205020920502
"walkedu01",1983,1,"CIN","NL",225,2,0.00888888888888889
"walkegr01",1983,1,"CHA","AL",307,10,0.0325732899022801
"walkegr01",1984,1,"CHA","AL",442,24,0.0542986425339367
"walkegr01",1985,1,"CHA","AL",601,24,0.0399334442595674
"walkegr01",1986,1,"CHA","AL",282,13,0.0460992907801418
"walkegr01",1987,1,"CHA","AL",566,27,0.0477031802120141
"walkegr01",1988,1,"CHA","AL",377,8,0.0212201591511936
"walkegr01",1989,1,"CHA","AL",233,5,0.0214592274678112
"walkejo02",2023,1,"SLN","NL",420,16,0.0380952380952381
"walkejo02",2025,1,"SLN","NL",363,6,0.0165289256198347
"walkela01",1990,1,"MON","NL",419,19,0.045346062052506
"walkela01",1991,1,"MON","NL",487,16,0.0328542094455852
"walkela01",1992,1,"MON","NL",528,23,0.0435606060606061
"walkela01",1993,1,"MON","NL",490,22,0.0448979591836735
"walkela01",1994,1,"MON","NL",395,19,0.0481012658227848
"walkela01",1995,1,"COL","NL",494,36,0.0728744939271255
"walkela01",1996,1,"COL","NL",272,18,0.0661764705882353
"walkela01",1997,1,"COL","NL",568,49,0.0862676056338028
"walkela01",1998,1,"COL","NL",454,23,0.0506607929515418
"walkela01",1999,1,"COL","NL",438,37,0.0844748858447488
"walkela01",2000,1,"COL","NL",314,9,0.0286624203821656
"walkela01",2001,1,"COL","NL",497,38,0.0764587525150905
"walkela01",2002,1,"COL","NL",477,26,0.0545073375262055
"walkela01",2003,1,"COL","NL",454,16,0.0352422907488987
"walkela01",2005,1,"SLN","NL",315,15,0.0476190476190476
"walkene01",2010,1,"PIT","NL",426,12,0.028169014084507
"walkene01",2011,1,"PIT","NL",596,12,0.0201342281879195
"walkene01",2012,1,"PIT","NL",472,14,0.0296610169491525
"walkene01",2013,1,"PIT","NL",478,16,0.0334728033472803
"walkene01",2014,1,"PIT","NL",512,23,0.044921875
"walkene01",2015,1,"PIT","NL",543,16,0.0294659300184162
"walkene01",2016,1,"NYN","NL",412,23,0.0558252427184466
"walkene01",2017,1,"NYN","NL",265,10,0.0377358490566038
"walkene01",2018,1,"NYA","AL",347,11,0.031700288184438
"walkene01",2019,1,"MIA","NL",337,8,0.0237388724035608
"walketo04",1998,1,"MIN","AL",528,12,0.0227272727272727
"walketo04",1999,1,"MIN","AL",531,6,0.0112994350282486
"walketo04",2001,1,"COL","NL",290,12,0.0413793103448276
"walketo04",2001,2,"CIN","NL",261,5,0.0191570881226054
"walketo04",2002,1,"CIN","NL",612,11,0.0179738562091503
"walketo04",2003,1,"BOS","AL",587,13,0.0221465076660988
"walketo04",2004,1,"CHN","NL",372,15,0.0403225806451613
"walketo04",2005,1,"CHN","NL",397,12,0.0302267002518892
"walketo04",2006,1,"CHN","NL",318,6,0.0188679245283019
"wallabr01",2011,1,"HOU","NL",336,5,0.0148809523809524
"wallabr01",2012,1,"HOU","NL",229,9,0.0393013100436681
"wallabr01",2013,1,"HOU","AL",262,13,0.049618320610687
"wallabr01",2016,1,"SDN","NL",217,6,0.0276497695852535
"wallati01",1981,1,"MON","NL",212,4,0.0188679245283019
"wallati01",1982,1,"MON","NL",596,28,0.0469798657718121
"wallati01",1983,1,"MON","NL",581,19,0.0327022375215146
"wallati01",1984,1,"MON","NL",582,18,0.0309278350515464
"wallati01",1985,1,"MON","NL",569,22,0.038664323374341
"wallati01",1986,1,"MON","NL",480,18,0.0375
"wallati01",1987,1,"MON","NL",593,26,0.0438448566610455
"wallati01",1988,1,"MON","NL",592,12,0.0202702702702703
"wallati01",1989,1,"MON","NL",573,13,0.0226876090750436
"wallati01",1990,1,"MON","NL",626,21,0.0335463258785942
"wallati01",1991,1,"MON","NL",577,13,0.0225303292894281
"wallati01",1992,1,"MON","NL",537,9,0.0167597765363128
"wallati01",1993,1,"LAN","NL",477,12,0.0251572327044025
"wallati01",1994,1,"LAN","NL",414,23,0.0555555555555556
"wallati01",1995,1,"LAN","NL",327,9,0.0275229357798165
"wallide01",1978,1,"HOU","NL",247,3,0.0121457489878543
"wallide01",1980,1,"HOU","NL",284,3,0.0105633802816901
"wallide01",1984,1,"HOU","NL",249,3,0.0120481927710843
"wallide01",1985,1,"HOU","NL",345,7,0.0202898550724638
"wallide01",1986,1,"HOU","NL",382,13,0.0340314136125654
"wallide01",1987,1,"HOU","NL",325,5,0.0153846153846154
"wallijo01",1976,1,"CHN","NL",338,5,0.014792899408284
"wallijo01",1978,2,"OAK","AL",279,6,0.021505376344086
"wallnma01",2023,1,"MIN","AL",213,14,0.0657276995305164
"wallnma01",2024,1,"MIN","AL",220,13,0.0590909090909091
"wallnma01",2025,1,"MIN","AL",336,22,0.0654761904761905
"wallsta01",2022,1,"TBA","AL",407,8,0.0196560196560197
"wallsta01",2023,1,"TBA","AL",303,8,0.0264026402640264
"wallsta01",2024,1,"TBA","AL",218,1,0.00458715596330275
"wallsta01",2025,1,"TBA","AL",282,4,0.0141843971631206
"walshja01",2021,1,"LAA","AL",530,29,0.0547169811320755
"walshja01",2022,1,"LAA","AL",423,15,0.0354609929078014
"waltoda01",1970,1,"ML4","AL",397,17,0.0428211586901763
"waltoje01",1989,1,"CHN","NL",475,5,0.0105263157894737
"waltoje01",1990,1,"CHN","NL",392,2,0.00510204081632653
"waltoje01",1991,1,"CHN","NL",270,5,0.0185185185185185
"wardda01",2000,1,"HOU","NL",264,20,0.0757575757575758
"wardda01",2001,1,"HOU","NL",213,9,0.0422535211267606
"wardda01",2002,1,"HOU","NL",453,12,0.0264900662251656
"wardda01",2004,1,"PIT","NL",293,15,0.0511945392491468
"wardda01",2005,1,"PIT","NL",407,12,0.0294840294840295
"wardga01",1981,1,"MIN","AL",295,3,0.0101694915254237
"wardga01",1982,1,"MIN","AL",570,28,0.0491228070175439
"wardga01",1983,1,"MIN","AL",623,19,0.0304975922953451
"wardga01",1984,1,"TEX","AL",602,21,0.0348837209302326
"wardga01",1985,1,"TEX","AL",593,15,0.0252951096121417
"wardga01",1986,1,"TEX","AL",380,5,0.0131578947368421
"wardga01",1987,1,"NYA","AL",529,16,0.0302457466918715
"wardga01",1988,1,"NYA","AL",231,4,0.0173160173160173
"wardga01",1989,2,"DET","AL",275,9,0.0327272727272727
"wardga01",1990,1,"DET","AL",309,9,0.029126213592233
"wardta01",2021,1,"LAA","AL",208,8,0.0384615384615385
"wardta01",2022,1,"LAA","AL",495,23,0.0464646464646465
"wardta01",2023,1,"LAA","AL",356,14,0.0393258426966292
"wardta01",2024,1,"LAA","AL",585,25,0.0427350427350427
"wardta01",2025,1,"LAA","AL",579,36,0.0621761658031088
"wardtu01",1994,1,"ML4","AL",367,9,0.0245231607629428
"wardtu01",1998,1,"PIT","NL",282,9,0.0319148936170213
"washicl01",1975,1,"OAK","AL",590,10,0.0169491525423729
"washicl01",1976,1,"OAK","AL",490,5,0.0102040816326531
"washicl01",1977,1,"TEX","AL",521,12,0.0230326295585413
"washicl01",1978,2,"CHA","AL",314,6,0.0191082802547771
"washicl01",1979,1,"CHA","AL",471,13,0.0276008492569002
"washicl01",1980,2,"NYN","NL",284,10,0.0352112676056338
"washicl01",1981,1,"ATL","NL",320,5,0.015625
"washicl01",1982,1,"ATL","NL",563,16,0.0284191829484902
"washicl01",1983,1,"ATL","NL",496,9,0.0181451612903226
"washicl01",1984,1,"ATL","NL",416,17,0.0408653846153846
"washicl01",1985,1,"ATL","NL",398,15,0.0376884422110553
"washicl01",1987,1,"NYA","AL",312,9,0.0288461538461539
"washicl01",1988,1,"NYA","AL",455,11,0.0241758241758242
"washicl01",1989,1,"CAL","AL",418,13,0.0311004784688995
"washiro01",1982,1,"MIN","AL",451,5,0.0110864745011086
"washiro01",1983,1,"MIN","AL",317,4,0.0126182965299685
"washiro01",1988,1,"CLE","AL",223,2,0.00896860986547085
"washiul01",1979,1,"KCA","AL",268,2,0.00746268656716418
"washiul01",1980,1,"KCA","AL",549,6,0.0109289617486339
"washiul01",1981,1,"KCA","AL",339,2,0.00589970501474926
"washiul01",1982,1,"KCA","AL",437,10,0.022883295194508
"washiul01",1983,1,"KCA","AL",547,5,0.00914076782449726
"waterdr01",2023,1,"KCA","AL",302,8,0.0264900662251656
"waterdr01",2025,1,"KCA","AL",206,1,0.00485436893203883
"wathajo01",1980,1,"KCA","AL",453,6,0.0132450331125828
"wathajo01",1981,1,"KCA","AL",301,1,0.00332225913621262
"wathajo01",1982,1,"KCA","AL",448,3,0.00669642857142857
"wathajo01",1983,1,"KCA","AL",437,2,0.0045766590389016
"watsobo01",1970,1,"HOU","NL",327,11,0.0336391437308868
"watsobo01",1971,1,"HOU","NL",468,9,0.0192307692307692
"watsobo01",1972,1,"HOU","NL",548,16,0.0291970802919708
"watsobo01",1973,1,"HOU","NL",573,16,0.0279232111692845
"watsobo01",1974,1,"HOU","NL",524,11,0.0209923664122137
"watsobo01",1975,1,"HOU","NL",485,18,0.0371134020618557
"watsobo01",1976,1,"HOU","NL",585,16,0.0273504273504274
"watsobo01",1977,1,"HOU","NL",554,22,0.0397111913357401
"watsobo01",1978,1,"HOU","NL",461,14,0.0303687635574837
"watsobo01",1979,2,"BOS","AL",312,13,0.0416666666666667
"watsobo01",1980,1,"NYA","AL",469,13,0.0277185501066098
"webstle01",1997,1,"BAL","AL",259,7,0.027027027027027
"webstle01",1998,1,"BAL","AL",309,10,0.0323624595469256
"webstmi01",1985,2,"MON","NL",212,11,0.0518867924528302
"webstmi01",1986,1,"MON","NL",576,8,0.0138888888888889
"webstmi01",1987,1,"MON","NL",588,15,0.0255102040816327
"webstmi01",1988,1,"MON","NL",259,2,0.00772200772200772
"webstmi01",1988,2,"CHN","NL",264,4,0.0151515151515152
"webstmi01",1989,1,"CHN","NL",272,3,0.0110294117647059
"webstmi01",1990,1,"CLE","AL",437,12,0.0274599542334096
"webstmi01",1992,1,"LAN","NL",262,6,0.0229007633587786
"weeksje01",2011,1,"OAK","AL",406,2,0.00492610837438424
"weeksje01",2012,1,"OAK","AL",444,2,0.0045045045045045
"weeksri01",2005,1,"MIL","NL",360,13,0.0361111111111111
"weeksri01",2006,1,"MIL","NL",359,8,0.0222841225626741
"weeksri01",2007,1,"MIL","NL",409,16,0.039119804400978
"weeksri01",2008,1,"MIL","NL",475,14,0.0294736842105263
"weeksri01",2010,1,"MIL","NL",651,29,0.0445468509984639
"weeksri01",2011,1,"MIL","NL",453,20,0.0441501103752759
"weeksri01",2012,1,"MIL","NL",588,21,0.0357142857142857
"weeksri01",2013,1,"MIL","NL",350,10,0.0285714285714286
"weeksri01",2014,1,"MIL","NL",252,8,0.0317460317460317
"weisswa01",1988,1,"OAK","AL",452,3,0.00663716814159292
"weisswa01",1989,1,"OAK","AL",236,3,0.0127118644067797
"weisswa01",1990,1,"OAK","AL",445,2,0.00449438202247191
"weisswa01",1993,1,"FLO","NL",500,1,0.002
"weisswa01",1994,1,"COL","NL",423,1,0.00236406619385343
"weisswa01",1995,1,"COL","NL",427,1,0.00234192037470726
"weisswa01",1996,1,"COL","NL",517,8,0.0154738878143133
"weisswa01",1997,1,"COL","NL",393,4,0.0101781170483461
"weisswa01",1999,1,"ATL","NL",279,2,0.00716845878136201
"wellmbr01",1984,1,"SFN","NL",265,2,0.00754716981132075
"wellsau01",2024,1,"NYA","AL",354,13,0.0367231638418079
"wellsau01",2025,1,"NYA","AL",401,21,0.0523690773067332
"wellsca01",2012,1,"SEA","AL",285,10,0.0350877192982456
"wellsve01",2002,1,"TOR","AL",608,23,0.037828947368421
"wellsve01",2003,1,"TOR","AL",678,33,0.0486725663716814
"wellsve01",2004,1,"TOR","AL",536,23,0.042910447761194
"wellsve01",2005,1,"TOR","AL",620,28,0.0451612903225806
"wellsve01",2006,1,"TOR","AL",611,32,0.0523731587561375
"wellsve01",2007,1,"TOR","AL",584,16,0.0273972602739726
"wellsve01",2008,1,"TOR","AL",427,20,0.0468384074941452
"wellsve01",2009,1,"TOR","AL",630,15,0.0238095238095238
"wellsve01",2010,1,"TOR","AL",590,31,0.0525423728813559
"wellsve01",2011,1,"LAA","AL",505,25,0.0495049504950495
"wellsve01",2012,1,"LAA","AL",243,11,0.0452674897119342
"wellsve01",2013,1,"NYA","AL",424,11,0.0259433962264151
"wendljo01",2018,1,"TBA","AL",487,7,0.0143737166324435
"wendljo01",2019,1,"TBA","AL",238,3,0.0126050420168067
"wendljo01",2021,1,"TBA","AL",460,11,0.0239130434782609
"wendljo01",2022,1,"MIA","NL",347,3,0.00864553314121038
"wendljo01",2023,1,"MIA","NL",297,2,0.00673400673400673
"wertdo01",1970,1,"DET","AL",363,6,0.0165289256198347
"werthja01",2004,1,"LAN","NL",290,16,0.0551724137931035
"werthja01",2005,1,"LAN","NL",337,7,0.0207715133531157
"werthja01",2007,1,"PHI","NL",255,8,0.0313725490196078
"werthja01",2008,1,"PHI","NL",418,24,0.0574162679425837
"werthja01",2009,1,"PHI","NL",571,36,0.0630472854640981
"werthja01",2010,1,"PHI","NL",554,27,0.0487364620938628
"werthja01",2011,1,"WAS","NL",561,20,0.035650623885918
"werthja01",2012,1,"WAS","NL",300,5,0.0166666666666667
"werthja01",2013,1,"WAS","NL",462,25,0.0541125541125541
"werthja01",2014,1,"WAS","NL",534,16,0.0299625468164794
"werthja01",2015,1,"WAS","NL",331,12,0.0362537764350453
"werthja01",2016,1,"WAS","NL",525,21,0.04
"werthja01",2017,1,"WAS","NL",252,10,0.0396825396825397
"westbjo01",2023,1,"BAL","AL",208,3,0.0144230769230769
"westbjo01",2024,1,"BAL","AL",416,18,0.0432692307692308
"westbjo01",2025,1,"BAL","AL",328,17,0.0518292682926829
"whitalo01",1978,1,"DET","AL",484,3,0.00619834710743802
"whitalo01",1979,1,"DET","AL",423,3,0.00709219858156028
"whitalo01",1980,1,"DET","AL",477,1,0.00209643605870021
"whitalo01",1981,1,"DET","AL",335,5,0.0149253731343284
"whitalo01",1982,1,"DET","AL",560,15,0.0267857142857143
"whitalo01",1983,1,"DET","AL",643,12,0.0186625194401244
"whitalo01",1984,1,"DET","AL",558,13,0.0232974910394265
"whitalo01",1985,1,"DET","AL",609,21,0.0344827586206897
"whitalo01",1986,1,"DET","AL",584,20,0.0342465753424658
"whitalo01",1987,1,"DET","AL",604,16,0.0264900662251656
"whitalo01",1988,1,"DET","AL",403,12,0.0297766749379653
"whitalo01",1989,1,"DET","AL",509,28,0.0550098231827112
"whitalo01",1990,1,"DET","AL",472,18,0.038135593220339
"whitalo01",1991,1,"DET","AL",470,23,0.048936170212766
"whitalo01",1992,1,"DET","AL",453,19,0.0419426048565121
"whitalo01",1993,1,"DET","AL",383,9,0.0234986945169713
"whitalo01",1994,1,"DET","AL",322,12,0.0372670807453416
"whitalo01",1995,1,"DET","AL",249,14,0.0562248995983936
"whitede03",1987,1,"CAL","AL",639,24,0.0375586854460094
"whitede03",1988,1,"CAL","AL",455,11,0.0241758241758242
"whitede03",1989,1,"CAL","AL",636,12,0.0188679245283019
"whitede03",1990,1,"CAL","AL",443,11,0.0248306997742664
"whitede03",1991,1,"TOR","AL",642,17,0.0264797507788162
"whitede03",1992,1,"TOR","AL",641,17,0.0265210608424337
"whitede03",1993,1,"TOR","AL",598,15,0.0250836120401338
"whitede03",1994,1,"TOR","AL",403,13,0.032258064516129
"whitede03",1995,1,"TOR","AL",427,10,0.0234192037470726
"whitede03",1996,1,"FLO","NL",552,17,0.0307971014492754
"whitede03",1997,1,"FLO","NL",265,6,0.0226415094339623
"whitede03",1998,1,"ARI","NL",563,22,0.0390763765541741
"whitede03",1999,1,"LAN","NL",474,14,0.029535864978903
"whitede03",2001,1,"MIL","NL",390,14,0.0358974358974359
"whiteel03",2011,1,"SFN","NL",213,4,0.0187793427230047
"whiteel04",2025,1,"ATL","NL",256,10,0.0390625
"whitefr01",1974,1,"KCA","AL",204,1,0.00490196078431372
"whitefr01",1975,1,"KCA","AL",304,7,0.0230263157894737
"whitefr01",1976,1,"KCA","AL",446,2,0.00448430493273543
"whitefr01",1977,1,"KCA","AL",474,5,0.0105485232067511
"whitefr01",1978,1,"KCA","AL",461,7,0.0151843817787419
"whitefr01",1979,1,"KCA","AL",467,10,0.0214132762312634
"whitefr01",1980,1,"KCA","AL",560,7,0.0125
"whitefr01",1981,1,"KCA","AL",364,9,0.0247252747252747
"whitefr01",1982,1,"KCA","AL",524,11,0.0209923664122137
"whitefr01",1983,1,"KCA","AL",549,11,0.0200364298724954
"whitefr01",1984,1,"KCA","AL",479,17,0.035490605427975
"whitefr01",1985,1,"KCA","AL",563,22,0.0390763765541741
"whitefr01",1986,1,"KCA","AL",566,22,0.03886925795053
"whitefr01",1987,1,"KCA","AL",563,17,0.0301953818827709
"whitefr01",1988,1,"KCA","AL",537,8,0.0148975791433892
"whitefr01",1989,1,"KCA","AL",418,2,0.00478468899521531
"whitefr01",1990,1,"KCA","AL",241,2,0.00829875518672199
"whiteje01",1976,1,"MON","NL",278,2,0.00719424460431655
"whiteje01",1980,1,"MON","NL",214,7,0.0327102803738318
"whitema01",1991,2,"CLE","AL",258,7,0.0271317829457364
"whitema01",1992,1,"CLE","AL",508,9,0.0177165354330709
"whitema01",1993,1,"SLN","NL",562,25,0.0444839857651246
"whitema01",1994,1,"SLN","NL",334,14,0.0419161676646707
"whitema01",1995,2,"PHI","NL",212,11,0.0518867924528302
"whitema01",1997,1,"NYA","AL",215,5,0.0232558139534884
"whitema01",1998,1,"CLE","AL",226,6,0.0265486725663717
"whitero01",1970,1,"NYA","AL",609,22,0.0361247947454844
"whitero01",1971,1,"NYA","AL",524,19,0.0362595419847328
"whitero01",1972,1,"NYA","AL",556,10,0.0179856115107914
"whitero01",1973,1,"NYA","AL",639,18,0.028169014084507
"whitero01",1974,1,"NYA","AL",473,7,0.0147991543340381
"whitero01",1975,1,"NYA","AL",556,12,0.0215827338129496
"whitero01",1976,1,"NYA","AL",626,14,0.0223642172523962
"whitero01",1977,1,"NYA","AL",519,14,0.0269749518304432
"whitero01",1978,1,"NYA","AL",346,8,0.023121387283237
"whitero01",1979,1,"NYA","AL",205,3,0.0146341463414634
"whitero02",1995,1,"MON","NL",474,13,0.0274261603375527
"whitero02",1996,1,"MON","NL",334,6,0.0179640718562874
"whitero02",1997,1,"MON","NL",592,28,0.0472972972972973
"whitero02",1998,1,"MON","NL",357,17,0.0476190476190476
"whitero02",1999,1,"MON","NL",539,22,0.0408163265306122
"whitero02",2000,1,"MON","NL",290,11,0.0379310344827586
"whitero02",2001,1,"CHN","NL",323,17,0.0526315789473684
"whitero02",2002,1,"NYA","AL",455,14,0.0307692307692308
"whitero02",2003,1,"SDN","NL",413,18,0.0435835351089588
"whitero02",2004,1,"DET","AL",448,19,0.0424107142857143
"whitero02",2005,1,"DET","AL",374,12,0.0320855614973262
"whitero02",2006,1,"MIN","AL",337,7,0.0207715133531157
"whitety01",2016,1,"HOU","AL",249,8,0.0321285140562249
"whitety01",2018,1,"HOU","AL",210,12,0.0571428571428571
"whitety01",2019,1,"HOU","AL",218,3,0.0137614678899083
"whitfte01",1977,1,"SFN","NL",326,7,0.0214723926380368
"whitfte01",1978,1,"SFN","NL",488,10,0.0204918032786885
"whitfte01",1979,1,"SFN","NL",394,5,0.0126903553299492
"whitfte01",1980,1,"SFN","NL",321,4,0.0124610591900312
"whitmda02",1993,1,"FLO","NL",250,4,0.016
"whitter01",1980,1,"TOR","AL",295,6,0.0203389830508475
"whitter01",1982,1,"TOR","AL",284,11,0.0387323943661972
"whitter01",1983,1,"TOR","AL",344,17,0.0494186046511628
"whitter01",1984,1,"TOR","AL",315,15,0.0476190476190476
"whitter01",1985,1,"TOR","AL",412,19,0.0461165048543689
"whitter01",1986,1,"TOR","AL",395,16,0.040506329113924
"whitter01",1987,1,"TOR","AL",446,19,0.0426008968609866
"whitter01",1988,1,"TOR","AL",398,16,0.0402010050251256
"whitter01",1989,1,"TOR","AL",385,11,0.0285714285714286
"widgech01",1997,1,"MON","NL",278,7,0.0251798561151079
"widgech01",1998,1,"MON","NL",417,15,0.0359712230215827
"widgech01",1999,1,"MON","NL",383,14,0.0365535248041776
"widgech01",2000,1,"MON","NL",281,12,0.0427046263345196
"wiemejo01",2023,1,"MIL","NL",367,13,0.0354223433242507
"wietema01",2009,1,"BAL","AL",354,9,0.0254237288135593
"wietema01",2010,1,"BAL","AL",446,11,0.0246636771300448
"wietema01",2011,1,"BAL","AL",500,22,0.044
"wietema01",2012,1,"BAL","AL",526,23,0.0437262357414449
"wietema01",2013,1,"BAL","AL",523,22,0.0420650095602294
"wietema01",2015,1,"BAL","AL",258,8,0.0310077519379845
"wietema01",2016,1,"BAL","AL",423,17,0.0401891252955083
"wietema01",2017,1,"WAS","NL",422,10,0.023696682464455
"wietema01",2018,1,"WAS","NL",235,8,0.0340425531914894
"wiggial01",1982,1,"SDN","NL",254,1,0.00393700787401575
"wiggial01",1984,1,"SDN","NL",596,3,0.00503355704697987
"wiggial01",1987,1,"BAL","AL",306,1,0.00326797385620915
"wiggity01",2003,1,"NYN","NL",573,11,0.0191972076788831
"wiggity01",2004,1,"NYN","NL",312,12,0.0384615384615385
"wiggity01",2006,1,"TBA","AL",444,24,0.0540540540540541
"wiggity01",2007,1,"TBA","AL",378,16,0.0423280423280423
"wiggity01",2008,1,"HOU","NL",386,23,0.0595854922279793
"wiggity01",2009,1,"BAL","AL",410,11,0.0268292682926829
"wiggity01",2010,1,"BAL","AL",581,22,0.0378657487091222
"wiggity01",2011,1,"COL","NL",401,15,0.0374064837905237
"wiggity01",2012,1,"PHI","NL",315,11,0.0349206349206349
"wilforo01",1979,1,"MIN","AL",419,9,0.0214797136038186
"wilforo01",1980,1,"MIN","AL",416,8,0.0192307692307692
"wilforo01",1981,1,"MIN","AL",305,3,0.00983606557377049
"wilforo01",1984,1,"CAL","AL",307,6,0.0195439739413681
"wilforo01",1985,1,"CAL","AL",217,4,0.0184331797235023
"wilforo01",1986,1,"CAL","AL",288,3,0.0104166666666667
"wilkebr01",2002,1,"MON","NL",507,20,0.0394477317554241
"wilkebr01",2003,1,"MON","NL",504,19,0.0376984126984127
"wilkebr01",2004,1,"MON","NL",572,32,0.0559440559440560
"wilkebr01",2005,1,"WAS","NL",565,11,0.0194690265486726
"wilkebr01",2006,1,"TEX","AL",320,15,0.046875
"wilkebr01",2007,1,"TEX","AL",338,20,0.0591715976331361
"wilkebr01",2008,2,"TOR","AL",208,4,0.0192307692307692
"wilkecu01",1984,1,"TEX","AL",484,1,0.00206611570247934
"wilkecu01",1992,1,"KCA","AL",296,2,0.00675675675675676
"wilkest01",2019,1,"BAL","AL",329,10,0.0303951367781155
"wilkiri01",1991,1,"CHN","NL",203,6,0.0295566502463054
"wilkiri01",1992,1,"CHN","NL",244,8,0.0327868852459016
"wilkiri01",1993,1,"CHN","NL",446,30,0.0672645739910314
"wilkiri01",1994,1,"CHN","NL",313,7,0.0223642172523962
"wilkiri01",1996,1,"HOU","NL",254,6,0.0236220472440945
"willaje01",1984,1,"CLE","AL",246,10,0.040650406504065
"willaje01",1985,1,"CLE","AL",300,7,0.0233333333333333
"willibe02",1991,1,"NYA","AL",320,3,0.009375
"willibe02",1992,1,"NYA","AL",261,5,0.0191570881226054
"willibe02",1993,1,"NYA","AL",567,12,0.0211640211640212
"willibe02",1994,1,"NYA","AL",408,12,0.0294117647058824
"willibe02",1995,1,"NYA","AL",563,18,0.0319715808170515
"willibe02",1996,1,"NYA","AL",551,29,0.0526315789473684
"willibe02",1997,1,"NYA","AL",509,21,0.0412573673870334
"willibe02",1998,1,"NYA","AL",499,26,0.0521042084168337
"willibe02",1999,1,"NYA","AL",591,25,0.0423011844331641
"willibe02",2000,1,"NYA","AL",537,30,0.0558659217877095
"willibe02",2001,1,"NYA","AL",540,26,0.0481481481481481
"willibe02",2002,1,"NYA","AL",612,19,0.0310457516339869
"willibe02",2003,1,"NYA","AL",445,15,0.0337078651685393
"willibe02",2004,1,"NYA","AL",561,22,0.0392156862745098
"willibe02",2005,1,"NYA","AL",485,12,0.0247422680412371
"willibe02",2006,1,"NYA","AL",420,12,0.0285714285714286
"willibe03",2025,1,"SEA","AL",277,1,0.0036101083032491
"willibi01",1970,1,"CHN","NL",636,42,0.0660377358490566
"willibi01",1971,1,"CHN","NL",594,28,0.0471380471380471
"willibi01",1972,1,"CHN","NL",574,37,0.0644599303135888
"willibi01",1973,1,"CHN","NL",576,20,0.0347222222222222
"willibi01",1974,1,"CHN","NL",404,16,0.0396039603960396
"willibi01",1975,1,"OAK","AL",520,23,0.0442307692307692
"willibi01",1976,1,"OAK","AL",351,11,0.0313390313390313
"williea02",1971,1,"ATL","NL",497,33,0.0663983903420523
"williea02",1972,1,"ATL","NL",565,28,0.0495575221238938
"williea02",1973,1,"BAL","AL",459,22,0.0479302832244009
"williea02",1974,1,"BAL","AL",413,14,0.0338983050847458
"williea02",1975,1,"ATL","NL",383,11,0.0287206266318538
"williea02",1977,1,"OAK","AL",348,13,0.0373563218390805
"willied01",1989,1,"CHA","AL",201,3,0.0149253731343284
"willied01",1995,1,"SDN","NL",296,12,0.0405405405405405
"willied01",1996,1,"DET","AL",215,6,0.027906976744186
"willige02",1996,1,"NYA","AL",233,5,0.0214592274678112
"willige02",1997,1,"ML4","AL",566,10,0.0176678445229682
"willige02",1998,1,"ATL","NL",266,10,0.037593984962406
"willige02",1999,1,"ATL","NL",422,17,0.0402843601895735
"willige02",2000,1,"TBA","AL",632,21,0.0332278481012658
"willige02",2001,1,"TBA","AL",232,4,0.0172413793103448
"willige03",1997,1,"OAK","AL",201,3,0.0149253731343284
"willijo03",2006,1,"FLO","NL",502,26,0.051792828685259
"willijo03",2007,1,"FLO","NL",521,21,0.0403071017274472
"willijo03",2008,1,"FLO","NL",351,15,0.0427350427350427
"willijo03",2009,1,"WAS","NL",427,24,0.0562060889929742
"willijo03",2010,1,"WAS","NL",370,16,0.0432432432432432
"willijo03",2011,1,"OAK","AL",488,29,0.0594262295081967
"willijo03",2012,1,"MIN","AL",519,35,0.0674373795761079
"willijo03",2013,1,"MIN","AL",389,14,0.0359897172236504
"willijo03",2014,1,"MIN","AL",224,12,0.0535714285714286
"willike02",1987,1,"CHA","AL",391,11,0.0281329923273657
"willike02",1988,1,"CHA","AL",220,8,0.0363636363636364
"willike02",1989,1,"DET","AL",258,6,0.0232558139534884
"willima04",1987,1,"SFN","NL",245,8,0.0326530612244898
"willima04",1989,1,"SFN","NL",292,18,0.0616438356164384
"willima04",1990,1,"SFN","NL",617,33,0.053484602917342
"willima04",1991,1,"SFN","NL",589,34,0.0577249575551783
"willima04",1992,1,"SFN","NL",529,20,0.0378071833648393
"willima04",1993,1,"SFN","NL",579,38,0.0656303972366149
"willima04",1994,1,"SFN","NL",445,43,0.0966292134831461
"willima04",1995,1,"SFN","NL",283,23,0.0812720848056537
"willima04",1996,1,"SFN","NL",404,22,0.0544554455445545
"willima04",1997,1,"CLE","AL",596,32,0.0536912751677852
"willima04",1998,1,"ARI","NL",510,20,0.0392156862745098
"willima04",1999,1,"ARI","NL",627,35,0.0558213716108453
"willima04",2000,1,"ARI","NL",371,12,0.032345013477089
"willima04",2001,1,"ARI","NL",408,16,0.0392156862745098
"willima04",2002,1,"ARI","NL",215,12,0.0558139534883721
"willini01",2017,1,"PHI","NL",313,12,0.0383386581469649
"willini01",2018,1,"PHI","NL",407,17,0.0417690417690418
"willire01",1986,1,"LAN","NL",303,4,0.0132013201320132
"williwa02",1970,1,"CHA","AL",315,3,0.00952380952380952
"williwa02",1971,1,"CHA","AL",361,8,0.0221606648199446
"williwa02",1972,1,"CHA","AL",221,2,0.00904977375565611
"williwa02",1973,1,"CLE","AL",350,8,0.0228571428571429
"willsbu01",1977,1,"TEX","AL",541,9,0.0166358595194085
"willsbu01",1978,1,"TEX","AL",539,9,0.0166975881261596
"willsbu01",1979,1,"TEX","AL",543,5,0.00920810313075506
"willsbu01",1980,1,"TEX","AL",578,5,0.00865051903114187
"willsbu01",1981,1,"TEX","AL",410,2,0.0048780487804878
"willsbu01",1982,1,"CHN","NL",419,6,0.0143198090692124
"willsma01",1971,1,"LAN","NL",601,3,0.00499168053244592
"wilsocr02",1999,1,"CHA","AL",252,4,0.0158730158730159
"wilsocr03",2002,1,"PIT","NL",368,16,0.0434782608695652
"wilsocr03",2003,1,"PIT","NL",309,18,0.058252427184466
"wilsocr03",2004,1,"PIT","NL",561,29,0.0516934046345811
"wilsocr03",2006,1,"PIT","NL",255,13,0.0509803921568627
"wilsoda01",1994,1,"SEA","AL",282,3,0.0106382978723404
"wilsoda01",1995,1,"SEA","AL",399,9,0.0225563909774436
"wilsoda01",1996,1,"SEA","AL",491,18,0.0366598778004073
"wilsoda01",1997,1,"SEA","AL",508,15,0.0295275590551181
"wilsoda01",1998,1,"SEA","AL",325,9,0.0276923076923077
"wilsoda01",1999,1,"SEA","AL",414,7,0.0169082125603865
"wilsoda01",2000,1,"SEA","AL",268,5,0.0186567164179104
"wilsoda01",2001,1,"SEA","AL",377,10,0.026525198938992
"wilsoda01",2002,1,"SEA","AL",359,6,0.0167130919220056
"wilsoda01",2003,1,"SEA","AL",316,4,0.0126582278481013
"wilsoda01",2004,1,"SEA","AL",319,2,0.00626959247648903
"wilsoen01",1999,1,"CLE","AL",332,2,0.00602409638554217
"wilsoen01",2004,1,"NYA","AL",240,6,0.025
"wilsogl01",1982,1,"DET","AL",322,12,0.0372670807453416
"wilsogl01",1983,1,"DET","AL",503,11,0.021868787276342
"wilsogl01",1984,1,"PHI","NL",341,6,0.0175953079178886
"wilsogl01",1985,1,"PHI","NL",608,14,0.0230263157894737
"wilsogl01",1986,1,"PHI","NL",584,15,0.0256849315068493
"wilsogl01",1987,1,"PHI","NL",569,14,0.0246045694200351
"wilsogl01",1988,1,"SEA","AL",284,3,0.0105633802816901
"wilsogl01",1989,1,"PIT","NL",330,9,0.0272727272727273
"wilsogl01",1990,1,"HOU","NL",368,10,0.0271739130434783
"wilsoja02",2001,1,"PIT","NL",390,3,0.00769230769230769
"wilsoja02",2002,1,"PIT","NL",527,4,0.00759013282732448
"wilsoja02",2003,1,"PIT","NL",558,9,0.0161290322580645
"wilsoja02",2004,1,"PIT","NL",652,11,0.0168711656441718
"wilsoja02",2005,1,"PIT","NL",587,8,0.0136286201022147
"wilsoja02",2006,1,"PIT","NL",543,8,0.0147329650092081
"wilsoja02",2007,1,"PIT","NL",477,12,0.0251572327044025
"wilsoja02",2008,1,"PIT","NL",305,1,0.00327868852459016
"wilsoja02",2009,1,"PIT","NL",266,4,0.0150375939849624
"wilsoja04",2025,1,"ATH","AL",486,13,0.0267489711934156
"wilsojo03",2007,2,"TBA","AL",263,2,0.00760456273764258
"wilsojo03",2010,1,"SEA","AL",361,2,0.00554016620498615
"wilsomo01",1981,1,"NYN","NL",328,3,0.00914634146341463
"wilsomo01",1982,1,"NYN","NL",639,5,0.00782472613458529
"wilsomo01",1983,1,"NYN","NL",638,7,0.0109717868338558
"wilsomo01",1984,1,"NYN","NL",587,10,0.0170357751277683
"wilsomo01",1985,1,"NYN","NL",337,6,0.0178041543026706
"wilsomo01",1986,1,"NYN","NL",381,9,0.0236220472440945
"wilsomo01",1987,1,"NYN","NL",385,9,0.0233766233766234
"wilsomo01",1988,1,"NYN","NL",378,8,0.0211640211640212
"wilsomo01",1989,1,"NYN","NL",249,3,0.0120481927710843
"wilsomo01",1989,2,"TOR","AL",238,2,0.00840336134453781
"wilsomo01",1990,1,"TOR","AL",588,3,0.00510204081632653
"wilsomo01",1991,1,"TOR","AL",241,2,0.00829875518672199
"wilsopr01",1999,1,"FLO","NL",482,26,0.053941908713693
"wilsopr01",2000,1,"FLO","NL",605,31,0.0512396694214876
"wilsopr01",2001,1,"FLO","NL",468,23,0.0491452991452991
"wilsopr01",2002,1,"FLO","NL",510,23,0.0450980392156863
"wilsopr01",2003,1,"COL","NL",600,36,0.06
"wilsopr01",2004,1,"COL","NL",202,6,0.0297029702970297
"wilsopr01",2005,1,"COL","NL",267,15,0.0561797752808989
"wilsopr01",2005,2,"WAS","NL",253,10,0.0395256916996047
"wilsopr01",2006,1,"HOU","NL",390,9,0.0230769230769231
"wilsoto02",2002,1,"TOR","AL",265,8,0.030188679245283
"wilsoto02",2003,1,"TOR","AL",256,5,0.01953125
"wilsova01",2003,1,"NYN","NL",268,8,0.0298507462686567
"wilsowi02",1979,1,"KCA","AL",588,6,0.0102040816326531
"wilsowi02",1980,1,"KCA","AL",705,3,0.00425531914893617
"wilsowi02",1981,1,"KCA","AL",439,1,0.00227790432801822
"wilsowi02",1982,1,"KCA","AL",585,3,0.00512820512820513
"wilsowi02",1983,1,"KCA","AL",576,2,0.00347222222222222
"wilsowi02",1984,1,"KCA","AL",541,2,0.00369685767097967
"wilsowi02",1985,1,"KCA","AL",605,4,0.00661157024793388
"wilsowi02",1986,1,"KCA","AL",631,9,0.0142630744849445
"wilsowi02",1987,1,"KCA","AL",610,4,0.00655737704918033
"wilsowi02",1988,1,"KCA","AL",591,1,0.00169204737732657
"wilsowi02",1989,1,"KCA","AL",383,3,0.00783289817232376
"wilsowi02",1990,1,"KCA","AL",307,2,0.00651465798045603
"wilsowi02",1993,1,"CHN","NL",221,1,0.00452488687782806
"winebo01",1970,1,"MON","NL",501,3,0.00598802395209581
"winebo01",1971,1,"MON","NL",340,1,0.00294117647058824
"winfida01",1974,1,"SDN","NL",498,20,0.0401606425702811
"winfida01",1975,1,"SDN","NL",509,15,0.0294695481335953
"winfida01",1976,1,"SDN","NL",492,13,0.0264227642276423
"winfida01",1977,1,"SDN","NL",615,25,0.040650406504065
"winfida01",1978,1,"SDN","NL",587,24,0.040885860306644
"winfida01",1979,1,"SDN","NL",597,34,0.0569514237855946
"winfida01",1980,1,"SDN","NL",558,20,0.03584229390681
"winfida01",1981,1,"NYA","AL",388,13,0.0335051546391753
"winfida01",1982,1,"NYA","AL",539,37,0.0686456400742115
"winfida01",1983,1,"NYA","AL",598,32,0.0535117056856187
"winfida01",1984,1,"NYA","AL",567,19,0.0335097001763668
"winfida01",1985,1,"NYA","AL",633,26,0.0410742496050553
"winfida01",1986,1,"NYA","AL",565,24,0.0424778761061947
"winfida01",1987,1,"NYA","AL",575,27,0.0469565217391304
"winfida01",1988,1,"NYA","AL",559,25,0.0447227191413238
"winfida01",1990,2,"CAL","AL",414,19,0.0458937198067633
"winfida01",1991,1,"CAL","AL",568,28,0.0492957746478873
"winfida01",1992,1,"TOR","AL",583,26,0.0445969125214408
"winfida01",1993,1,"MIN","AL",547,21,0.0383912248628885
"winfida01",1994,1,"MIN","AL",294,10,0.0340136054421769
"winkeje01",2018,1,"CIN","NL",281,7,0.0249110320284698
"winkeje01",2019,1,"CIN","NL",338,16,0.0473372781065089
"winkeje01",2021,1,"CIN","NL",423,24,0.0567375886524823
"winkeje01",2022,1,"SEA","AL",456,14,0.0307017543859649
"winkeje01",2024,1,"WAS","NL",315,11,0.0349206349206349
"winnihe01",1985,1,"MON","NL",312,3,0.00961538461538461
"winnihe01",1987,1,"MON","NL",347,4,0.0115273775216138
"winnihe01",1989,1,"CIN","NL",251,3,0.0119521912350598
"winnihe01",1992,1,"BOS","AL",234,1,0.00427350427350427
"winnma01",2024,1,"SLN","NL",587,15,0.0255536626916525
"winnma01",2025,1,"SLN","NL",491,9,0.0183299389002037
"winnra01",1998,1,"TBA","AL",338,1,0.0029585798816568
"winnra01",1999,1,"TBA","AL",303,2,0.0066006600660066
"winnra01",2001,1,"TBA","AL",429,6,0.013986013986014
"winnra01",2002,1,"TBA","AL",607,14,0.0230642504118616
"winnra01",2003,1,"SEA","AL",600,11,0.0183333333333333
"winnra01",2004,1,"SEA","AL",626,14,0.0223642172523962
"winnra01",2005,1,"SEA","AL",386,6,0.0155440414507772
"winnra01",2005,2,"SFN","NL",231,14,0.0606060606060606
"winnra01",2006,1,"SFN","NL",573,11,0.0191972076788831
"winnra01",2007,1,"SFN","NL",593,14,0.0236087689713322
"winnra01",2008,1,"SFN","NL",598,10,0.0167224080267559
"winnra01",2009,1,"SFN","NL",538,2,0.00371747211895911
"wisdopa01",2021,1,"CHN","NL",338,28,0.0828402366863905
"wisdopa01",2022,1,"CHN","NL",469,25,0.0533049040511727
"wisdopa01",2023,1,"CHN","NL",268,23,0.0858208955223881
"wiselbr01",2024,1,"SFN","NL",252,4,0.0158730158730159
"wittbo02",2022,1,"KCA","AL",591,20,0.0338409475465313
"wittbo02",2023,1,"KCA","AL",641,30,0.046801872074883
"wittbo02",2024,1,"KCA","AL",636,32,0.050314465408805
"wittbo02",2025,1,"KCA","AL",623,23,0.0369181380417336
"wittke01",2003,1,"DET","AL",270,10,0.037037037037037
"wockejo01",1979,1,"DET","AL",231,15,0.0649350649350649
"wockejo01",1980,1,"DET","AL",372,16,0.043010752688172
"wockejo01",1983,1,"DET","AL",245,9,0.036734693877551
"wohlfji01",1974,1,"KCA","AL",501,2,0.00399201596806387
"wohlfji01",1976,1,"KCA","AL",293,1,0.00341296928327645
"wohlfji01",1977,1,"ML4","AL",391,2,0.0051150895140665
"wohlfji01",1982,1,"SFN","NL",250,2,0.008
"wohlfji01",1984,1,"MON","NL",213,5,0.0234741784037559
"wolfela01",1978,1,"MIN","AL",235,3,0.0127659574468085
"wolteto01",2016,1,"COL","NL",205,3,0.0146341463414634
"wolteto01",2019,1,"COL","NL",359,1,0.00278551532033426
"womacto01",1997,1,"PIT","NL",641,6,0.0093603744149766
"womacto01",1998,1,"PIT","NL",655,3,0.00458015267175572
"womacto01",1999,1,"ARI","NL",614,4,0.00651465798045603
"womacto01",2000,1,"ARI","NL",617,7,0.0113452188006483
"womacto01",2001,1,"ARI","NL",481,3,0.00623700623700624
"womacto01",2002,1,"ARI","NL",590,5,0.00847457627118644
"womacto01",2003,1,"ARI","NL",219,2,0.0091324200913242
"womacto01",2004,1,"SLN","NL",553,5,0.00904159132007233
"wongco01",2023,1,"BOS","AL",371,9,0.0242587601078167
"wongco01",2024,1,"BOS","AL",447,13,0.029082774049217
"wongko01",2014,1,"SLN","NL",402,12,0.0298507462686567
"wongko01",2015,1,"SLN","NL",557,11,0.0197486535008977
"wongko01",2016,1,"SLN","NL",313,5,0.0159744408945687
"wongko01",2017,1,"SLN","NL",354,4,0.0112994350282486
"wongko01",2018,1,"SLN","NL",353,9,0.0254957507082153
"wongko01",2019,1,"SLN","NL",478,11,0.0230125523012552
"wongko01",2021,1,"MIL","NL",445,14,0.0314606741573034
"wongko01",2022,1,"MIL","NL",430,15,0.0348837209302326
"woodbr01",2010,1,"LAA","AL",226,4,0.0176991150442478
"woodbr01",2011,2,"PIT","NL",236,7,0.0296610169491525
"woodja03",2024,1,"WAS","NL",295,9,0.0305084745762712
"woodja03",2025,1,"WAS","NL",598,31,0.0518394648829431
"woodsal01",1977,1,"TOR","AL",440,6,0.0136363636363636
"woodsal01",1978,1,"TOR","AL",220,3,0.0136363636363636
"woodsal01",1979,1,"TOR","AL",436,5,0.0114678899082569
"woodsal01",1980,1,"TOR","AL",373,15,0.0402144772117962
"woodsal01",1981,1,"TOR","AL",288,1,0.00347222222222222
"woodsal01",1982,1,"TOR","AL",201,3,0.0149253731343284
"woodsga01",1982,1,"CHN","NL",245,4,0.0163265306122449
"woodsro01",1970,1,"NYA","AL",225,8,0.0355555555555556
"woodsro01",1972,1,"MON","NL",221,10,0.0452488687782805
"woodsro01",1973,1,"MON","NL",318,3,0.00943396226415094
"woodwch01",2002,1,"TOR","AL",312,13,0.0416666666666667
"woodwch01",2003,1,"TOR","AL",349,7,0.0200573065902579
"woodwch01",2004,1,"TOR","AL",213,1,0.00469483568075117
"woodwch01",2006,1,"NYN","NL",222,3,0.0135135135135135
"woodwwo01",1970,1,"CIN","NL",264,1,0.00378787878787879
"wootesh01",2001,1,"ANA","AL",221,8,0.0361990950226244
"wootesh01",2003,1,"ANA","AL",272,7,0.0257352941176471
"worthcr01",1989,1,"BAL","AL",497,15,0.0301810865191147
"worthcr01",1990,1,"BAL","AL",425,8,0.0188235294117647
"wrighda03",2004,1,"NYN","NL",263,14,0.0532319391634981
"wrighda03",2005,1,"NYN","NL",575,27,0.0469565217391304
"wrighda03",2006,1,"NYN","NL",582,26,0.0446735395189003
"wrighda03",2007,1,"NYN","NL",604,30,0.0496688741721854
"wrighda03",2008,1,"NYN","NL",626,33,0.0527156549520767
"wrighda03",2009,1,"NYN","NL",535,10,0.0186915887850467
"wrighda03",2010,1,"NYN","NL",587,29,0.0494037478705281
"wrighda03",2011,1,"NYN","NL",389,14,0.0359897172236504
"wrighda03",2012,1,"NYN","NL",581,21,0.036144578313253
"wrighda03",2013,1,"NYN","NL",430,18,0.0418604651162791
"wrighda03",2014,1,"NYN","NL",535,8,0.0149532710280374
"wrighge03",1982,1,"TEX","AL",557,11,0.0197486535008977
"wrighge03",1983,1,"TEX","AL",634,18,0.028391167192429
"wrighge03",1984,1,"TEX","AL",383,9,0.0234986945169713
"wrighge03",1985,1,"TEX","AL",363,2,0.00550964187327824
"wynegbu01",1976,1,"MIN","AL",534,10,0.0187265917602996
"wynegbu01",1977,1,"MIN","AL",532,10,0.018796992481203
"wynegbu01",1978,1,"MIN","AL",454,4,0.00881057268722467
"wynegbu01",1979,1,"MIN","AL",504,7,0.0138888888888889
"wynegbu01",1980,1,"MIN","AL",486,5,0.0102880658436214
"wynegbu01",1983,1,"NYA","AL",301,6,0.0199335548172757
"wynegbu01",1984,1,"NYA","AL",442,6,0.0135746606334842
"wynegbu01",1985,1,"NYA","AL",309,5,0.0161812297734628
"wynnema01",1983,1,"PIT","NL",366,7,0.0191256830601093
"wynnema01",1985,1,"PIT","NL",337,2,0.00593471810089021
"wynnema01",1986,1,"SDN","NL",288,7,0.0243055555555556
"wynnema01",1988,1,"SDN","NL",333,11,0.033033033033033
"wynnema01",1989,1,"SDN","NL",294,6,0.0204081632653061
"wynnji01",1970,1,"HOU","NL",554,27,0.0487364620938628
"wynnji01",1971,1,"HOU","NL",404,7,0.0173267326732673
"wynnji01",1972,1,"HOU","NL",542,24,0.044280442804428
"wynnji01",1973,1,"HOU","NL",481,20,0.0415800415800416
"wynnji01",1974,1,"LAN","NL",535,32,0.0598130841121495
"wynnji01",1975,1,"LAN","NL",412,18,0.0436893203883495
"wynnji01",1976,1,"ATL","NL",449,17,0.0378619153674833
"yastrca01",1970,1,"BOS","AL",566,40,0.0706713780918728
"yastrca01",1971,1,"BOS","AL",508,15,0.0295275590551181
"yastrca01",1972,1,"BOS","AL",455,12,0.0263736263736264
"yastrca01",1973,1,"BOS","AL",540,19,0.0351851851851852
"yastrca01",1974,1,"BOS","AL",515,15,0.029126213592233
"yastrca01",1975,1,"BOS","AL",543,14,0.0257826887661142
"yastrca01",1976,1,"BOS","AL",546,21,0.0384615384615385
"yastrca01",1977,1,"BOS","AL",558,28,0.050179211469534
"yastrca01",1978,1,"BOS","AL",523,17,0.0325047801147228
"yastrca01",1979,1,"BOS","AL",518,21,0.0405405405405405
"yastrca01",1980,1,"BOS","AL",364,15,0.0412087912087912
"yastrca01",1981,1,"BOS","AL",338,7,0.0207100591715976
"yastrca01",1982,1,"BOS","AL",459,16,0.0348583877995643
"yastrca01",1983,1,"BOS","AL",380,10,0.0263157894736842
"yastrmi01",2019,1,"SFN","NL",371,21,0.0566037735849057
"yastrmi01",2021,1,"SFN","NL",468,25,0.0534188034188034
"yastrmi01",2022,1,"SFN","NL",485,17,0.0350515463917526
"yastrmi01",2023,1,"SFN","NL",330,15,0.0454545454545455
"yastrmi01",2024,1,"SFN","NL",428,18,0.0420560747663551
"yastrmi01",2025,1,"SFN","NL",321,8,0.0249221183800623
"yeagest01",1974,1,"LAN","NL",316,12,0.0379746835443038
"yeagest01",1975,1,"LAN","NL",452,12,0.0265486725663717
"yeagest01",1976,1,"LAN","NL",359,11,0.0306406685236769
"yeagest01",1977,1,"LAN","NL",387,16,0.041343669250646
"yeagest01",1978,1,"LAN","NL",228,4,0.0175438596491228
"yeagest01",1979,1,"LAN","NL",310,13,0.0419354838709677
"yeagest01",1980,1,"LAN","NL",227,2,0.00881057268722467
"yeagest01",1983,1,"LAN","NL",335,15,0.0447761194029851
"yeldier01",1990,1,"HOU","NL",511,1,0.00195694716242661
"yeldier01",1991,1,"HOU","NL",276,1,0.0036231884057971
"yelicch01",2013,1,"MIA","NL",240,4,0.0166666666666667
"yelicch01",2014,1,"MIA","NL",582,9,0.0154639175257732
"yelicch01",2015,1,"MIA","NL",476,7,0.0147058823529412
"yelicch01",2016,1,"MIA","NL",578,21,0.0363321799307958
"yelicch01",2017,1,"MIA","NL",602,18,0.0299003322259136
"yelicch01",2018,1,"MIL","NL",574,36,0.0627177700348432
"yelicch01",2019,1,"MIL","NL",489,44,0.0899795501022495
"yelicch01",2020,1,"MIL","NL",200,12,0.06
"yelicch01",2021,1,"MIL","NL",399,9,0.0225563909774436
"yelicch01",2022,1,"MIL","NL",575,14,0.0243478260869565
"yelicch01",2023,1,"MIL","NL",550,19,0.0345454545454545
"yelicch01",2024,1,"MIL","NL",270,11,0.0407407407407407
"yelicch01",2025,1,"MIL","NL",573,29,0.0506108202443281
"yepezju01",2022,1,"SLN","NL",253,12,0.0474308300395257
"yepezju01",2024,1,"WAS","NL",226,6,0.0265486725663717
"yoshima02",2023,1,"BOS","AL",537,15,0.0279329608938547
"yoshima02",2024,1,"BOS","AL",378,10,0.0264550264550265
"yostne01",1984,1,"TEX","AL",242,6,0.0247933884297521
"youklke01",2004,1,"BOS","AL",208,7,0.0336538461538461
"youklke01",2006,1,"BOS","AL",569,13,0.0228471001757469
"youklke01",2007,1,"BOS","AL",528,16,0.0303030303030303
"youklke01",2008,1,"BOS","AL",538,29,0.0539033457249071
"youklke01",2009,1,"BOS","AL",491,27,0.054989816700611
"youklke01",2010,1,"BOS","AL",362,19,0.0524861878453039
"youklke01",2011,1,"BOS","AL",431,17,0.0394431554524362
"youklke01",2012,2,"CHA","AL",292,15,0.0513698630136986
"youngch04",2007,1,"ARI","NL",569,32,0.0562390158172232
"youngch04",2008,1,"ARI","NL",625,22,0.0352
"youngch04",2009,1,"ARI","NL",433,15,0.0346420323325635
"youngch04",2010,1,"ARI","NL",584,27,0.0462328767123288
"youngch04",2011,1,"ARI","NL",567,20,0.0352733686067019
"youngch04",2012,1,"ARI","NL",325,14,0.0430769230769231
"youngch04",2013,1,"OAK","AL",335,12,0.0358208955223881
"youngch04",2014,1,"NYN","NL",254,8,0.031496062992126
"youngch04",2015,1,"NYA","AL",318,14,0.0440251572327044
"youngch04",2016,1,"BOS","AL",203,9,0.0443349753694581
"youngch04",2017,1,"BOS","AL",243,7,0.0288065843621399
"youngco01",2025,1,"SEA","AL",223,4,0.0179372197309417
"youngde03",2007,1,"TBA","AL",645,13,0.0201550387596899
"youngde03",2008,1,"MIN","AL",575,10,0.0173913043478261
"youngde03",2009,1,"MIN","AL",395,12,0.030379746835443
"youngde03",2010,1,"MIN","AL",570,21,0.0368421052631579
"youngde03",2011,1,"MIN","AL",305,4,0.0131147540983607
"youngde03",2012,1,"DET","AL",574,18,0.0313588850174216
"youngde03",2013,1,"PHI","NL",272,8,0.0294117647058824
"youngde03",2014,1,"BAL","AL",242,7,0.0289256198347107
"youngde04",2009,1,"PIT","NL",354,7,0.019774011299435
"youngdm01",1997,1,"SLN","NL",333,5,0.015015015015015
"youngdm01",1998,1,"CIN","NL",536,14,0.0261194029850746
"youngdm01",1999,1,"CIN","NL",373,14,0.0375335120643432
"youngdm01",2000,1,"CIN","NL",548,18,0.0328467153284672
"youngdm01",2001,1,"CIN","NL",540,21,0.0388888888888889
"youngdm01",2002,1,"DET","AL",201,7,0.0348258706467662
"youngdm01",2003,1,"DET","AL",562,29,0.0516014234875445
"youngdm01",2004,1,"DET","AL",389,18,0.0462724935732648
"youngdm01",2005,1,"DET","AL",469,21,0.0447761194029851
"youngdm01",2007,1,"WAS","NL",460,13,0.0282608695652174
"younger01",1993,1,"COL","NL",490,3,0.00612244897959184
"younger01",1994,1,"COL","NL",228,7,0.0307017543859649
"younger01",1995,1,"COL","NL",366,6,0.0163934426229508
"younger01",1996,1,"COL","NL",568,8,0.0140845070422535
"younger01",1997,1,"COL","NL",468,6,0.0128205128205128
"younger01",1998,1,"LAN","NL",452,8,0.0176991150442478
"younger01",1999,1,"LAN","NL",456,2,0.0043859649122807
"younger01",2000,1,"CHN","NL",607,6,0.00988467874794069
"younger01",2001,1,"CHN","NL",603,6,0.0099502487562189
"younger01",2002,1,"MIL","NL",496,3,0.00604838709677419
"younger01",2003,1,"MIL","NL",404,15,0.0371287128712871
"younger01",2004,1,"TEX","AL",344,1,0.00290697674418605
"younger02",1996,1,"OAK","AL",462,19,0.0411255411255411
"younger03",2013,2,"NYN","NL",374,1,0.00267379679144385
"younger03",2014,1,"NYN","NL",280,1,0.00357142857142857
"youngge02",1987,1,"HOU","NL",274,1,0.00364963503649635
"youngja03",2024,1,"WAS","NL",468,3,0.00641025641025641
"youngja03",2025,1,"WAS","NL",324,2,0.00617283950617284
"youngjo02",1978,1,"NYN","NL",266,7,0.0263157894736842
"youngjo02",1979,1,"NYN","NL",590,16,0.0271186440677966
"youngjo02",1980,1,"NYN","NL",514,8,0.0155642023346303
"youngjo02",1982,1,"NYN","NL",202,3,0.0148514851485149
"youngjo02",1983,1,"SFN","NL",373,17,0.0455764075067024
"youngjo02",1984,1,"SFN","NL",469,10,0.0213219616204691
"youngjo02",1985,1,"SFN","NL",230,4,0.0173913043478261
"youngke01",1993,1,"PIT","NL",449,6,0.0133630289532294
"youngke01",1997,1,"PIT","NL",333,18,0.0540540540540541
"youngke01",1998,1,"PIT","NL",592,27,0.0456081081081081
"youngke01",1999,1,"PIT","NL",584,26,0.0445205479452055
"youngke01",2000,1,"PIT","NL",496,20,0.0403225806451613
"youngke01",2001,1,"PIT","NL",449,14,0.0311804008908686
"youngke01",2002,1,"PIT","NL",468,16,0.0341880341880342
"youngmi01",1984,1,"BAL","AL",401,17,0.0423940149625935
"youngmi01",1985,1,"BAL","AL",450,28,0.0622222222222222
"youngmi01",1986,1,"BAL","AL",369,9,0.024390243902439
"youngmi01",1987,1,"BAL","AL",363,16,0.0440771349862259
"youngmi02",2001,1,"TEX","AL",386,11,0.0284974093264249
"youngmi02",2002,1,"TEX","AL",573,9,0.0157068062827225
"youngmi02",2003,1,"TEX","AL",666,14,0.021021021021021
"youngmi02",2004,1,"TEX","AL",690,22,0.0318840579710145
"youngmi02",2005,1,"TEX","AL",668,24,0.0359281437125748
"youngmi02",2006,1,"TEX","AL",691,14,0.020260492040521
"youngmi02",2007,1,"TEX","AL",639,9,0.0140845070422535
"youngmi02",2008,1,"TEX","AL",645,12,0.0186046511627907
"youngmi02",2009,1,"TEX","AL",541,22,0.0406654343807763
"youngmi02",2010,1,"TEX","AL",656,21,0.0320121951219512
"youngmi02",2011,1,"TEX","AL",631,11,0.01743264659271
"youngmi02",2012,1,"TEX","AL",611,8,0.0130932896890344
"youngmi02",2013,1,"PHI","NL",468,8,0.0170940170940171
"yountro01",1974,1,"ML4","AL",344,3,0.00872093023255814
"yountro01",1975,1,"ML4","AL",558,8,0.014336917562724
"yountro01",1976,1,"ML4","AL",638,2,0.00313479623824451
"yountro01",1977,1,"ML4","AL",605,4,0.00661157024793388
"yountro01",1978,1,"ML4","AL",502,9,0.0179282868525896
"yountro01",1979,1,"ML4","AL",577,8,0.0138648180242634
"yountro01",1980,1,"ML4","AL",611,23,0.0376432078559738
"yountro01",1981,1,"ML4","AL",377,10,0.026525198938992
"yountro01",1982,1,"ML4","AL",635,29,0.0456692913385827
"yountro01",1983,1,"ML4","AL",578,17,0.0294117647058824
"yountro01",1984,1,"ML4","AL",624,16,0.0256410256410256
"yountro01",1985,1,"ML4","AL",466,15,0.0321888412017167
"yountro01",1986,1,"ML4","AL",522,9,0.0172413793103448
"yountro01",1987,1,"ML4","AL",635,21,0.0330708661417323
"yountro01",1988,1,"ML4","AL",621,13,0.0209339774557166
"yountro01",1989,1,"ML4","AL",614,21,0.0342019543973941
"yountro01",1990,1,"ML4","AL",587,17,0.0289608177172061
"yountro01",1991,1,"ML4","AL",503,10,0.0198807157057654
"yountro01",1992,1,"ML4","AL",557,8,0.0143626570915619
"yountro01",1993,1,"ML4","AL",454,8,0.0176211453744493
"zaungr01",1998,1,"FLO","NL",298,5,0.0167785234899329
"zaungr01",2000,1,"KCA","AL",234,7,0.0299145299145299
"zaungr01",2004,1,"TOR","AL",338,6,0.0177514792899408
"zaungr01",2005,1,"TOR","AL",434,11,0.0253456221198157
"zaungr01",2006,1,"TOR","AL",290,12,0.0413793103448276
"zaungr01",2007,1,"TOR","AL",331,10,0.0302114803625378
"zaungr01",2008,1,"TOR","AL",245,6,0.0244897959183673
"zeileto01",1990,1,"SLN","NL",495,15,0.0303030303030303
"zeileto01",1991,1,"SLN","NL",565,11,0.0194690265486726
"zeileto01",1992,1,"SLN","NL",439,7,0.0159453302961276
"zeileto01",1993,1,"SLN","NL",571,17,0.0297723292469352
"zeileto01",1994,1,"SLN","NL",415,19,0.0457831325301205
"zeileto01",1995,2,"CHN","NL",299,9,0.0301003344481605
"zeileto01",1996,1,"PHI","NL",500,20,0.04
"zeileto01",1997,1,"LAN","NL",575,31,0.0539130434782609
"zeileto01",1998,2,"FLO","NL",234,6,0.0256410256410256
"zeileto01",1999,1,"TEX","AL",588,24,0.0408163265306122
"zeileto01",2000,1,"NYN","NL",544,22,0.0404411764705882
"zeileto01",2001,1,"NYN","NL",531,10,0.0188323917137476
"zeileto01",2002,1,"COL","NL",506,18,0.0355731225296443
"zeileto01",2004,1,"NYN","NL",348,9,0.0258620689655172
"zimmebr01",2017,1,"CLE","AL",299,8,0.0267558528428094
"zimmebr01",2021,1,"CLE","AL",299,8,0.0267558528428094
"zimmery01",2006,1,"WAS","NL",614,20,0.0325732899022801
"zimmery01",2007,1,"WAS","NL",653,24,0.0367534456355283
"zimmery01",2008,1,"WAS","NL",428,14,0.0327102803738318
"zimmery01",2009,1,"WAS","NL",610,33,0.0540983606557377
"zimmery01",2010,1,"WAS","NL",525,25,0.0476190476190476
"zimmery01",2011,1,"WAS","NL",395,12,0.030379746835443
"zimmery01",2012,1,"WAS","NL",578,25,0.0432525951557093
"zimmery01",2013,1,"WAS","NL",568,26,0.0457746478873239
"zimmery01",2014,1,"WAS","NL",214,5,0.0233644859813084
"zimmery01",2015,1,"WAS","NL",346,16,0.046242774566474
"zimmery01",2016,1,"WAS","NL",427,15,0.0351288056206089
"zimmery01",2017,1,"WAS","NL",524,36,0.0687022900763359
"zimmery01",2018,1,"WAS","NL",288,13,0.0451388888888889
"zimmery01",2021,1,"WAS","NL",255,14,0.0549019607843137
"ziskri01",1973,1,"PIT","NL",333,10,0.03003003003003
"ziskri01",1974,1,"PIT","NL",536,17,0.0317164179104478
"ziskri01",1975,1,"PIT","NL",504,20,0.0396825396825397
"ziskri01",1976,1,"PIT","NL",581,21,0.036144578313253
"ziskri01",1977,1,"CHA","AL",531,30,0.0564971751412429
"ziskri01",1978,1,"TEX","AL",511,22,0.0430528375733855
"ziskri01",1979,1,"TEX","AL",503,18,0.0357852882703777
"ziskri01",1980,1,"TEX","AL",448,19,0.0424107142857143
"ziskri01",1981,1,"SEA","AL",357,16,0.0448179271708683
"ziskri01",1982,1,"SEA","AL",503,21,0.0417495029821074
"ziskri01",1983,1,"SEA","AL",285,12,0.0421052631578947
"zobribe01",2009,1,"TBA","AL",501,27,0.0538922155688623
"zobribe01",2010,1,"TBA","AL",541,10,0.0184842883548983
"zobribe01",2011,1,"TBA","AL",588,20,0.0340136054421769
"zobribe01",2012,1,"TBA","AL",560,20,0.0357142857142857
"zobribe01",2013,1,"TBA","AL",612,12,0.0196078431372549
"zobribe01",2014,1,"TBA","AL",570,10,0.0175438596491228
"zobribe01",2015,1,"OAK","AL",235,6,0.025531914893617
"zobribe01",2015,2,"KCA","AL",232,7,0.0301724137931034
"zobribe01",2016,1,"CHN","NL",523,18,0.0344168260038241
"zobribe01",2017,1,"CHN","NL",435,12,0.0275862068965517
"zobribe01",2018,1,"CHN","NL",455,9,0.0197802197802198
"zuninmi01",2014,1,"SEA","AL",438,22,0.0502283105022831
"zuninmi01",2015,1,"SEA","AL",350,11,0.0314285714285714
"zuninmi01",2017,1,"SEA","AL",387,25,0.0645994832041344
"zuninmi01",2018,1,"SEA","AL",373,20,0.0536193029490617
"zuninmi01",2019,1,"TBA","AL",266,9,0.0338345864661654
"zuninmi01",2021,1,"TBA","AL",333,33,0.0990990990990991
"zupcibo01",1992,1,"BOS","AL",392,3,0.0076530612244898
"zupcibo01",1993,1,"BOS","AL",286,2,0.00699300699300699
