"draw","clay_basement","clay_first_floor"
1,3.66386001288207,2.33498843259684
2,1.49267827390701,5.66130328879307
3,8.65833671580577,1.74485933801818
4,2.45895965869621,8.58151034958672
5,65.0259926972651,45.4131895040075
6,11.9253853238254,17.2263493642729
7,20.2138634820431,2.03594370092393
8,3.9529587906158,24.2828138223279
9,2.9820866606682,4.66401875560148
10,3.81819291127704,5.18864972431427
11,15.3094032402841,3.35723229880777
12,3.39358816915004,1.71721013606393
13,4.00893661000279,4.07644184286442
14,3.8022932716073,1.11083971629688
15,23.3557696500141,3.52170161203199
16,6.65843892917817,3.40610222989932
17,31.7021520510209,5.15638225032096
18,4.45216990153613,1.53826040406143
19,3.81393910033855,22.7893096583802
20,3.22153245723932,8.88706388410098
21,7.99956852057459,31.1978077146847
22,11.0049935022595,4.33293783481553
23,6.62576516890274,2.06181245135659
24,6.63873284762713,5.56566069832807
25,3.29968413482197,1.26114436271534
26,10.0689156900833,12.0975755629694
27,9.65156462068543,3.60392219432655
28,6.69409808397339,5.49119674090628
29,2.72966507692243,9.31441487535055
30,5.49202913209706,2.21402646611756
31,2.1195170126695,1.4305920317662
32,3.46534113679534,2.31416870382112
33,5.41894344822505,8.01056709330769
34,2.42996670804129,13.0188788256863
35,6.27781630528757,5.30333577043334
36,13.2050378217481,11.3028958404331
37,25.5989731717785,3.23808118518158
38,23.3296506347466,2.38481290288969
39,2.23896711946156,3.63485285525828
40,12.0383924946059,15.8574927358084
41,13.4299308787319,0.84225139918805
42,3.38524444502286,4.30721203525572
43,3.32732740009016,3.98757353574837
44,3.81696404037261,21.3670143713563
45,3.80310973653594,13.6027642929931
46,54.6213508670894,9.63186816925243
47,7.30952227620123,3.1724815694939
48,17.4972627952505,2.83945992806863
49,9.39960708835745,3.35989947459173
50,12.375190343138,6.49543674567313
51,5.16665614976327,36.2541878139654
52,1.91595003285339,5.6181315930053
53,10.8873027040323,0.658147301074045
54,5.03296938241253,7.01502284394125
55,9.7221749558265,4.62905774323716
56,12.8153088106405,3.094321346206
57,6.0602294803902,3.35827892887287
58,1.9543482264986,13.6236372463019
59,2.94686407294576,0.470064231900077
60,2.46271684082991,6.92010904741008
61,8.41584442058082,6.03897706793506
62,5.40750816067221,4.52368549602724
63,7.75529969670003,1.95690625570951
64,7.72840076926067,2.07317100769632
65,5.67778738749509,2.78663517901313
66,3.74999241813949,7.35203470736753
67,8.56432552098398,4.61349648550543
68,8.29431801537463,4.4463802357851
69,4.62357520782894,7.74139805335712
70,5.5544933467886,8.83631911438473
71,15.2592153293112,1.15374207316272
72,5.26315794392516,6.16599948139305
73,7.28243235327505,7.54759655532422
74,9.46342258360908,6.53838920453029
75,7.43640805500648,3.76188037288498
76,8.26588955090492,2.73451229244356
77,4.69155895302671,2.69228171915376
78,7.49529456669518,7.28880290603034
79,3.24310412907399,11.6012990806395
80,19.4188924255616,2.08691404890441
81,8.18734296310541,3.72354405144404
82,12.8163051236321,9.67302334544442
83,17.2082806422094,7.2547891418864
84,3.08550501288135,10.4834957185248
85,4.47376898643881,16.1068447894596
86,17.9674988518507,17.73777615853
87,27.2578108167362,4.80937998425868
88,3.15321924453187,3.5697288041383
89,6.72641456984591,5.41096450480608
90,6.24752139033344,4.22507234379054
91,9.54902600984795,2.23799306095849
92,5.7242589487857,4.31231183274181
93,10.9376564367466,6.18916101392946
94,4.41459774654741,2.10076730542304
95,10.625146216293,14.6249935105904
96,8.25354963262525,16.0443830591793
97,9.53224292415097,3.22934812790584
98,4.77818872356824,1.37788109658155
99,1.5157634088971,2.99034656476602
100,4.03842469847277,31.4584097871009
101,3.58457439416933,12.5648351945344
102,9.58505346731357,0.906510590595199
103,1.77740914697648,3.75488589949391
104,9.76559097067905,7.29125444008084
105,2.84519457357367,3.70751347389975
106,12.3813249810545,5.87737047694508
107,8.21343871755376,4.95295104347656
108,12.179209506692,11.4421499606446
109,5.06254085573825,1.30822423514988
110,6.36865974838995,5.16891115160263
111,8.09692156465673,5.35064830879107
112,2.14483600447232,6.07136118953471
113,4.06386829643049,5.08450751360369
114,3.2585491973509,5.08581432477817
115,5.71158381498987,5.77172228379384
116,2.05254614774872,1.4922805873075
117,138.238877768515,2.74804802870073
118,2.50556779217646,3.44080565782437
119,13.4555535681556,8.98328048173041
120,8.45494839252491,2.63439837679317
121,3.15013240415225,3.85664110761541
122,8.34441703542116,7.14167124751807
123,7.44602594683596,2.4132727759991
124,6.63385175956415,8.10492632933606
125,25.8668509076299,2.4754980502155
126,17.9657352872923,2.70793288640549
127,2.1317173822705,3.50626242054278
128,7.19147183755125,1.68315219315653
129,10.3676974450953,5.97909456053458
130,2.11383408531874,4.7830267682501
131,13.1265718463589,6.27473548214591
132,5.13244360752463,3.25994646150491
133,1.42379375372104,2.65201027519256
134,14.323023482996,7.71671151565635
135,2.97901036923518,0.802204280108115
136,10.4558888935979,11.8356460567109
137,1.28810483881034,31.9087647603814
138,9.0842067771419,2.30868988179701
139,21.1403299273466,2.55692103268892
140,21.1958156328705,47.2156795799766
141,1.48578710369891,16.3541898382055
142,6.30638407394516,10.1091864778052
143,17.2710361524425,5.93064242173247
144,10.440045634082,1.06360158565133
145,42.7662030517066,16.9992926022116
146,7.99365210959603,14.1314620815955
147,7.66912639080953,8.11544221078657
148,10.3375908225867,3.10252295609395
149,6.9574829658538,1.57893558040794
150,30.9765766374284,7.77635640760362
151,3.59403965044749,5.51467927052366
152,3.37305279341458,8.43825700508675
153,9.49024951382968,4.98213294212163
154,40.3240242072947,1.65843186108424
155,5.51934481933536,0.923354921206556
156,5.25062377042764,4.02532797854825
157,2.66793237010953,4.2313941001921
158,6.28420535437609,8.28500093409296
159,5.0984053324353,7.91891023080825
160,1.08153421485757,2.25020858134969
161,17.0660144189607,4.51211930641028
162,14.3354924508768,8.6772172724325
163,40.519361117255,6.33559802837543
164,3.9894263736987,3.26578887513065
165,3.22528265174646,4.13432853852299
166,11.298144677775,11.7260299433827
167,12.7821063106645,4.13655333942487
168,5.64435129831664,2.21448137957434
169,17.3063258351745,2.15209996246337
170,10.5171320968084,3.73342346898499
171,6.57388240741343,3.83626394895899
172,14.6284410557296,1.7036117923196
173,8.67075373502333,7.45155282538741
174,4.80314069366639,2.75638863347325
175,32.5149448244625,3.89972970723064
176,9.68100857328396,9.246466167381
177,9.20221217452964,2.34702679545829
178,5.54444846093177,4.74413881771799
179,6.82035432762241,1.02770315434453
180,10.9122933154327,4.92010678610432
181,5.79265241121883,0.434789674456833
182,5.74260207832685,1.80341885329837
183,4.98497586331902,3.08659222614571
184,7.0247240023974,4.89535096345125
185,2.63948482556933,10.9411565946229
186,12.636839682602,3.61823134805962
187,3.68372484500375,8.2803230500121
188,11.5610690473573,5.29332585743741
189,9.20458106301421,11.8087438176724
190,14.4908625179846,7.17842492843348
191,27.8645148241939,8.61835971389276
192,13.5010686189941,0.117715532632872
193,7.05355001621347,13.6402047297223
194,12.3864394723378,1.92415465586081
195,9.6779901848473,10.2757900118115
196,8.07696781986604,1.33438350660168
197,12.4002409997267,6.82815003777355
198,2.68417412614093,2.16292350912001
199,6.75724657729612,7.23367033499498
200,9.31725022025411,4.07942052447314
201,3.17835121567965,4.11417547046593
202,13.0854524439571,4.93016110180118
203,1.04605096421192,12.3202299044631
204,4.90805391902143,4.31248009076638
205,8.79815223129948,9.57811011353955
206,4.73799985979843,3.78693624241519
207,2.94746075074737,1.10969864640496
208,16.2146334576032,2.175640557225
209,4.7841722006568,6.05553534953919
210,24.3796994533265,5.89225465272319
211,12.6746265875668,6.7396150610134
212,3.22359899948363,4.93718440274936
213,4.99193078649426,0.205908242362215
214,3.50842619974023,2.7840363165521
215,6.65494084157911,4.67314024013035
216,0.916155833656694,4.59824836408765
217,15.7402698370415,1.1237838149226
218,1.95724364247358,3.74216457698031
219,4.33820824971923,11.7000840879913
220,8.49328383186524,6.65412716566054
221,7.23264536251189,24.1507945597761
222,2.84222613168032,5.12440850185188
223,4.5990015011922,4.70009844956066
224,7.11057254299825,3.26349298185253
225,7.91490750435897,6.50218001057115
226,8.27919835665029,3.76231289410687
227,19.7757366466637,4.92172597884659
228,7.05701374775602,5.94510937356312
229,6.13907477430545,3.22566030862352
230,8.98953436966503,4.81559161169634
231,3.64491637997799,16.0245753903861
232,3.74581360932225,6.57987322630847
233,7.93046970963408,7.43227933864914
234,12.3505528389065,2.32789370452988
235,4.54627047572392,3.22896360992176
236,1.13926741962073,5.45479633887487
237,1.98383922285802,0.686463265626008
238,5.84071274939214,3.86709999754184
239,8.57645357924493,4.77414827813331
240,19.7560730780808,3.83664781349511
241,3.46441774215976,4.37132889681486
242,11.6781671670481,1.52638690084669
243,18.0586179269883,1.57735920566174
244,8.22137230119479,15.4273623153927
245,1.69947122816853,4.9267194130544
246,4.02841792830537,6.10344374420001
247,13.3990590087179,7.10732172513395
248,11.3058920218166,3.12477042554117
249,2.69631009931656,2.07294376384803
250,10.5168177649288,5.17445446068221
251,2.32371249483456,2.07406390440227
252,33.2469254583956,2.13283356852923
253,1.70977990728444,3.91282122184285
254,17.4338918796577,2.94675236365003
255,5.6734647478974,9.91479274727837
256,4.87543324123521,13.3981082121814
257,15.0963770996781,9.76997888040314
258,3.22721413632855,2.42244122829262
259,4.24839451336147,8.28791909277717
260,7.84423926174727,8.04665598013974
261,5.1637599770939,5.30418239010713
262,2.58293980807726,5.69787246946342
263,5.16772025263733,9.00093129778914
264,7.99828786834331,6.39616361774803
265,20.4669193209116,7.63563193094681
266,24.5248422000335,11.9015682549059
267,9.2377319380537,5.57979275085127
268,2.2476480456236,26.6218872520236
269,4.40602942653218,5.69833536920084
270,6.78499518636353,9.00375979745032
271,4.64659430924356,4.1815313391722
272,7.43229193589886,12.3293355476271
273,1.51454907076177,6.75643710924904
274,10.3941516960772,5.82145994965702
275,8.55290213157638,7.61203594839387
276,21.1527184976364,6.84625182443284
277,22.3429166345627,5.07601272865961
278,16.7367229452458,4.82626003024284
279,2.44404944996433,7.00769469191339
280,1.42873885213535,12.729666773015
281,12.6731435563271,6.21551371092233
282,15.3622240412588,16.8871932207266
283,3.26603939184593,6.89475172839609
284,3.73953265213284,3.7020357508163
285,14.9361787647034,8.20675156584188
286,6.13901393822014,9.4789232016148
287,6.06080326535897,11.191164606074
288,23.6018528037901,3.79473054371879
289,8.13095573871046,13.0123990192564
290,8.88581097215689,1.86629824251544
291,15.0892381681803,2.04022242864273
292,7.96937559976966,6.22433653794743
293,16.8941198069707,8.50973569782893
294,4.49695995460476,12.4638221684882
295,4.94307484629516,32.3072225399413
296,28.5896406401588,8.63570284731392
297,6.53972915166601,2.24569201534262
298,5.44921102323693,3.12533950820708
299,17.4988039679309,4.59991631697363
300,2.86389109349258,4.42709693062498
301,8.66811738566093,12.8008141374381
302,10.0843218969768,1.92818563370738
303,7.02185857204725,8.16551918671627
304,4.65888450149199,0.262301930320001
305,13.9814812955824,3.02706791663091
306,10.8688497745259,6.34858845999002
307,9.60556652626042,5.30827751071933
308,10.9947501662794,0.729563122981688
309,22.2194048704676,13.9715668891154
310,14.4398397069087,2.71768545387145
311,4.83652934823045,1.8289873422167
312,21.8086612605703,2.51226683550108
313,3.2562672729479,7.69826765974568
314,11.2509391700631,5.02127232735906
315,3.68730980388338,4.21725555199602
316,2.84657187691161,3.30404201174075
317,3.93299709670721,9.71878984575057
318,5.41207918943934,4.42313353022305
319,3.33747925482701,5.28150515148123
320,4.09242312865697,13.6348311908749
321,3.78830731955356,5.01991659471065
322,1.25799728322072,2.09921219264908
323,7.22847658245287,1.53348526123253
324,6.18697637224895,3.82769079967791
325,9.65377967028372,14.3924132693287
326,5.58690997729752,15.1605888508747
327,5.21918021176232,7.58392791141039
328,2.55483453547479,1.64858009101096
329,8.62532681682339,5.79034429005281
330,12.2386761580346,4.50051611738592
331,8.30394168718201,31.2216831070394
332,10.4775999194304,1.66288640683393
333,5.23575067193492,2.43225508658352
334,3.06927901219384,2.67220298492391
335,5.67019667127825,2.53839254233904
336,7.54070484575848,1.60438627247017
337,27.0411108597321,2.25665806994855
338,3.80223862792612,2.7851125988217
339,6.84674175415613,2.38125183789172
340,26.6180818333209,20.0571226807901
341,9.16926121460596,2.20703586594432
342,7.31660827340123,17.6178942963452
343,30.2910599960093,12.2450924867816
344,3.66225195832509,9.64108413524474
345,4.42768542068485,4.84142990535716
346,11.9743755135175,6.31079901636917
347,5.71901757853581,3.66367568918587
348,34.3073731912906,6.20446372783572
349,5.33191033924863,3.52632885723584
350,138.900327200483,1.37562548033152
351,9.1595235064533,4.12154514809062
352,6.44234493509744,14.311298421878
353,4.83555141056137,30.7901871335411
354,6.19822692813865,8.98312264049538
355,1.72090571552071,6.42595635778616
356,6.62832331703798,7.96420158437025
357,2.94900753599657,2.69313194378592
358,3.210739776628,8.33370638330994
359,4.65717355657116,4.1548696625042
360,3.56824709806392,3.81323210689228
361,6.10888370036991,3.08452496648687
362,3.27552645926794,1.00604330679189
363,2.48853141697102,7.581407771623
364,8.96475389419514,2.39369440586548
365,3.22954483476255,1.28179524666734
366,6.79336728244796,1.0501212524591
367,6.36295172033601,2.11110047386774
368,3.06920280267595,7.83900457307727
369,0.647113041479245,4.96144325367478
370,5.0445892218958,4.92916069186193
371,6.85103478846357,1.63079237026912
372,24.4237135297049,2.92015512802323
373,23.7649838034872,14.4115978574264
374,8.36298143053599,19.3201364328026
375,2.51662695609851,12.1925433964637
376,21.9930286890347,5.9789592518554
377,21.831795323175,2.96882186225154
378,12.6857050731749,32.6551544750374
379,4.50201986774124,2.95543676323369
380,2.12073756955046,1.55380448898583
381,10.5691016379126,17.9504206045236
382,7.33879763800445,3.82976091937478
383,6.25923792314491,4.35813018249995
384,2.15126535918288,1.62660753505324
385,2.07895769394933,4.93400021671023
386,2.06483588636107,2.11043036455642
387,3.55406667980064,7.6806404574283
388,9.25266131646758,4.02587261007302
389,3.10657230156093,2.76500732134243
390,4.38796182041457,1.2978212713017
391,2.66813738006018,2.58306804550548
392,4.05935055760365,3.00628411296997
393,5.63702140962394,1.12449870156762
394,23.4900690859823,0.862390249498534
395,1.56760962352347,12.3182536127313
396,7.87459887339514,1.25515389626863
397,18.3422238361363,5.51141072324532
398,5.78594455282045,9.75476078743146
399,7.53860788582031,9.47334792711273
400,3.76055102169215,2.24043618697749
401,3.36508040717842,2.65789931295424
402,9.14996444787934,11.2964221458015
403,2.96678680641697,16.1699991425146
404,8.45793335249926,7.03779775499424
405,11.806109876059,2.1556808004655
406,24.7649868699814,2.06387291273841
407,11.3958122802972,5.32690834711705
408,28.6533874500963,0.630144000836758
409,6.38648052070714,2.94609528842226
410,1.98648952813044,11.606384829511
411,3.80084827205323,1.19198781241353
412,16.8961314891806,5.97058477286348
413,3.54632432720999,0.760725606829526
414,8.51998085902402,4.55560449863215
415,7.19113149012353,3.43498534496837
416,5.12471551167337,3.12793561105152
417,9.27017460767368,6.80847867382923
418,4.0749299062496,1.44104817121155
419,22.386550227746,12.0498507580675
420,2.11230049052829,2.42510573538059
421,8.89324704738459,5.75878055215439
422,13.5804302778372,7.60328618716051
423,4.07614800083802,3.38164203677819
424,10.8132989695426,4.44728906126597
425,16.6769322298796,1.33556107542576
426,42.267898254189,3.13270696639111
427,10.2864679705851,8.2896189013113
428,23.3305351700777,24.6131029867988
429,2.20636885595987,4.65300660054433
430,4.57434169729493,3.47728614062068
431,8.50352759373433,1.64593346431185
432,5.14638734758029,14.4296108584326
433,6.06410728354783,8.35457990730448
434,11.5657629076081,8.24274853580925
435,5.85798619605876,7.90094248501727
436,11.3515020053398,15.1550688411747
437,5.24395049918269,3.95661652005544
438,5.68359908860591,3.98594242797886
439,4.7291331929943,1.24058087643571
440,3.72578376809451,1.92491757801333
441,6.15891981956772,1.94857675592388
442,6.64954960220324,3.28444826689823
443,3.49072849813543,1.61667898446251
444,29.4414282863267,5.45228016842213
445,14.9193502124278,18.1255056332533
446,3.83350998872724,14.5117356022042
447,4.81770908202676,22.4685224021075
448,3.81774314957144,1.94887397237855
449,2.95707255267013,11.8078636252672
450,3.47251698007823,6.61327313007595
451,4.05232239247612,4.59553445139045
452,73.8710932672455,11.4730558855899
453,2.82582815196958,6.69358352350408
454,8.43292651229418,1.07916087779153
455,14.6623961128367,1.71251406073971
456,2.26026493831932,6.59416060643117
457,16.0558587923829,9.01169420378982
458,11.4646671198803,8.23695355146028
459,2.49886999620801,5.03552929568375
460,6.47814098896765,2.58125213607558
461,13.1593761390271,9.18981328743796
462,8.78290322236358,10.7192908999343
463,8.76114047840529,2.65940736502833
464,5.69263906778092,5.4887979543335
465,3.09948525975077,3.64012145521566
466,6.06550735696071,0.925639467641875
467,1.9949329490757,1.43659282493361
468,10.473262483623,6.26501397213195
469,4.91365599363163,45.7988844079956
470,0.412367236438804,2.72860962315511
471,3.10035075611431,1.35474433489922
472,12.8992529497145,4.79512907932668
473,1.51465632661814,5.99962966651025
474,3.80439570246699,2.07470963449447
475,177.916110228609,1.73992361802896
476,6.80151952208768,4.94549358053464
477,1.06139735919548,2.50932462334732
478,6.33978412895075,0.856806113493945
479,1.90075699936547,3.1170020360377
480,20.1328750091949,0.751554724093582
481,1.49786031298068,1.8101424696331
482,2.75656031599354,8.69017102476598
483,2.87404428376282,0.985627240671615
484,1.22725148541981,0.840256769534423
485,15.2459277245485,3.34009970837149
486,6.57621170866111,4.243961824765
487,9.48728127534105,1.52812155737513
488,2.96798116049405,2.81369526008357
489,6.59801716809532,1.61879359346417
490,3.68508470549417,3.1671600612723
491,8.79182389908733,4.90189141249463
492,19.5647418938884,4.72899860282285
493,2.73219595942903,15.764249139091
494,2.87415524633441,3.34711532348938
495,4.21273440525793,2.01514435602687
496,7.57882819758775,6.3070670559505
497,2.41898302426588,3.48033856049664
498,9.38602345450052,3.79481457507311
499,2.98989216533304,2.57894615397321
500,1.71145585149176,6.02489064690297
501,10.4179558980711,3.0165408532745
502,15.9215769474218,1.37429705332691
503,8.33549128469049,5.82819939217803
504,23.7742667291676,4.30799723431842
505,5.85893096686448,0.723363190219581
506,12.1935356719199,17.7187302610728
507,3.07300049789036,17.3738043214862
508,10.9027963587106,1.31042706645943
509,8.83854619978211,2.87612117381534
510,6.74441027886296,8.16007170223449
511,5.58227032141517,10.7793356288524
512,12.4163471479491,11.4377499439873
513,3.19693620034802,7.12982162365573
514,4.71270696532853,10.5943282014963
515,5.02883510466308,5.00275362506157
516,1.72362117900772,1.14629577408416
517,10.257309297318,1.18969215155556
518,1.15708071407303,4.50609350837854
519,14.4294520509004,2.74427286121906
520,3.05956109300017,7.99313823838415
521,7.68455866488828,6.90262143093444
522,7.95913144799565,4.24329178552949
523,2.81500357965622,3.15916983150291
524,19.419413855291,4.97739775214067
525,4.27754660711957,2.2997348943541
526,3.16760395733018,1.814803328989
527,13.8804741007288,4.35782292397707
528,1.59225093527277,4.87993688158658
529,16.60639613989,4.1153599645946
530,8.28997787331282,9.49034465006167
531,3.78228388215722,5.67799774639772
532,2.10853305017212,5.1843010749434
533,2.83836472534924,4.75099840426011
534,40.8654117407337,2.849843737187
535,14.2685713629433,0.184589417182228
536,8.08786973373655,2.90894828197483
537,7.61365265067492,9.72334881106729
538,2.26718411908823,11.5084092826335
539,4.48185468409913,4.04961300564397
540,8.92601850964473,3.16335061217899
541,19.6487335351651,9.76418452269528
542,14.8020501363263,17.4654016142803
543,3.71393632761347,13.4170816232571
544,7.81258024140892,14.3686386353749
545,10.3393530070898,2.57048061838465
546,4.43214768757011,1.70696016258283
547,4.37720221601099,4.17010568740616
548,3.66166249487116,2.5434167735479
549,2.38100392432952,3.25759583795096
550,10.4541857457082,16.2840579347835
551,12.1918612607014,3.26235072264784
552,7.9946869709817,5.23942857307697
553,11.3401921030382,8.44604868391194
554,6.85115134655887,5.04472287817144
555,5.71429406387709,17.7577007874854
556,3.53878052093189,0.885393640911724
557,1.46873901482769,9.61224710446732
558,15.0296428214281,5.08837990276704
559,34.8224582757985,8.43090850851715
560,8.33282530862081,6.02459552020856
561,7.42968975039209,18.9549134194585
562,78.7890169515111,9.35032340492074
563,6.47131639027975,2.8473977876172
564,4.61061665516204,11.9331104798144
565,5.10281152604388,11.7647733542896
566,30.8698471962039,2.76445787623447
567,8.66934724054151,6.9342397660439
568,1.28401526765406,1.88264373573173
569,9.24798492508768,2.35936948357468
570,7.90810933939863,6.370556103464
571,6.56613194553538,11.8849120149726
572,1.72137169168907,12.6626315144383
573,6.84053198899344,1.05953377141896
574,31.3486631165535,3.03421803015866
575,4.03654408081812,6.10707726641577
576,3.04422420282222,15.656132538477
577,10.1853688421235,1.77283473987917
578,3.82302900666553,19.7497499498337
579,35.837224100088,8.42015410303608
580,5.86227249139788,5.81987586469796
581,1.80577111680586,6.17306467763982
582,10.8271767119609,7.71286972864446
583,4.97213590546502,16.7989821260702
584,10.0487927560879,0.981345631959148
585,5.55962971351309,3.6033377735376
586,6.07464825968469,1.63932672455307
587,7.44637581893425,1.82660834126563
588,9.42533593339175,9.01836814032397
589,12.5749731847307,0.31207431191958
590,7.76400388431671,2.85428360919478
591,6.46036435240815,20.0859136698639
592,11.2449278607577,2.71592832014444
593,9.56565518000956,7.67309554496948
594,34.6898906291778,10.329411655096
595,10.1973862064586,38.3362071815763
596,10.6578609237374,2.79945295420475
597,28.1787330652343,10.7204392614241
598,12.7709755814133,2.89109904820997
599,11.8969283217057,4.84386561988171
600,3.49329752034016,18.4254736482526
601,6.34987392844022,5.35902387923005
602,17.1296673331147,0.791083175605729
603,16.3244267923633,6.74446866842812
604,10.8210956789371,3.4699500218875
605,4.06467285215524,2.71936929892284
606,10.6471179369696,2.15079484913654
607,12.8103645666775,11.6884424186479
608,1.66802365693408,3.79791709562754
609,16.5655342213098,2.03728965471855
610,5.65591140082653,2.03326667431276
611,3.68117433777537,2.53049868157756
612,0.608012741709566,1.12102317027333
613,0.998216771560303,10.8177416836944
614,23.8400245519298,3.73321364801994
615,7.10665248337003,3.1520124268952
616,4.0235477726733,2.5268814069367
617,7.33011161095175,1.36998985325538
618,14.1928697354918,2.94618176998116
619,17.2521982894626,4.56644331514269
620,7.17831294453652,2.92087833512891
621,1.85671405107214,2.89254742513748
622,11.5988706285472,2.81810620543464
623,1.71825403322335,14.5364254150194
624,2.18359387046452,2.51574842034635
625,7.95988080995605,12.860703629966
626,4.03054109150586,2.6646888862468
627,13.6852295196629,2.27454959488127
628,6.70677764195616,47.73138532552
629,13.1522147342537,2.31573543913631
630,3.24093165883968,3.86268593027507
631,4.06173249505836,7.5280929232398
632,7.06093449805456,13.8027191444117
633,28.5107262193709,4.93312570774796
634,14.9945189095372,5.8427525297846
635,6.09271684046335,1.49160518429409
636,9.7423939873564,3.73899916985833
637,5.77751542750622,5.134605191642
638,11.7640274367602,5.92759911041329
639,13.8708647786116,7.80958334986374
640,7.18681386725677,4.01987812164621
641,8.05002497020948,3.30298035505537
642,5.76461190854848,1.9753409168035
643,6.52036304563894,5.60501009878326
644,4.59680026374903,2.93791277944233
645,7.33522510350904,25.6990947884288
646,2.30676245522371,4.02364242817551
647,4.52733133122252,5.1866234353309
648,11.6960919925695,6.67442071226901
649,13.5593495996154,1.82829521560996
650,4.42752727546309,1.79411697490232
651,11.3425145263836,4.74737663793994
652,1.93366648490254,9.26752632038458
653,12.034049708171,5.33800218310938
654,18.8625984703222,1.35504447575457
655,6.97743159682482,4.83129981286096
656,5.9461547388308,4.92089764470414
657,4.34522859232425,2.97618139772395
658,4.14003042247047,3.48755720559179
659,4.48851091671029,1.75537996248914
660,3.1290845071194,3.35450256565902
661,12.1514270440447,6.25038405417695
662,16.375794549262,6.25331884342061
663,27.020810431364,6.04187732007301
664,3.35163006494454,4.86998448540159
665,2.69664097692658,8.35324920990196
666,9.232349747252,5.64029155682726
667,2.11793603334914,9.85061630850309
668,3.17691605912885,6.33878981194784
669,19.5110499828174,1.7432334282199
670,1.8589807604643,1.84867514361638
671,2.60590745247039,1.29037354598098
672,4.44893349336228,2.3136517046681
673,1.24284984151026,4.12112969766396
674,3.18642123221644,13.6309209953964
675,8.56929178506959,2.38331694779028
676,4.76652103799913,2.4754527524131
677,5.31905879212724,1.44215515875683
678,4.76370666101037,1.06583075364942
679,10.168318367896,6.08702827774042
680,2.98329280301353,17.5097920726741
681,8.26527075018979,7.7522806889945
682,7.54058487755022,3.22021756397259
683,4.61824574600411,3.71939792786362
684,6.32155483141024,5.82081951201396
685,6.99290554449787,3.12241867340998
686,2.6397482372176,1.67351288083547
687,16.122135051393,1.51066496240253
688,1.99451626216067,4.95877306005702
689,13.0896984036858,3.46250358160406
690,2.43945183742545,9.74278754757936
691,4.85248911511444,12.2103469953082
692,8.00079152622225,17.8481768001255
693,10.0063695856437,2.7868176506208
694,10.6231378237954,0.960544684109269
695,3.52360327463678,4.09336727939658
696,9.83421796299019,4.79347099719358
697,6.77336406623162,3.72445297229059
698,9.02327376984185,9.06033823420744
699,11.8931716170182,1.23325512631559
700,10.325639442235,0.384767616069245
701,29.1481532816264,3.28856649947914
702,8.95991821627857,2.63514158762505
703,16.0362074251077,2.79409647250528
704,5.53221349846936,9.34901534783962
705,12.4516593937059,2.21316226679075
706,19.6615096674558,23.2459853153487
707,49.9877752537409,9.87072458896941
708,7.14712109538179,3.66987694507749
709,6.20943570279031,2.56351224689852
710,10.8292247075607,1.59492589094851
711,3.95990275212973,1.67557073958444
712,12.109195223055,4.335222383579
713,12.7011137182132,27.656551013457
714,11.812359789723,3.71608353781007
715,5.62292877384157,4.6843473190683
716,8.80941908279461,1.25662326823672
717,11.2890580061004,2.25874075240081
718,5.33531779722014,34.8282774570124
719,9.40059955758519,1.63902520539209
720,10.3992449650043,1.07526348079028
721,39.0827841931615,19.8121104717625
722,19.018390211994,17.2591806468833
723,6.44818392336017,1.41875515962328
724,4.95690156683666,2.29524792780959
725,42.5446792967828,2.57097878814333
726,2.67377804206311,3.01820342401794
727,20.2937779981893,28.459667553903
728,15.4513340243358,2.75247080335444
729,3.51221918718103,1.52934596336273
730,10.679660180667,16.627849602927
731,6.87358106306184,19.3747665244739
732,13.8575544186424,4.02359347070648
733,1.40449647184762,7.31924946586627
734,13.7963134469179,1.99875548001365
735,2.54570753408162,2.03090015941893
736,13.3105031214824,17.6742684897346
737,4.79279950075067,5.95473643463237
738,8.32237828241533,5.40682619468736
739,13.302876646852,38.0516511779382
740,7.45207402774133,6.30656866429195
741,4.99101746058695,1.43280781695744
742,6.77810860413644,5.90047852454064
743,14.1406247638301,0.726592829347717
744,10.6852986447479,1.85144509243999
745,2.79018495373431,5.377766803696
746,12.5652576909038,4.04708871902938
747,2.4483049197559,3.55866945974198
748,39.7523565592948,3.53159690640463
749,11.4450004325133,44.1086564744041
750,1.87709545994865,2.93716811899001
751,12.3548869718112,2.28972441890572
752,7.07732329451393,1.72352772257357
753,10.6125742170151,13.7523627712955
754,9.81258122902188,4.60206380507755
755,14.4354276093176,2.65126934770567
756,2.01965840698639,2.20206223531885
757,23.0348030275242,1.37778212461762
758,11.1386708401125,3.24834019315388
759,2.51417207964536,4.25423386189252
760,8.92097564638762,6.33894718666092
761,12.6799450186517,5.94576708133418
762,1.01300972157734,4.74073699252752
763,3.82208476144572,3.01305981341557
764,11.9806839076382,10.5920266023749
765,2.93734996502794,5.2284401249756
766,5.32217376503042,3.40654748394644
767,6.66541887049148,3.62230325242057
768,28.3792845527242,3.47086627635193
769,6.43866790312887,5.4276851617416
770,8.02569832930978,4.35439142043778
771,15.1506355121842,2.54746527072329
772,13.4088578693187,1.77509197920755
773,10.02751434244,25.4947718501376
774,14.2765147865984,9.5857913898535
775,6.4942134352321,15.9001473616129
776,17.7656302039498,4.31761938615591
777,6.08864964709133,3.08702102505044
778,3.20765875863811,5.9924041681481
779,6.7502773261564,1.57321503854616
780,3.86497962877087,4.17045928363896
781,1.90919563769815,6.53869930603881
782,7.94358828321913,6.56576948596653
783,1.8212428248366,0.593691703497769
784,1.68307226385296,4.43530166977308
785,8.11899948317761,19.3297014972278
786,7.02236582675517,2.22397390191731
787,22.4432081927758,13.1141716884102
788,4.10699562878011,4.89646943780203
789,3.9818219706162,0.286104053016848
790,22.4684474946145,5.3895553957025
791,7.16691735085266,40.6267345729103
792,10.238339801372,4.92873033554697
793,0.687367937359475,3.74016655123993
794,27.5587250577409,4.94253375866273
795,11.6635088129465,7.92294639410873
796,18.414527516271,8.7539900454774
797,1.53546545968096,0.993976969054951
798,3.21516924898068,9.99256200805949
799,1.71748723896,36.7938231288723
800,23.3039678923597,1.55315801048178
801,21.4027162430503,4.59055575184862
802,19.046632897613,1.29957887178272
803,10.5526952741432,2.90148978013437
804,6.55377690296699,3.85088743994848
805,20.377174554281,4.28034824896912
806,3.30807012362424,4.70131525113738
807,3.08881367754568,1.95363334876009
808,6.61638108654348,3.84788121407732
809,8.75366562111201,0.698430555579998
810,6.76673558766024,3.7296322394331
811,13.3573980615109,11.5870301446216
812,4.63836274904199,18.0062848718786
813,2.18652650349933,28.3292979137328
814,6.52597490417607,2.02675951913911
815,3.97062924874575,3.04244632501653
816,6.02761715297082,2.90938618647062
817,10.6984200440231,12.6266519639781
818,12.3546278916357,4.15976109326435
819,1.1933646835998,8.11005852220889
820,11.788420454836,1.27879620706713
821,34.8328542131569,16.4035597896342
822,3.17673138280144,3.7480158566164
823,2.79657707464551,2.62595512332606
824,4.26186181181184,1.3905649519975
825,14.2389984847309,3.62227736756613
826,4.32386221794751,9.85323380449353
827,2.83921311234646,3.13689986093358
828,7.67300120751373,19.2763408783427
829,2.43669673181735,1.95318012031203
830,4.46954565661167,15.8174899330758
831,0.883958683858173,8.83645868031945
832,3.39121234331049,9.25225777299215
833,3.69520101566605,7.61072134177001
834,2.09536817528427,20.5965016844125
835,15.6781814600653,4.35956559503911
836,2.59255261443816,4.24925014196037
837,5.1669003811683,2.29398558473708
838,5.29715087561956,5.56296307921969
839,21.6643557032327,3.26685952423993
840,6.49348967184564,2.35185929675617
841,2.07157239138212,3.31105368180762
842,3.99857843262397,2.60416190051743
843,4.43046880789598,2.93138921404916
844,4.36868336808495,4.69314641286799
845,5.74430509892453,19.5188816370019
846,5.24931158067899,1.29937779469676
847,3.49433041625815,3.76161442422224
848,12.1117866313134,4.95918826351001
849,9.3611233528324,12.0329439974686
850,9.92588365274341,0.382679453506537
851,3.09915507929129,2.41571864660085
852,2.13423845723146,1.09420136531298
853,1.97209014261538,5.17767872940543
854,8.06355273521429,5.28238628964751
855,7.0686560677804,1.75661747600478
856,13.0398596159443,7.00156699922046
857,2.25531438812792,1.8901306612751
858,12.7170102361668,4.55716760961805
859,2.32772410234593,3.34375442605458
860,20.5643999944165,3.41874304835742
861,3.92336736715836,1.13702657723936
862,4.11018538729146,2.59065788632377
863,3.22490506606593,5.41945821896613
864,3.87588157201163,2.19404227391597
865,9.00512988124452,15.3953854990839
866,20.9093980653681,1.80505866656684
867,14.3546898591217,2.83222719822245
868,1.46423219853481,11.4279219175206
869,4.18249080748677,7.30232421618729
870,2.02498482303478,3.1722072322585
871,1.07522041935594,8.66066862244207
872,5.66882218090903,7.25891425711929
873,2.92489746229553,1.82419424311196
874,4.9581523838124,7.2901070245633
875,6.09447624955382,12.7724948549197
876,7.73189021429677,3.33310580095193
877,3.84568520290395,2.42772378547112
878,11.4005807456068,4.14826527397651
879,15.2851400654668,25.5786515551295
880,29.7377347563664,30.3162579572936
881,5.90597133417062,3.2856897393481
882,3.34284434360929,1.62437140100964
883,13.9242123101553,5.86616459097648
884,7.06350002380509,9.43341243382597
885,2.08279415453253,3.82264023064987
886,11.8942822387978,4.64658146202634
887,18.691838857909,4.78013456031903
888,16.7563454313281,17.1643245159106
889,6.90946616091629,7.7757811896991
890,3.07947839305407,1.87415068681931
891,6.19188849785862,2.96361993333748
892,4.64593671288079,9.36207475707168
893,25.6706596584738,16.2568352260766
894,10.0481580282203,18.366451478408
895,14.5144974163406,2.26960238152217
896,4.55009219286113,8.71920158339965
897,4.51589876364305,8.80073804325675
898,1.33694244437241,8.587427197858
899,7.04092853999775,4.99426038715521
900,1.63436688026932,5.35635212270016
901,7.14093897253655,4.53013866838448
902,3.41864874887746,5.63522074927036
903,2.70272347133445,7.2969137090407
904,12.509050281283,0.798536829424973
905,23.3277573918279,1.71545208166941
906,5.53786906091057,3.8495594215203
907,5.18377435369121,9.43118060319929
908,21.1590501323966,2.30319340030151
909,10.229647663592,3.82356613038845
910,31.3965652908273,2.257204053274
911,4.46996362055478,6.0825505976491
912,1.96256328070644,1.25773156926281
913,7.02348889763646,1.30345609694475
914,16.5198016243777,2.46012609490096
915,1.79014894979812,0.722264475495939
916,3.40302079112103,50.4372620437101
917,31.608009049963,0.20151677311919
918,1.96664089442722,4.71868825731066
919,6.82980874614237,1.24319654241866
920,3.9099266170665,2.70207616384231
921,10.0010109037406,8.50673262271748
922,5.25182622951661,5.69614190606668
923,10.6941994760919,4.90459345009814
924,5.80967155551851,2.34298420037786
925,18.9020307721754,16.2578102948037
926,2.06084430490211,12.3379893077211
927,12.5289523633496,0.942384303120392
928,1.946928957057,2.79004447144757
929,7.8158777039069,7.54921902787588
930,7.67432757649219,2.06519872064038
931,1.57635313253774,2.90585940307863
932,2.31523453230782,10.4833435985579
933,1.84077074660081,10.1933954322396
934,6.93664740530926,2.27337498954758
935,6.8165409988152,8.18521596878874
936,13.3977060815238,5.21443795096827
937,1.33859368971271,8.16465535915261
938,5.57573641675758,7.26248207355735
939,7.6896287337645,33.5260782522397
940,6.31955752364947,4.50908349392007
941,15.3314783579551,4.6236401163268
942,38.5868345436367,6.29971082246635
943,4.18800671630557,5.72560040543497
944,17.847511464795,8.81839783995134
945,7.20052814657429,2.31403533189366
946,4.11462572085547,6.26974262316224
947,5.82995458705607,19.6031408693963
948,3.62792205057927,3.91106238985689
949,6.96125667206753,22.2216237230454
950,6.8199524247784,10.861254818841
951,1.96055122975092,8.06252838287303
952,16.7943163844805,51.8389645897425
953,4.75386951784617,6.04457529990176
954,4.26890878007011,1.34551669091143
955,2.58152606557246,10.6701903579268
956,3.9890825272217,8.83496945337822
957,7.56884382216892,12.0522384414226
958,4.74808414517441,1.74146629665278
959,18.6802442763272,1.45087362066383
960,1.53694763079036,6.74732182249134
961,7.78032116493282,12.2853206033237
962,3.91576411719263,17.0857988965492
963,5.32859167350023,12.5623045238608
964,13.8302600979982,3.47369360817109
965,11.2210659568699,4.89836952257753
966,2.81586549596472,5.95272507309277
967,13.7291747823745,4.73047052536144
968,16.3889921385212,11.5191594451156
969,16.8468815907843,54.853133652802
970,2.23934431552575,6.41415945593587
971,22.5567404576366,5.89627160890535
972,7.16588479636744,2.31404869125108
973,3.10384098224665,7.26617925359307
974,7.50158705350676,8.49255576690422
975,2.90196104088183,2.74251681503116
976,3.94664712810618,5.91461642033568
977,8.78771944263861,3.78638771307782
978,13.7074677060107,5.85581179300422
979,10.8055001246673,2.32683332818434
980,11.5374245114201,9.78002733912238
981,22.8259338862375,6.1403170537538
982,4.93475480709264,8.41200773569138
983,10.8333370148663,7.33193347365272
984,19.2338261596798,4.0416279431894
985,8.37476085638675,6.00011586137557
986,6.65175849773246,0.219415808459142
987,1.85123351000152,8.34150409433083
988,12.5202021554067,18.7938100839371
989,18.8528916334836,3.20429783988381
990,6.59471748914314,0.58885012515201
991,5.48285742495849,11.5317893820545
992,1.83059407530585,3.57558121038829
993,1.73105897394239,1.97386676470718
994,3.97832749092422,10.5891868210098
995,14.4137453029137,5.83240023111348
996,1.50653834010998,3.22894033558524
997,5.7686997295326,11.4703653539187
998,12.4070858297645,11.1301572849176
999,46.4364225733515,22.4993847166916
1000,3.83538663615599,6.27391314794396
1001,21.275336844051,2.10837108969411
1002,9.24772428653473,0.978478400824035
1003,6.57835049584149,8.01031852494853
1004,21.381923776737,0.960608992705695
1005,4.01866252982392,7.47273967229133
1006,10.2460892029573,4.25185944319338
1007,4.13539623081528,7.14712530912427
1008,25.0116928266334,5.31160085893079
1009,2.55392142039805,1.22660776274437
1010,4.36334399351851,0.870999985747937
1011,4.35891630824286,4.32313835606944
1012,11.7187781071479,5.8558067231771
1013,9.94171403802788,6.37872224622821
1014,8.52379421704467,3.5946023746677
1015,2.49331126307901,6.07893189144499
1016,18.3575267641146,6.30177450982439
1017,3.46389933794344,4.22790961909048
1018,4.16082229109899,6.34031314943146
1019,10.6406718823547,7.41411220388513
1020,6.41002108355814,22.4335887766363
1021,0.998069663134396,1.58275517058356
1022,5.15847992455644,6.42141325851699
1023,22.0760455801689,24.7976616492263
1024,5.89334789456695,6.49216872062501
1025,2.91272847987675,3.11009442709894
1026,7.79056536122907,6.71599559290707
1027,1.54580025602392,8.51780913064498
1028,7.60432051720439,9.38125787785083
1029,8.85934764555697,4.56862319479696
1030,16.3070782474718,4.773917825506
1031,4.55520150741183,5.32416962282452
1032,8.78048035306852,5.46331291752224
1033,6.93359555852636,3.06927743921572
1034,3.55706126322086,1.16744560011711
1035,8.83315348843652,3.31075809601833
1036,1.79137463104902,4.08110311734122
1037,15.2941557247107,2.04201628107696
1038,5.33610884798675,4.44937931757843
1039,80.8397276939509,3.86648796688699
1040,7.12396370144046,2.36504823588038
1041,6.59870913963599,11.6760464191731
1042,2.33563134022811,3.85072593476004
1043,2.94502299088417,2.060939591888
1044,4.2470333027777,2.28222917603331
1045,4.09246915592634,15.869269044883
1046,1.61292949884944,4.93499009677502
1047,0.754289932187092,8.26119439901029
1048,14.7672656669568,4.74701360623792
1049,16.9613688474419,6.06918297907206
1050,4.59187970460929,0.54673571292518
1051,5.21524462278143,1.5835262003969
1052,9.0236661381945,1.9123677491923
1053,4.70099472712059,5.16544314794927
1054,6.06338405724179,3.57457938848892
1055,3.44491921989734,4.8381737868173
1056,9.50435485538571,6.14330758989392
1057,6.53202640003257,3.6431924602179
1058,2.75250399290007,0.799474184158128
1059,5.21470382225684,6.87108587431411
1060,4.25774522113747,7.26494146408269
1061,14.1387044928294,3.8457355428199
1062,8.38662457128581,5.25585043318915
1063,9.62650042679138,7.96669707670695
1064,6.88205268656969,6.72233970601165
1065,4.5562188580073,3.01437954096068
1066,3.15692648420757,2.62900218745249
1067,4.89064255857622,1.68633887622895
1068,2.88325422274905,3.07394416643968
1069,5.45516138479333,4.53827980269439
1070,17.1805380533672,4.00146999963192
1071,3.69088998452817,11.0975112798713
1072,5.25874958410266,12.6083897771874
1073,15.0851383201954,2.67109817181333
1074,1.8482168454979,4.6628881707597
1075,15.2239122782682,7.00518558971125
1076,4.85625027532066,8.62927936611275
1077,4.42002076940104,4.70813435453098
1078,7.20385972625587,6.64800261216504
1079,5.06631186755655,12.4609447786218
1080,20.3343824717006,1.54646977121691
1081,3.87197229849635,1.98457470508739
1082,5.0590511358931,1.80062426919709
1083,12.0063765081143,18.1491669659165
1084,5.52553702261583,17.2971463443603
1085,19.6069774439755,8.14759293327885
1086,1.36429960741121,3.56942063729492
1087,1.04043562449345,2.84977480330291
1088,5.50180332644117,11.5546116830589
1089,8.86961964797817,5.82470193955518
1090,12.8675632017445,6.78293175086217
1091,31.540696777205,4.51476606276812
1092,17.3410155381221,10.1721707024433
1093,5.82374491398679,3.55768098186206
1094,4.78834993687692,1.0271380404718
1095,55.4899634226261,2.26305531977765
1096,7.43554999143876,1.88320373517931
1097,6.81401166851236,18.8274709113841
1098,6.28435505192584,6.66036061096166
1099,4.37801227943479,5.18814802348501
1100,16.696185907368,4.92039815933094
1101,1.50331334132024,12.2966084504732
1102,8.4316675147188,11.1886688876085
1103,7.6962505669944,2.01610153126772
1104,3.69710123578126,4.73303470630227
1105,12.4945845664232,2.87293564205525
1106,2.20058743572018,11.5648072466467
1107,4.85138751385554,3.01482447234871
1108,6.23743415451102,2.17325261795866
1109,10.9959077142405,8.10185416481461
1110,9.53955859282088,5.95075464899751
1111,3.64924616418614,2.99562926462557
1112,3.74832171966567,23.3750744018506
1113,34.5572350783292,3.68343744054691
1114,8.4187452728986,10.6373802088279
1115,42.0181521105049,4.3353923467562
1116,2.86454906228777,3.02360079245468
1117,12.1881444788427,5.42715508726803
1118,2.86312877213315,3.00309403124982
1119,5.23357281742954,1.4708410474107
1120,1.63220351748955,3.99422169290808
1121,3.40050899051098,9.43427050856936
1122,22.0157420771927,2.73106157826221
1123,1.14788212234758,2.36433327008067
1124,7.27392716870497,7.81782370633604
1125,5.10845882807198,15.6065167132039
1126,9.6238459018649,13.4755283775727
1127,5.04261953114162,8.34759344774706
1128,12.2227176946903,1.39750810430215
1129,3.96283837543622,3.57903992392657
1130,8.45800747664134,21.3089567622219
1131,18.9287426885553,2.1546260145518
1132,3.35647331939912,8.84798396114603
1133,6.88176997191439,9.87385492454062
1134,7.62790493168314,2.77609803643065
1135,35.1594351957863,2.45828197926123
1136,3.70353576065744,11.5806124207865
1137,3.06581429104323,2.10802223648306
1138,9.33782720956356,5.66357442455786
1139,2.5219288826758,0.967092236233263
1140,38.165702687641,1.70515209142721
1141,3.80002847390737,4.6747132124266
1142,0.753218293131766,1.98229758312353
1143,14.0310726554948,2.27718769687235
1144,6.27663029618524,3.71112567488991
1145,1.75883750634398,10.2635819960049
1146,2.77668057986279,1.85827486921751
1147,4.83344231889572,4.9626606009178
1148,1.67804173122827,1.90188433815843
1149,18.8496543487102,1.67982716913442
1150,3.92921683270208,6.27905611471251
1151,34.9234395691711,3.60695691979274
1152,6.91740361019964,16.210068806787
1153,10.3821113452978,4.78952780682674
1154,16.7608049497082,34.9856198849691
1155,8.25573597576485,48.5478654130984
1156,7.97256513631273,3.83583491821305
1157,6.39796493880538,59.0220257908315
1158,7.76827822882507,2.09717234973023
1159,13.1076190000689,14.4293497820031
1160,9.52997873726524,3.99368964935613
1161,5.6971479194658,4.88310804792341
1162,7.20443373451772,5.43908980997529
1163,16.1351524709339,5.04718879636787
1164,1.43627627597677,16.2190211083855
1165,3.01167578578621,4.06570939392468
1166,2.84526258774619,3.44200384816541
1167,4.06199209368839,18.1827717392206
1168,14.4348315277681,2.52476660768216
1169,3.03123970749571,13.6284576287062
1170,4.72604881571776,0.667793371482775
1171,3.85892033547154,6.78396776791616
1172,4.20508529859465,2.4532435573776
1173,19.9613578973699,11.4601685298412
1174,1.97581296440194,3.43749809894416
1175,3.77300896669657,10.9711976194986
1176,5.98128401762923,2.95991929592333
1177,1.76179104620311,3.86194470081066
1178,7.99053120370587,3.60230096892953
1179,4.68446479240931,1.71646664868411
1180,10.4749383556647,3.54587627730378
1181,5.43685420436444,1.7601206686272
1182,12.2224075507327,22.3967087169145
1183,8.75960296040241,8.48664577640801
1184,21.2155592143885,6.49506321443988
1185,3.88616023842123,3.50220535866101
1186,11.415267591831,4.99654885632124
1187,24.6695990834348,8.67770472155517
1188,3.96825992905741,0.737785813856371
1189,2.99954113663656,7.73436982681711
1190,8.17549683019201,6.10797293041654
1191,8.54893316693214,13.0126476423059
1192,30.9999285019376,15.1899807657623
1193,1.71096708015539,3.27632151184283
1194,5.43051913306631,2.97334594199015
1195,6.82386243013443,3.65691493651337
1196,6.46810925817941,1.54717913891229
1197,9.4685333651196,8.11116597606316
1198,2.67976106352524,6.49518521843583
1199,19.6067704234965,2.50685349042951
1200,3.80290517869462,19.2812239730404
1201,4.16999925508113,13.7020201006356
1202,2.65620121759773,4.86024925907612
1203,2.27129934951663,2.80129469688975
1204,9.07231607527397,9.23348730177567
1205,7.95311432611874,19.957405679491
1206,2.75462947089488,1.53912053892356
1207,19.5126653052545,8.75306862389897
1208,15.7522684045562,11.8696153542582
1209,8.47915539047516,9.58303747907226
1210,5.1466799048271,9.64007385161184
1211,5.93991192161649,5.77908554369216
1212,5.28665971773468,3.12165356591331
1213,7.95743584610432,7.97573297920326
1214,17.033886181018,10.7179246630918
1215,8.84040644039482,27.0369815916708
1216,1.81437973212221,3.77017188653247
1217,11.4717633415575,6.35836949783752
1218,4.38709195189475,2.50726504245656
1219,5.55655522118417,6.74920625645555
1220,12.5724481407498,5.15881633501823
1221,4.77491985195456,0.837407411458594
1222,2.96683093022244,8.95328065628203
1223,4.17064750158917,11.8002093439213
1224,16.3577490696499,8.80090088632364
1225,26.5632991393862,3.3038276582635
1226,8.91759206163939,4.73559619956221
1227,8.29633349972421,6.83022688417889
1228,5.91705439766807,0.878069187870977
1229,5.88562064200633,6.45213141120553
1230,20.7039455084988,10.8843236963449
1231,7.7929580386155,5.2617674398264
1232,11.3795694860676,26.1429513164927
1233,9.38751376305537,5.90953017783963
1234,3.41684415175323,11.9662820281933
1235,11.5787920126864,0.61249520544129
1236,4.12817274317732,4.29754717187405
1237,2.27187663804696,6.59664926747133
1238,6.79905875208498,2.18364491649735
1239,5.95055802894885,12.1231873506688
1240,1.3700228562283,1.78121138048478
1241,15.2798913590797,20.9361875222111
1242,15.0562754761249,2.16114410048257
1243,9.33816159575305,7.78965695098446
1244,2.14743570756571,4.7823603798984
1245,7.23158185738081,3.78933155828683
1246,3.45212911435388,6.12367258469989
1247,4.49173268003,11.3911645067572
1248,4.88797377053396,5.14082227992747
1249,15.7697868061564,13.8095286512531
1250,0.873818146022753,3.74116504079103
1251,8.05667709957454,10.2270669565768
1252,4.55635637477199,5.7487379407453
1253,2.0742389184498,1.6173685235074
1254,4.58905245942485,3.60299812553525
1255,8.03111038733464,1.67856505394425
1256,9.3029500098761,11.5183953705929
1257,9.5856026581298,2.87712276554381
1258,5.23477363228602,28.8479150132754
1259,6.30397116158296,3.9425644748495
1260,8.25964760375394,5.61601126157315
1261,14.8823168260268,15.6033859847407
1262,4.74080556489755,2.43718131238761
1263,1.9228128298995,7.43438153550975
1264,10.4893847871288,1.61786875697073
1265,3.99945911754188,7.06099200244311
1266,8.06021719981401,1.89885275536314
1267,1.31501623775647,2.03224882925644
1268,8.28358469877536,1.66923754924166
1269,7.05963703009159,9.31649504616264
1270,5.29998622498198,1.59625308625112
1271,4.57833699139573,6.30419518965119
1272,7.32340610266708,1.81057751322203
1273,3.97402741480391,33.94608493113
1274,4.07989463167399,8.72264452549206
1275,22.3958106159388,14.8910439371084
1276,1.55534238589319,1.94010817970718
1277,9.05958730601281,3.20339905442025
1278,4.95610757923223,2.17425510714071
1279,10.1836574043486,5.96189415787935
1280,24.9904714087189,2.12161820820564
1281,3.97009696670996,7.16541367661101
1282,9.30989301494291,11.484577663145
1283,3.40692399273288,1.39802666939831
1284,3.77215935082978,8.61470781121293
1285,4.39959382973718,3.19712645334114
1286,3.55955453318372,2.83218971875887
1287,32.6928751853619,112.60480564155
1288,29.3744771870755,1.37426543684107
1289,6.99643503106669,4.46526283528899
1290,3.60827557134969,26.640838842868
1291,7.40468378402659,3.86273798569681
1292,1.10278499022951,6.94802064363384
1293,3.93870992127958,2.53335931498684
1294,3.02025882290009,0.729745238158096
1295,6.8436401712008,10.0304985705506
1296,4.25353843434037,7.9806030161912
1297,10.6457914927589,1.46963000238681
1298,5.99306912460563,10.9556047849164
1299,4.33681289001113,3.01855396051214
1300,26.8898169414582,5.6237549068261
1301,0.410299151311131,5.76584446159058
1302,2.03616121283541,7.81373867203697
1303,3.55016626852823,44.918041122819
1304,1.86824708452914,14.5114606180581
1305,8.54187261752347,3.37495093665271
1306,7.91078778456305,4.9307302419123
1307,4.3201699331791,2.56784890211009
1308,8.19604456168447,5.39878568263168
1309,7.69165721342437,1.0992397447639
1310,42.40217518751,4.44292796641555
1311,7.56829743555095,4.77860410113067
1312,17.1937192155337,10.0271156104145
1313,8.68046456969834,1.9706335366243
1314,10.3767755014117,0.997546793200934
1315,1.67723015726493,1.33953705322057
1316,1.77760036817159,2.06242906165501
1317,10.5956133829362,3.24536612916564
1318,6.70177768844461,1.65510677333449
1319,5.47460850006521,1.38849642548177
1320,1.72972672152366,4.24201338098591
1321,8.18204219425538,2.3782430570247
1322,13.0669834014809,5.08895060467697
1323,30.7100230574792,2.74278974071342
1324,7.7764369712787,0.702747593898957
1325,15.0893368254747,2.76390357247104
1326,5.1919362861917,13.9310736137447
1327,11.0834551881401,3.21197370104404
1328,10.7268371657648,2.00667147275457
1329,5.23413193298584,6.53198938396141
1330,2.00784902883954,11.0389896261468
1331,44.709871490481,2.25239065906046
1332,7.90577554642036,10.8937048865149
1333,10.5423789578601,3.12894977687429
1334,4.1222281676772,4.47331121530246
1335,2.41796108802009,7.1747808505893
1336,6.67792245822083,2.82033704213067
1337,3.27084032926462,1.97880798113055
1338,12.9499840568285,1.54285776489883
1339,12.2956025110627,15.5164824517582
1340,16.0936026580298,3.71357945172664
1341,8.78168993554321,10.8698418695366
1342,6.42148971704204,11.9054944428803
1343,4.89750381520482,9.82825672584015
1344,4.64408730296218,6.55873207283448
1345,4.18257459686259,5.64926696933791
1346,6.90825507609272,2.57606292592373
1347,3.12110814106308,7.77303574808081
1348,4.49064236573365,5.45140828714362
1349,3.00773054472664,3.65524600498808
1350,36.8989402235075,16.4934412103554
1351,3.86108125684215,8.52541506458555
1352,2.18647910370668,3.03277226620915
1353,7.31977837180488,4.61346235334068
1354,4.80892514744475,2.52807788637819
1355,14.3238457136913,5.35583789736827
1356,15.2153402855306,10.2410727184843
1357,12.8958014373134,2.85964699069237
1358,2.967874771378,0.520718696817083
1359,9.68722389335466,10.155427174153
1360,3.96340316735984,1.71651151065916
1361,4.64866528412172,23.317522940147
1362,4.61661006193976,20.6578076070721
1363,5.83744102817473,4.43327370970723
1364,4.20820889476405,6.99623519032351
1365,14.6182760869964,6.056468341995
1366,2.47747743823519,3.95271530641345
1367,7.9958307089613,3.74645380629017
1368,6.16733097424378,1.9812845915716
1369,21.2884175060538,5.02116879945917
1370,4.09139299883257,4.71165024529233
1371,4.54536069549506,6.02174804568341
1372,1.95915441750529,12.7568983174416
1373,6.91864480455784,5.41457977493287
1374,23.6553202182456,2.29676463565396
1375,8.08869450306627,7.17687858284567
1376,34.8923049305614,2.18432126449179
1377,6.03842685515728,12.1992616251391
1378,3.27729913067274,5.99658132817927
1379,14.5499144130422,3.27270660947466
1380,6.51796930798235,4.05293271353301
1381,4.79063087712462,2.15638453950669
1382,10.8554364271634,4.17098614977236
1383,12.4819138563678,13.7482987235685
1384,8.48034008320411,4.75018209406519
1385,5.24376436312712,3.02051582807506
1386,1.2609067503309,2.88286236674308
1387,5.09844764274168,21.0170653140236
1388,7.3191006327413,5.54435443508883
1389,3.91366355134699,5.02907012348983
1390,1.21827725675092,7.29304103953585
1391,3.56915927130019,30.0924722776591
1392,16.5000719122501,21.1635137046258
1393,6.0627303926213,2.48957756563787
1394,8.20829577004757,2.73998467232708
1395,14.7495131893455,2.92800049105748
1396,9.53338748733027,3.3136207626844
1397,9.13662941122787,6.27146754962757
1398,4.37967126002668,1.55126755573827
1399,31.083398639172,1.47352268668558
1400,0.556773869245767,5.36117838421142
1401,20.8102103875861,3.51534031486569
1402,4.96098280678333,3.99898655785471
1403,6.45678315849327,4.58658972816737
1404,5.64966937003157,10.0968244748645
1405,22.9398816196053,2.49273123085867
1406,3.06944368547179,3.70998635195775
1407,10.2242977801053,5.24847609567423
1408,53.8233782099484,7.43707232138629
1409,8.20644644692012,4.55704056553032
1410,8.6232193921359,1.73058718516387
1411,5.55295702007789,7.85591603558519
1412,5.33931482336034,2.07934006090617
1413,19.1666597496732,14.8257905541737
1414,4.90029338481998,6.37699998536732
1415,3.5239130970086,6.72563289511731
1416,9.94855324416926,2.53282358343451
1417,4.04583059106818,2.61858173124058
1418,3.13957615619922,7.49716706026697
1419,8.56861069187428,3.87802475694839
1420,11.1432196625313,5.25831536703636
1421,3.20190302770993,13.570189874006
1422,7.52540196251134,2.51555742521167
1423,9.18689280339418,1.0098292384307
1424,15.7076787959272,27.6924188634165
1425,7.0123962235587,3.54291413262105
1426,13.37328637887,3.11226277307475
1427,1.73223755500207,2.18648680686371
1428,3.43746050828766,3.12473801531624
1429,11.8928995586979,9.98009939696862
1430,6.92640378856347,7.58317816453433
1431,1.00578538239046,7.02759360881253
1432,6.45907854307721,6.84059209236689
1433,5.14784920765823,3.80010748612811
1434,4.68964499077801,1.99824687299588
1435,6.39868021252475,1.69245401765793
1436,6.11374777663594,3.75430749700352
1437,8.42101460974209,3.43927619990441
1438,14.9939918141392,24.4500298243543
1439,3.67581355151209,7.9727059423977
1440,3.55832681022128,8.71297267715485
1441,15.2370783531523,0.624124195349653
1442,4.4799733740073,8.53830568296174
1443,5.45527941559674,16.715143767978
1444,12.0973437407655,2.4285569567891
1445,12.7596851924414,8.88695972865544
1446,4.60611261654189,1.00845388841746
1447,1.80689630719311,2.96602675806775
1448,3.88003290662941,9.90499982272063
1449,3.47668666179919,2.00823503982721
1450,3.9158334738119,6.96193850939082
1451,6.33541612764405,5.73282780061234
1452,7.81977603822114,10.6589844884984
1453,28.3586451136656,3.524959402535
1454,6.40876136622784,12.5010844846391
1455,5.94994695307637,1.2335134822472
1456,0.975100879038727,7.99647066235763
1457,10.8877222118105,2.45664917791253
1458,10.2576334659619,2.56964502916916
1459,14.0707471918635,6.38796090715241
1460,15.2312918490006,2.04894845431599
1461,10.031397338907,8.39188402124202
1462,1.09710532315601,2.61682850514455
1463,47.8665077947621,0.540361909209549
1464,5.77964183936817,2.38810033255317
1465,9.34761849209042,3.15458005809738
1466,13.8270232801686,1.3347029967997
1467,3.0314478567427,15.6761280323617
1468,27.3079346130311,4.74336809873107
1469,7.43722915131269,7.34210764453217
1470,5.21518958602518,6.79625577392569
1471,7.28531410317278,8.98198155888446
1472,25.5011551165434,8.11190146657056
1473,2.87757178244716,11.9389915531038
1474,2.17025628966146,1.93875178768777
1475,2.45740109203171,2.04923037880534
1476,9.88217940501318,4.20743287693851
1477,3.3941220717862,8.1483429475009
1478,1.94997986716409,1.68254153266377
1479,28.4755099509273,1.39254911530277
1480,11.1832619861576,4.54006083886971
1481,4.62269921937448,0.630359749014897
1482,6.58865053628581,8.634905330849
1483,9.2615603019752,5.49037692713661
1484,9.82294710345837,1.01798592250286
1485,4.74294021740924,1.49704835793073
1486,2.70049561268315,6.14333938694722
1487,2.22875755662557,1.26295071876164
1488,40.7506499832825,2.69404795998411
1489,4.35712652992163,2.13189078410945
1490,16.0003524962094,18.7107735380933
1491,7.14875367160723,5.56251407169878
1492,3.07563870575025,4.22353856251041
1493,1.83287184344099,6.69456283359756
1494,0.557415781983561,1.90452673826115
1495,15.7358110077774,4.53286813569966
1496,6.12885538587464,1.25418051177766
1497,10.149738292211,4.38775236501262
1498,2.3327100721155,2.81156023174498
1499,9.76434305279862,7.6850677699745
1500,15.1458226758429,5.21181387474424
1501,4.13693382346432,2.6774109534593
1502,49.6511554831261,5.47892142964319
1503,35.5436652779521,9.60673373503633
1504,8.3473447069865,9.4739879971437
1505,12.9768476377847,4.78759063542836
1506,8.51435664654464,3.23674527770839
1507,3.60923884640787,22.6301991455778
1508,10.2634732152924,5.66220202561319
1509,21.2358078783538,4.11293950252078
1510,2.77934268671811,3.99569334659185
1511,3.39316653841963,2.87674563709895
1512,2.55188034026114,2.12895643767291
1513,15.1195654702108,2.54325539854677
1514,10.1460917052624,4.73881533952637
1515,12.3542885012938,11.0638778042957
1516,23.5495846218681,3.46546229562097
1517,7.01262579212964,3.42346435738651
1518,4.5355020784341,3.05298602835622
1519,6.00957566296099,2.942851374651
1520,1.35646809584368,11.5637444156517
1521,2.06782397386418,7.66307718645999
1522,6.11071471849998,14.5450413997833
1523,5.10635860475179,4.15110494767554
1524,8.4772883115746,10.970825011592
1525,9.8113035167918,13.5327614266525
1526,4.24032113634043,4.61332594788262
1527,13.2555163169405,8.38076258179957
1528,8.84092122252505,3.50357975211594
1529,4.7903858776641,27.0179236131674
1530,6.60228563432455,15.0100762456083
1531,4.31160452888844,4.03161394559676
1532,1.74455023681921,6.06508609697114
1533,35.236670307098,8.73902631775164
1534,15.7456510194388,16.4855622137898
1535,2.03532433404266,6.74140963681062
1536,3.97727546095356,3.8644473770304
1537,4.51968482187225,11.4929054422293
1538,8.15434557795992,3.30413084927388
1539,25.6883042338099,9.69958684130116
1540,6.66506291247377,14.1896322580419
1541,7.52849477120384,1.42697961813135
1542,11.7702809106216,2.6695534316845
1543,4.58238156167322,9.66685022571848
1544,2.30312924120281,7.13672940641606
1545,29.7160684132703,7.87688642748914
1546,2.98879404519933,27.7306652560818
1547,3.4139023782457,2.59542079162146
1548,3.42891314303086,2.11781458626076
1549,4.45792412823625,1.95740447199019
1550,18.979331521924,2.39252247284388
1551,9.95035799949558,5.26927962923136
1552,5.05478024485025,3.33349795988505
1553,3.22103145969544,1.48651128544963
1554,11.4843121971015,7.64707417221699
1555,3.25566239350684,1.20865374126307
1556,10.1601955289886,10.6941674531224
1557,10.0718680094998,5.33314539900347
1558,8.32026712393086,1.90371798888041
1559,5.32626967915737,9.45560988837599
1560,14.7569972471586,1.80722352148535
1561,1.17821536391711,7.4262866804236
1562,27.557356572323,7.01253636844447
1563,8.65665013259767,6.33087623559737
1564,12.7644994563542,26.7975963128769
1565,2.26560773819258,8.55851489764212
1566,4.17308677550529,4.18703402150755
1567,9.39612657077253,4.98997452601718
1568,5.26010792855902,4.0351795106332
1569,5.54455239710045,0.95138077743554
1570,2.86283850457918,3.17580826341203
1571,12.6620042132887,14.8317320549847
1572,6.35417358403928,8.00777972310624
1573,5.86492971675628,18.704774287185
1574,2.10984750095686,3.32152303691766
1575,1.56315802334909,0.77507785400628
1576,6.65999218517746,2.21339858403556
1577,16.4581873001679,2.86127125970974
1578,28.3181645810079,7.84646895573185
1579,7.5625441972073,21.3379127211802
1580,1.42664879061312,1.90011967690624
1581,4.04569079695905,1.59375742263613
1582,12.1443117609419,2.96826711290363
1583,9.96650566813924,4.43335439277882
1584,5.47454800489481,17.0578249517713
1585,5.01172301104637,2.55037609746793
1586,11.1919745444268,8.18376951895153
1587,10.7757571139454,2.06823553646166
1588,14.4399091185447,1.98519851753995
1589,19.4094820547338,3.90323577912893
1590,20.1801010744743,3.75741509848606
1591,4.03694962105371,0.672590727318056
1592,8.85263567706392,2.18898291642958
1593,29.8036936479499,15.1452284675246
1594,1.00493717927074,0.676303704777198
1595,15.5998957133089,6.71829658362047
1596,10.2476479692318,19.2733429709343
1597,1.66641379648125,3.86420123943551
1598,5.74304980732021,6.61236719686208
1599,7.05301175804749,7.2189981728227
1600,1.06075540853384,0.510555960697297
1601,4.19594094630502,2.8368091799159
1602,10.6252442918804,7.06206327659908
1603,15.6362977316149,1.99486614013741
1604,5.05083821341178,5.14282923443592
1605,25.9781123842015,4.3923504532566
1606,5.61482266518457,1.41456432955983
1607,2.0720671030385,2.18379088823545
1608,7.20554070169128,3.08097393586491
1609,2.94699452900129,3.21553534182997
1610,8.84377221720358,4.15645452699061
1611,6.24779110962391,4.9450276944947
1612,1.01770601760663,7.45189309056343
1613,7.83379034453409,2.79140507075213
1614,8.29824838585707,3.30059247267046
1615,17.1138620040142,5.0975121571951
1616,8.37150437152807,2.43229321302439
1617,5.09381199580538,2.44188269115755
1618,7.26060212851458,15.7593390970132
1619,18.1050053378442,1.57348320752443
1620,6.39586980584214,5.67705027301846
1621,18.6580658951229,8.42813323004195
1622,1.64617639214689,1.27820859278734
1623,6.87008254751608,12.6804379441799
1624,13.4191956419456,5.92844941839324
1625,3.13342148580884,3.72175991060506
1626,22.2603791390562,39.3761039518917
1627,5.41201043039339,10.4190939745083
1628,4.98022749173553,4.04963710671268
1629,6.09234295182886,4.56007241175382
1630,9.74531631155302,7.88077279205211
1631,2.09938709283521,1.21835799082183
1632,6.50376016402436,1.16366390011916
1633,12.1023255253719,1.14862543540752
1634,10.6706651158147,2.67274900309994
1635,6.1243531562988,2.89032888297224
1636,4.60764766398584,1.94377168570373
1637,4.59008620769982,11.577900732655
1638,3.1262761503291,1.6176415917264
1639,8.43463838411188,2.04520338199232
1640,7.70580668414615,4.34701466664007
1641,6.02673835770582,1.6354919581372
1642,4.77253306020227,7.00743970414161
1643,14.8521702210974,4.65924158581068
1644,6.44551428337734,8.02714058420089
1645,8.73079348046903,2.12418777665274
1646,6.43474356878068,3.76980635980581
1647,5.22916738897919,3.05504161911838
1648,6.1671859088808,6.7469772627101
1649,14.3805920213408,5.44804338973316
1650,9.57353194409711,4.49602097546637
1651,3.65229461008641,7.5899417451335
1652,12.6528734697363,2.89064976955474
1653,28.0593571392155,2.16522795954195
1654,19.3274430600138,0.895315486202931
1655,19.3864839955274,4.60682717501904
1656,14.5510226908551,4.36656901326679
1657,18.660776871128,1.89839180291272
1658,21.4189844495994,4.80597380590743
1659,3.44285322054984,4.90907124225126
1660,7.4047238936512,3.64257040907054
1661,3.23758569427382,0.647273101840386
1662,8.94573499890868,6.3462170760713
1663,13.4149922501773,0.632902753475116
1664,8.26729156009055,19.9028316717696
1665,3.55346573074478,2.68472673806078
1666,1.51471076241319,6.82112650518939
1667,7.66836670177307,6.54179220345815
1668,10.7931671298772,2.84767937967001
1669,5.19507265043613,10.7948610353794
1670,1.76544729458713,3.91723521798181
1671,10.9304758275527,5.04887224433719
1672,6.95243778248522,14.9453162727683
1673,5.26274039043411,8.62791094513969
1674,7.75960858605599,1.73285725531
1675,4.2706489055234,6.44411730000362
1676,19.1919059432445,1.91881133708631
1677,14.0414719420951,6.08866368458134
1678,4.22767248421718,2.736047213273
1679,17.7416936799398,2.29179248805539
1680,0.424168600548485,3.18130048289678
1681,6.13198106984108,1.47354546726974
1682,7.02910166582959,6.26700527090123
1683,4.25034461741827,6.26201913828496
1684,8.15043860164329,7.07412255106573
1685,5.97435540789559,0.846996052207967
1686,4.55322347438331,5.93581954981982
1687,2.34284264635391,2.60468130044848
1688,6.72027589528593,8.33105733874399
1689,16.2619666759666,3.81243667385693
1690,7.51626317606593,5.02802595325724
1691,5.28193669570176,7.00570619402129
1692,2.41327711455531,6.51836225861198
1693,28.4626591092666,3.903195734336
1694,4.85382774409563,2.0901968587309
1695,4.95163320935039,1.82329418095602
1696,3.71099909440565,1.45833614819092
1697,4.27514948248904,4.93449389118442
1698,8.04795260665179,10.5989873085349
1699,4.84295037694927,2.00336153862711
1700,10.1737407496618,4.8591862377681
1701,8.25738373203858,2.88975343791605
1702,8.08357424743761,1.4767390441203
1703,31.7057054091881,3.76099162616541
1704,2.32215509242776,6.57786448305603
1705,12.5966431241746,2.82806283829164
1706,5.40849013662836,26.4147252248921
1707,13.3025066701738,8.86797864942405
1708,1.52141877030063,8.99011626943067
1709,9.91866605335796,8.25856697881974
1710,22.1290239775342,6.1350759102141
1711,6.05760535882792,3.5481120714756
1712,8.58864697404564,3.73779892444094
1713,5.20437145560877,2.98910682115436
1714,26.4434964083266,3.05184896469927
1715,7.17490257870473,3.32973483418727
1716,7.42789545840404,8.3080209147674
1717,13.4753895191044,13.5529729121712
1718,6.761551833727,2.56435428316782
1719,3.1340777384201,7.00661438245732
1720,34.4636133698277,7.98149155516545
1721,1.79262569783517,4.5917672101645
1722,8.51935024273194,4.55100371764869
1723,12.4948386221949,2.24805728166498
1724,5.81521791066825,5.02764344685542
1725,6.02448901798126,8.05639170213043
1726,10.7109868200996,1.24602423878202
1727,3.291336664692,24.2871979509581
1728,4.87219695564461,10.4374466924687
1729,0.807884874862214,7.65430755970971
1730,4.65201038631534,4.63957119903597
1731,2.95633410575193,1.62153334144046
1732,5.3615607468539,4.70791739822693
1733,12.7903643539006,4.11909882013239
1734,4.73572389863187,10.9475736671411
1735,5.91369268751189,3.16349330109101
1736,6.25334900644489,4.43674603152191
1737,7.74386737886518,5.39183133645921
1738,4.05261706227882,1.51262847132011
1739,13.2988578541094,19.6622216555693
1740,3.17772942493509,12.1672245841984
1741,6.76927240442331,4.71768401874828
1742,5.03884401618024,1.63718184645525
1743,9.74188462239439,6.3531748478301
1744,8.78935081772598,2.49857530923262
1745,8.1972029110206,2.76667829081093
1746,2.09961846312845,1.49428920150867
1747,36.3116746254338,6.88605364016257
1748,2.75610323862722,25.9646913296228
1749,11.5398943850377,6.98516336056552
1750,5.45614889995574,25.3479203198482
1751,11.5733627823195,2.08982127794665
1752,23.9410654033117,1.65786178970597
1753,2.95421914128241,1.74047252351899
1754,1.07659089902772,0.913126555427476
1755,3.58820660733984,5.25756894509376
1756,2.05213783458957,17.781337549898
1757,9.83601943693643,2.96706589845638
1758,3.38441488946803,2.32772679703518
1759,3.44644162672359,6.5316756851654
1760,5.10496446929775,0.533541355093001
1761,2.72299523190509,6.77487058693576
1762,8.17517241820969,15.4509440665485
1763,3.08280513004646,10.0326350446558
1764,7.85022011352607,5.22669476731764
1765,23.412639062129,3.95630960260931
1766,0.401240277605208,1.66604282881518
1767,10.0433994433525,4.78004763908906
1768,22.3369545356122,3.43933828693802
1769,1.11640609181007,7.26101928916785
1770,1.29524449623226,1.32812971038238
1771,1.24738188633475,3.11252875652784
1772,20.083468270859,11.3466165421757
1773,13.3323762381421,6.7649024067221
1774,10.1596466762406,11.0366732560945
1775,7.97279239346639,3.15199921182864
1776,3.06545359113104,0.683135546354902
1777,2.48950015410448,33.5764634307104
1778,1.96225285430968,1.91307044330253
1779,6.38514544961741,3.20109435469198
1780,19.2896693226169,19.3241846171263
1781,5.14194322160828,2.56642235460543
1782,1.70913785276219,1.53940294030382
1783,11.0140950011273,1.95893697602789
1784,3.88845575284391,10.6875731610091
1785,6.17594129114846,0.847431849023866
1786,0.475078317104179,1.10618428713138
1787,6.05946678577138,13.3653499577559
1788,2.13319879001903,1.03751990030298
1789,7.69852568349305,3.24025610665652
1790,3.34527488820583,13.3193113260298
1791,5.34350301777024,2.80505177545523
1792,9.03490826401653,15.5772363037292
1793,10.0004712703599,1.12366085385891
1794,5.88382596273642,1.3358756109221
1795,10.0037859138941,1.80718224101788
1796,41.2494364457121,4.86306634607073
1797,22.8238394894639,9.92105489772384
1798,2.33227029566116,9.03039332394226
1799,10.7676761761356,6.36403097960071
1800,3.38931526939896,10.8901402561802
1801,4.28311433848956,13.1068613926357
1802,3.64666072249707,4.9887686947936
1803,4.73521323132574,22.6378080568931
1804,6.50369730684948,3.7162499184287
1805,9.46513196299837,3.56674040997865
1806,9.55822526095191,1.95305838851921
1807,13.8119685220943,0.597746863393619
1808,32.501018054965,6.71758773663692
1809,21.1979919314183,9.16912118864454
1810,12.0401793504772,1.5526715567823
1811,4.1584176013624,5.40413465133951
1812,13.6249648141141,3.17395107868137
1813,2.72313456980942,7.26363358181424
1814,3.52189520879603,13.0197399866361
1815,9.69025715511859,8.66803151700143
1816,13.6678395114029,5.15544634551741
1817,4.07512287640198,1.92942395955962
1818,9.30419542196771,5.71813979584061
1819,5.17293320414493,11.1353215460529
1820,19.7576179167009,3.44159305541026
1821,5.99698595210232,5.84787890012048
1822,7.82323846890105,2.98636445388539
1823,1.71635091918375,29.2797745494243
1824,2.34274103197656,1.92714284361269
1825,2.24815910242433,8.58020133425575
1826,19.0354879716408,1.71800601460312
1827,12.6785214156836,4.94146629435367
1828,6.53943488965518,1.95279662793089
1829,2.27517484183168,2.49569375013187
1830,12.8186171009955,17.4460087632229
1831,6.70338374026731,21.1069796322308
1832,7.23450763335285,2.12771979882828
1833,3.59152391424354,1.0355230853007
1834,3.07042051186628,3.61264921209942
1835,17.1447025935651,0.37172725120807
1836,10.2892710883232,2.33500928527345
1837,15.6030663427253,8.50245016068842
1838,6.4662876806766,8.480883238519
1839,8.60162938119567,5.74629556039053
1840,23.230654527707,3.74401708974123
1841,5.13802554616637,1.52188838391792
1842,8.41162662744406,13.4117108812951
1843,1.05784186077804,23.1193546670199
1844,3.09712999571696,4.37884090224073
1845,7.74027365009483,9.83223906091751
1846,5.86233806243813,6.18460912070132
1847,5.67463076364877,3.50691118329084
1848,2.73818604656974,3.96748809243981
1849,16.2655545612521,3.14580484058245
1850,12.9996012943705,0.626612481816236
1851,1.47101217514567,6.45901642465729
1852,5.65750080072047,1.21652501502583
1853,2.05373919064586,2.41081509001462
1854,4.63245633409834,5.9245247289692
1855,0.553866485785425,2.46754787720296
1856,8.74891997020383,1.35539729247062
1857,7.6904381564091,2.46730204681654
1858,3.38312411477178,1.90249332141658
1859,1.68595636964065,3.1069318385022
1860,14.2616911546325,2.70199695690349
1861,4.12848052630965,5.39504006920091
1862,2.74470541666837,27.2997838571205
1863,18.7148166164483,5.90625884956794
1864,8.18938870639835,2.06262431976028
1865,3.80482570696845,3.82913632673474
1866,4.44765328221412,1.91135631876984
1867,1.83897268237749,3.01543601398525
1868,3.9581750670057,1.388071308722
1869,1.39182846511125,5.4349248839766
1870,50.9822548022577,11.6907712944069
1871,8.89600973010258,1.51104405216988
1872,3.84415159082211,10.4669795904875
1873,11.3257143365761,1.71769008945863
1874,9.55170503084899,5.93313959328703
1875,5.00809698161097,7.02757840913791
1876,2.79063866320839,18.5697165988436
1877,4.8603052258034,8.71223318037001
1878,76.4087079127162,8.87292365768887
1879,12.118448753534,11.0443443750287
1880,8.25373407707387,1.90673914879572
1881,5.2950446836813,5.17497406083268
1882,3.69343864423225,15.9862154915259
1883,4.94880910745044,3.09160209049826
1884,3.45154934955365,3.41854045711865
1885,2.8664554523767,9.92949633102504
1886,12.6149370233145,4.47013018415342
1887,5.01448438095511,12.830447742473
1888,3.31966069297104,3.64456651480661
1889,1.11459886867154,5.02596390944055
1890,5.31349548253069,3.74394687812939
1891,3.77948471007591,7.0164639622324
1892,19.6403309266098,16.1339802152144
1893,3.87244956523516,7.34449233536585
1894,11.0310126763437,3.46015006852423
1895,9.56307800872197,4.08922108024025
1896,6.35556646533349,43.5992122393635
1897,12.050198499251,5.03970705097761
1898,3.28187080159683,10.3846628656478
1899,7.37460400082066,5.37043259260699
1900,2.99635007330455,11.1009253905747
1901,18.1480621171966,3.62719897302383
1902,6.95787227549033,5.57134071265666
1903,4.00109254253087,1.1321005658424
1904,2.48296357005307,11.3092499142935
1905,5.85439880515187,1.38759578844048
1906,5.45900387298121,4.01627932731274
1907,2.91064434046951,3.29600011892404
1908,5.503833496373,14.2981062084561
1909,15.2426534462635,5.81591876607861
1910,1.45952924328974,2.01972181205658
1911,5.10995536232802,9.16755057332185
1912,16.5967344163674,3.69307057886322
1913,13.979485806985,1.28402370748715
1914,12.1322537956089,1.422344943568
1915,8.18964954752589,2.19318566392341
1916,6.27190346176872,1.6735977542991
1917,3.95272678835245,5.14773186854719
1918,6.9692702021645,11.1292863862304
1919,18.932104496099,3.47025135883471
1920,1.81630786348093,18.086493177984
1921,12.6415074140588,4.72956989391376
1922,2.08445859167397,1.59894097747142
1923,11.4271861105225,2.92012994933711
1924,8.59484962610243,3.39558604604666
1925,30.388458121953,1.87142531993955
1926,2.74417749444069,1.35297499289272
1927,19.5346847623319,4.30441159837845
1928,23.2312369066042,3.69819024954957
1929,6.0387700473225,6.84115578291337
1930,5.48619206488358,5.1296305980354
1931,6.28673283047975,1.30059226140731
1932,1.11530241518948,15.1090874772729
1933,5.06141077209707,13.3874263141989
1934,7.65765084277488,9.56544488332805
1935,2.91423485388841,1.88043476925753
1936,9.63381783599143,4.5542393054005
1937,4.45948819422389,5.94373141297376
1938,8.8600824875536,2.56391829199854
1939,22.1040963802697,15.8422004310334
1940,1.61555622833585,5.22139151083625
1941,9.92388011872244,1.56065975562043
1942,2.0804179180505,10.3560839810171
1943,2.08266504672408,3.80520425863427
1944,2.26360678692083,4.72507899648684
1945,5.09256765031925,3.72114606555651
1946,23.025314884665,6.66843733967644
1947,17.3534935848127,1.14531460454
1948,2.75071522306941,3.08499498178123
1949,1.49319684487038,3.47986265068148
1950,6.92745995917437,4.39231456313892
1951,11.6561118004927,14.0598910296957
1952,1.45600014865147,1.81478937042758
1953,4.48465220480994,2.80315079482904
1954,13.4881668261637,2.65192604561148
1955,11.8403799093658,2.57262146692304
1956,2.52356751489258,15.99187899277
1957,8.14433683378471,5.31454302623031
1958,5.16388771495049,1.90094400086941
1959,0.618520375932262,5.97188646728367
1960,15.9277433446432,5.32851716032937
1961,3.21802349040722,9.52465654795163
1962,10.0069377467851,6.28702766575898
1963,10.4490238684117,9.68327470563426
1964,9.56568138386095,0.935936974609248
1965,7.64831630953228,8.26891741257254
1966,1.60476635147532,21.8949515498789
1967,1.51350478469948,4.28873583397198
1968,5.96539509155189,2.6094598315757
1969,7.42086686425135,1.09143679577178
1970,8.78687499106584,4.75782131925265
1971,3.40722093924667,7.65482073879303
1972,5.30026230191259,1.71580417832721
1973,3.11179324021236,1.21358377598201
1974,3.96474246358562,2.36113787087849
1975,2.67711699614591,5.89080215192365
1976,2.94150900698279,4.05666244007736
1977,5.1305873729833,1.62578564148444
1978,7.11065678342488,1.80028931278603
1979,2.74122960859016,4.66331748562809
1980,6.19306511347679,21.6285397934135
1981,9.08097723188616,1.50831040811827
1982,5.83445546346323,3.32128781246997
1983,19.9650935842569,1.36404025015782
1984,3.34826079052282,2.33476636010177
1985,3.76499922042896,20.1994677520787
1986,10.2191386256106,4.54141014411099
1987,3.21349637694474,3.28857300449849
1988,4.3926540538141,1.63501348937585
1989,3.44581163547488,4.49610258413367
1990,2.44883926009227,9.52882221261371
1991,3.7083781195064,6.22587008151099
1992,12.4727162514784,2.54277460114139
1993,57.1900713985169,6.36905144562209
1994,16.3687967595476,3.53462960077221
1995,15.8730175917964,1.73241772105806
1996,9.87785140328073,2.71925223742282
1997,21.48096604125,2.95139024268933
1998,9.8889937945437,5.9831408084256
1999,0.654627547972946,0.740510504732288
2000,8.39643680446654,4.49403351385734
2001,4.29797047017134,7.67918191046096
2002,12.6102191787466,7.90140865139
2003,20.4812191690719,9.42016754401965
2004,9.9985281144925,12.0442737052385
2005,7.86348845750105,6.19830494352248
2006,9.12277390428021,8.29454882977494
2007,15.9575115272056,2.21126296091581
2008,13.0708174841451,2.84129666772207
2009,5.84332442832459,7.36778719271838
2010,0.618210902633701,5.62053112504961
2011,9.63853648115256,4.8887064498967
2012,7.08804528488919,2.98922118702714
2013,15.1577248626039,2.73752611888344
2014,10.2188600117719,4.66110652142212
2015,0.956721099717446,2.92040018006072
2016,11.0827176401675,6.63700939299888
2017,25.7004778107695,119.211683779742
2018,9.12196208464405,3.77669156285015
2019,6.32273577167444,2.84659025465974
2020,23.4421990136731,4.89141651204157
2021,6.89014607723187,3.53750258966968
2022,38.452168977345,10.0782443789878
2023,4.59118957752166,2.57664379158022
2024,17.3390629696296,3.88665122422984
2025,4.36571504542227,4.42340232256867
2026,9.53688237311397,2.21234557752982
2027,2.45625740492626,1.26969898626322
2028,3.18813507176125,3.6880629255745
2029,2.61542918883294,2.10180731700195
2030,12.8744991244457,14.4828083060922
2031,3.79288836223539,4.85569804758917
2032,2.34623482405664,7.0247880865714
2033,2.6635150219509,2.44433553022182
2034,7.38614589447194,3.3835263057496
2035,5.80210402747514,2.5817713997347
2036,2.51976245782038,6.53639843466529
2037,55.2123553631144,18.044090132949
2038,14.2357204960746,9.2223631929589
2039,15.6496910305996,3.46206711108997
2040,2.45328244318992,15.5186493655594
2041,3.48733228079733,2.25420267527423
2042,3.66641843388008,3.96141691804461
2043,7.07643001605719,3.92768444411498
2044,6.41236064699434,3.97771728820387
2045,5.51741768890903,2.90051578150137
2046,3.03597779148417,4.53283691918673
2047,9.0705961518389,3.62636778996488
2048,3.25463877548708,5.28303027142803
2049,4.0518362172894,40.802770006368
2050,21.3077566603718,7.37426129173501
2051,11.1914201853968,0.818411685638797
2052,14.546863562132,4.80731114298386
2053,5.72253287517918,17.1940769056289
2054,9.59324905768592,3.96445552105868
2055,5.71841303583772,3.82218120203562
2056,1.98765647403219,7.7063487335179
2057,9.85023824541197,2.95222950018272
2058,18.169287081438,2.53942070890675
2059,4.87141437915784,10.3548767951465
2060,5.5914712681376,22.8148199636362
2061,5.07593601824578,3.40656290015664
2062,14.3074701901436,2.78510474989097
2063,9.27705140803713,4.46213113229393
2064,10.401786847192,1.39873043633258
2065,7.14828402144727,7.47436510758699
2066,7.06780890689044,3.3910690292618
2067,5.81652292717415,6.51537439558973
2068,4.52543231460143,2.1791436083653
2069,6.3820182461362,5.98040050962185
2070,8.16236349597035,2.04147822193064
2071,5.51228080733204,3.14197145431493
2072,42.6719638181078,6.60245807681662
2073,3.59001803344507,6.03226275332901
2074,19.6081616156381,4.20725603472795
2075,2.42644254244281,1.05980780170516
2076,4.25375733031251,9.95514240152077
2077,5.39979833339933,7.60995431533767
2078,4.83996115032897,4.87979430194376
2079,13.3726803192576,14.4331474030526
2080,40.4737467825382,1.33800809323029
2081,2.7553086169267,6.10442190602975
2082,1.51669066169358,6.69486759270544
2083,11.1148171295519,7.32468907951776
2084,17.4099990536194,11.7837220052129
2085,9.203818359669,2.42394253164916
2086,12.8335718930865,9.90958287590495
2087,9.35187878426515,14.2638512982468
2088,5.73977276710939,5.30352308810911
2089,2.67733753474178,5.21078095687641
2090,2.85863178903444,11.5465968278558
2091,6.92509807557712,18.3803973084756
2092,1.35951769656263,8.02702249967399
2093,6.51791894563313,7.51323196481568
2094,5.8071151919079,2.34282573489386
2095,2.19749383219872,8.96041482047237
2096,12.4614689262966,2.45110168297805
2097,8.7172276412393,5.17953153425858
2098,16.1197852701474,1.65273863744394
2099,11.7292942639934,3.11341646739639
2100,17.4478927345721,4.18059495990001
2101,4.9638487442014,1.89720974366904
2102,3.72642692952848,1.42738951645219
2103,1.48004792360222,8.10272717980046
2104,3.11611362617817,4.68405912729848
2105,29.5468590186903,1.65591850472243
2106,20.2936487812719,3.76385128122772
2107,10.5599272191194,7.84620065594733
2108,5.31129151045503,2.79159340199924
2109,6.30327356543182,11.4165391412328
2110,3.28856457728775,14.7568063805091
2111,2.55089888056459,0.790812003905029
2112,5.3102255799545,1.41740930962839
2113,7.76282963043245,8.87551362095268
2114,6.60824006735096,4.86730170160187
2115,7.46358880015401,10.7950317912791
2116,9.39557272946542,1.62218417636793
2117,12.3398664247449,15.7995217239776
2118,5.95278320925535,3.36303983705193
2119,3.91979413304253,7.75549312487131
2120,4.43304380198782,4.55531705361338
2121,16.8674252593957,2.33596602354193
2122,12.9797776140046,2.40121386140452
2123,2.831819231254,3.51128416647025
2124,6.94839274980558,2.42686144023884
2125,12.2348336123799,6.36934306499525
2126,3.34228748378946,1.60274527603826
2127,3.12930897073024,4.53796724829213
2128,16.0722214496818,4.81301752765617
2129,24.7538734447184,20.8629499859957
2130,9.70819467247929,6.68393973184042
2131,8.98679779414294,21.6058919917876
2132,34.0210357408035,12.8094415094182
2133,10.6869589864396,7.27676254990759
2134,2.7066133615436,1.22028006388519
2135,1.38424433886902,28.0897689608911
2136,3.95954582376573,2.30419410817715
2137,5.79307887412546,2.77833644769136
2138,14.0495123953483,3.23476858838018
2139,5.6191369885396,2.81661757396439
2140,7.16318791216559,3.43633715734972
2141,5.5890457479715,1.75625382372854
2142,8.06852479407332,23.5448914586246
2143,10.5552443451296,8.31390914254738
2144,24.2238095891137,1.58865137938902
2145,10.5360392178865,3.08813619214043
2146,2.16459218698005,3.03871016137586
2147,11.3046669345676,0.282475280274392
2148,8.37034314325572,1.64329409168127
2149,17.4634024210995,2.80321803709561
2150,6.00226575620943,10.7200103343064
2151,7.46451817243179,15.375565959054
2152,4.44765479854269,0.931322308663043
2153,16.0584239705837,4.10852462592818
2154,4.53892053118952,6.58571834146818
2155,3.67718486336992,7.82064320709906
2156,6.8220638290369,8.4549828733979
2157,5.28805947782924,7.74617275181371
2158,2.56848987683545,3.46995065861898
2159,7.86876330286389,3.32606011246247
2160,4.86512441589271,13.8940202959895
2161,12.0020366285961,3.32978260459527
2162,15.4570918725172,8.57752048610211
2163,6.21065895172236,5.26470423923444
2164,2.23325549223927,3.1979134809563
2165,5.00365295650915,5.32463346969375
2166,10.938712600779,3.31286584929446
2167,6.53306310224509,2.67606479109741
2168,9.40344848756199,10.6935293684761
2169,2.12421586009668,10.0255755861761
2170,16.2555724959799,0.97362076356187
2171,16.9173912908278,3.31746329360423
2172,33.8248759979028,8.7262029652087
2173,9.69143670528597,5.35751965770474
2174,4.84306499318473,14.435964714685
2175,6.4769353232455,1.5244746596783
2176,7.23589393310128,3.84942738916803
2177,4.78141383249445,4.12488407295785
2178,4.36303046288129,2.12512879523434
2179,5.39158627890902,2.72529358642073
2180,3.43259613666651,2.00557286871694
2181,8.64994197399828,16.3945920057969
2182,10.8943241693958,4.1154295297805
2183,4.01086086908844,5.68409846034616
2184,40.5550119954049,2.4236613264913
2185,11.9350625749336,2.20427953860608
2186,6.43287884808409,3.65682442949915
2187,11.0738820860157,6.26831829297172
2188,2.09390407311452,2.19296767294938
2189,4.32297380170365,2.9750707861901
2190,7.88010468757814,5.18765662066045
2191,18.3872317235707,3.0462454408849
2192,3.5917557290414,10.7929669978948
2193,3.23664740934356,4.28004669725772
2194,12.8188535699545,3.53936059870781
2195,16.2943412696944,0.818451756075332
2196,9.14059499864402,2.76995937243046
2197,5.33979098727727,4.36149534529279
2198,4.79282415394706,1.82238151479743
2199,3.46517862083703,2.63043150329603
2200,2.03345146246606,3.13123901258078
2201,7.35671066076574,2.0848599595479
2202,6.56798894196762,6.56998656424704
2203,4.81727956562708,0.716182049565789
2204,37.2665560737112,4.00919218158023
2205,20.2608750404188,4.53511068270674
2206,6.34337793266585,4.73769161006667
2207,7.47642423398471,0.99568746668948
2208,1.59391460230478,2.82074010597391
2209,2.44061818353111,3.620343007339
2210,2.68714890064031,4.01381090700895
2211,14.707088082677,4.31909382718582
2212,11.0175742365439,35.49992289156
2213,10.1907078952837,2.97124281708167
2214,5.6725686323186,3.73616183016455
2215,5.99519647720789,8.31292320698052
2216,7.38349823341538,2.5191183157624
2217,3.2119236744287,1.73587562212142
2218,8.65412251431033,7.01398067165089
2219,16.1115701977382,6.55370856493142
2220,1.21857661518416,4.69539303333237
2221,38.6097105811613,0.457328187050672
2222,12.7433342790372,4.2045753327831
2223,4.93786679168209,5.61397277972856
2224,10.8323717490978,6.2468567665273
2225,16.0832638836449,6.5377440929427
2226,21.0010341364183,6.4102759027014
2227,16.6773952471773,7.31971206537302
2228,7.74284640375596,1.52509263466563
2229,14.5993547280669,13.1830796991488
2230,3.63310707788952,2.30789129900667
2231,21.2622318661585,6.46479452666334
2232,1.73815676343969,0.412100720293389
2233,4.3357130006089,9.03582591869886
2234,3.69510351167057,4.86177018815181
2235,7.45917057053175,14.4860777717316
2236,4.45509086548948,15.7168969180525
2237,3.17578591632212,7.36575378440876
2238,10.5377417744097,6.80164680325203
2239,29.7786233543313,3.74862452246948
2240,8.36883070506934,6.57478556854231
2241,9.6916302633444,4.49214893426078
2242,3.66717579753088,12.1525042598347
2243,2.14727087421238,1.61621151251526
2244,0.756655646420625,10.8062335357625
2245,9.03838137957201,1.86256554082669
2246,2.01374601711128,2.38282899616951
2247,4.34208778077919,2.91665873769433
2248,4.88999471398675,5.55666977101615
2249,21.4423264941648,3.14050494712422
2250,40.7352768947967,12.190582781715
2251,19.0137212542229,2.63557861627918
2252,5.08265067876116,13.1724498999516
2253,2.15617479575052,7.02926010694328
2254,46.8696674410874,20.393446767049
2255,4.60868276479475,12.4794829988226
2256,5.3693504823794,4.86279235206389
2257,13.5198750037552,3.74226887533001
2258,18.2673007845727,6.45778919899127
2259,5.73321532941395,4.50292545467832
2260,26.8689532451898,5.07137614076044
2261,7.41455754832265,0.7641306078649
2262,17.8054305671008,2.20145676109038
2263,3.97093010553902,2.77607631800244
2264,19.306731564748,5.77921210129372
2265,3.99046310416215,22.1694928057036
2266,5.02255214134238,4.76598212566756
2267,14.8862088245485,16.0277327173666
2268,3.25605323358484,32.532329576661
2269,11.2962809171299,8.81264080752852
2270,4.59304305687796,5.79253284287373
2271,13.5824753554177,5.60223410846451
2272,3.77418167792776,1.57007926223208
2273,12.0037847316634,2.48647050341984
2274,0.824505442719951,0.310323197028332
2275,8.47353492924897,3.99929670638463
2276,0.867239284732783,9.61048301635324
2277,8.29585113684711,0.728405919030784
2278,6.4272612594184,14.5927919287798
2279,146.368629830003,0.776565222302681
2280,5.30131385924415,2.50175730905957
2281,0.378859044955162,2.46443995398852
2282,5.48116814012778,4.22690952749967
2283,2.52345133957154,13.5508777506384
2284,6.34258140797225,3.57391049842965
2285,25.8534610902973,1.9123118267932
2286,20.2406919308927,4.93812448784232
2287,15.7870094692777,3.85239599767932
2288,7.37152827384655,2.96088333114689
2289,0.82981501017194,5.61856039505661
2290,13.347983632209,4.95631633131825
2291,7.82926588145192,5.12514270890155
2292,3.78656907371133,13.705590056434
2293,2.36858535527226,2.34801585758298
2294,6.83074804509945,11.1694801494659
2295,4.8275011903285,2.45352176152754
2296,5.31774992507658,5.86071726956911
2297,2.27025944238867,6.9608774561137
2298,1.70613257787518,8.67665276971675
2299,16.6104464282342,7.11381258258944
2300,3.42296312870749,11.8165429724043
2301,5.17246818785502,1.65535885813599
2302,14.9017167861133,1.00474222704828
2303,4.68880301128748,1.93122501521937
2304,3.47049111333671,3.10756890283441
2305,8.03211897415279,6.89062278683123
2306,22.7788229797579,1.86239234820518
2307,4.17449449217491,8.2274213979316
2308,12.9459475971507,6.227331898733
2309,6.85547197863974,2.95370229176176
2310,13.1301226591543,8.98289939176852
2311,21.5376542721848,2.49460217350828
2312,1.10824771637049,3.91758675446064
2313,7.06758070413383,41.6008054976097
2314,7.30463038367915,4.54821630162681
2315,1.76306246588831,9.27104056805406
2316,4.25402453799273,3.96361518155809
2317,1.78780193568407,5.9178853006441
2318,1.32210365524227,2.29957294276304
2319,1.84313437841217,21.0291963666785
2320,2.7827718178341,14.7446782965713
2321,24.9236754365109,0.855955005113077
2322,23.909666273872,8.69295830381962
2323,1.67564510737204,2.68224090341688
2324,6.78968548274574,7.17730137664135
2325,3.64702255074812,1.79990375379415
2326,6.47948586410515,4.75305168651016
2327,17.5933729445925,8.69138621329659
2328,6.06895820048445,3.20144048183949
2329,4.92219788663248,4.21206358339193
2330,2.03350747312659,5.14624049271639
2331,7.42632403740686,16.6826483989616
2332,2.42436883979253,1.24143920920437
2333,11.0571739030922,4.81707504445485
2334,35.4063204978115,2.06010701581674
2335,6.21964855811969,3.76541182036984
2336,10.340113094156,2.15488538541273
2337,16.4400171079315,2.88964272318221
2338,3.49728455989858,4.8178618124208
2339,7.92547943861615,3.73838366647272
2340,7.81822644830201,3.78081347459721
2341,2.07919918543697,11.5249426101262
2342,5.76855503122632,7.79032441471277
2343,4.94684006640501,2.14114140358408
2344,5.2138003389382,10.6585000444357
2345,1.47433793413176,19.6169252554475
2346,9.34210601636846,3.50579834196903
2347,1.2093469134144,3.34997002806552
2348,6.19715283558952,4.48011665563838
2349,7.29999580043283,3.01638204416373
2350,6.57100089800183,1.81405354088601
2351,4.08656228386377,22.2904381281034
2352,4.46067003340447,1.20424001187663
2353,17.1093874624777,5.46733733978294
2354,61.4734953491796,6.05548796151892
2355,3.00583156160569,27.690585988304
2356,3.93778329076002,12.69969877744
2357,4.90794524364843,3.70046672843369
2358,1.33461008023423,8.74308878521749
2359,7.74583923282883,7.19927113347061
2360,26.0763230381697,1.54104498543442
2361,32.8167563705016,6.71588664346995
2362,1.62900964005742,18.0467928335215
2363,8.87040036120461,1.30442614262787
2364,23.3001894184014,1.05670550547621
2365,15.0867738065987,2.00566041110528
2366,20.3502416079043,2.16454371099142
2367,3.78859244575155,9.88438863239926
2368,25.545496374849,3.29528739764001
2369,2.94517319687944,3.77788775353381
2370,3.22459151795948,7.51883450935349
2371,7.0549809310463,6.4936924208638
2372,4.17315348488118,20.2294368082857
2373,5.71993026057903,1.37156178682818
2374,41.4867089259004,2.78726393581009
2375,2.10442268368074,20.8876961889996
2376,2.08318536790575,2.0434548839479
2377,26.1182534956218,31.3687986499202
2378,10.0138270894732,8.37947821783346
2379,1.12087445988977,2.1510174097686
2380,3.23355978849498,12.5910442509797
2381,2.73617927563987,16.1019853882758
2382,9.18836270760662,4.15527531222477
2383,4.52571129091424,3.09368505892691
2384,6.23713150614085,6.77960186851145
2385,13.8092684839259,5.74546490045969
2386,9.57235702340664,4.56867710279506
2387,3.3086901526188,3.10999836898919
2388,3.00505974240112,1.30452146238909
2389,5.89768328807078,8.42852822637127
2390,1.60759382146984,4.18747202612063
2391,3.95382117277644,29.881508751621
2392,5.85971523305053,1.40380542966914
2393,2.70674061363979,4.35963049385571
2394,2.58914153555467,2.68424991939288
2395,4.89224035629126,1.57435750502217
2396,4.87253665882318,5.18046602966757
2397,2.19471483303984,4.49322891837669
2398,28.3178155456205,2.83354086164373
2399,4.76109548225426,3.1837330000328
2400,2.31950877930771,1.46214370967943
2401,15.8254866299329,10.9405817223938
2402,4.60865113172451,17.2490424526513
2403,14.6666338041075,6.28667897957047
2404,8.88006413774445,6.97579142857357
2405,4.02479667721109,1.17359223494277
2406,12.0404802466779,5.75647445784538
2407,3.03484268200448,8.35478826181097
2408,6.29949257712495,18.0314067776192
2409,7.66520886366358,9.95386063401309
2410,7.23627155276788,2.71659490364155
2411,3.49757506488614,3.33462626673634
2412,1.67774346255785,10.0927520852154
2413,7.24062845702202,9.70725699595647
2414,57.7136145320961,1.4306462002839
2415,1.82088092311092,2.43916503761632
2416,7.23018399401954,1.76656721126183
2417,7.57128786681228,11.0322955002498
2418,4.50242410267169,3.61521851606983
2419,4.52584789089842,4.94577169941459
2420,23.8726210921688,2.32670321347283
2421,3.0869640610985,5.89539808499199
2422,4.42056316958828,2.73934890063465
2423,6.15583050056556,2.15719694115287
2424,7.30365128096762,8.30432592303689
2425,10.1068395609132,2.89063522171405
2426,45.8370527528889,3.59005829754966
2427,4.30168886883368,3.48849430669737
2428,5.3786122053619,14.0907709461493
2429,16.7634007396838,7.10081934898611
2430,1.00227924120269,10.018886375819
2431,5.10604648514463,2.73412792493327
2432,10.3901694089098,1.53673041243856
2433,5.42405022728059,1.56739056511464
2434,19.0508077846808,9.61284803692832
2435,6.94544782763392,4.6580113000158
2436,12.4717556497531,6.52195466408623
2437,3.1627123317437,5.06035163444218
2438,9.97156170574057,6.14695210981075
2439,71.093712802972,4.3165107072426
2440,9.06642438538306,8.72614809849911
2441,25.6993180501767,4.65209115262695
2442,20.713351325924,0.831755430313265
2443,12.3604840882296,11.5528981342357
2444,8.59902546161825,2.02368849231068
2445,4.00418918977873,19.5006182048576
2446,7.24047639688043,2.19099138123283
2447,4.98838347087251,1.3469403894613
2448,9.41520466029844,21.2913644244051
2449,10.006484206312,1.86202147475318
2450,10.2728350917374,2.31185832413318
2451,2.64658343866606,1.36450786012129
2452,5.10053384928143,10.0578491908916
2453,7.75913347257286,40.7787579448653
2454,13.59862696394,2.17376361141426
2455,45.9773437927295,4.06607043466698
2456,10.3519596736888,1.41148598473058
2457,23.8933741971059,4.33121821198641
2458,6.89911286367984,5.35072903606294
2459,2.70574564054296,3.2322930177753
2460,4.01118592507684,1.59313690863331
2461,3.89819064387245,3.30866207735045
2462,3.37225483045795,4.81089190386449
2463,11.2376597133537,6.69084049776421
2464,2.47805217156126,35.0410426731
2465,2.7219912776955,1.65211590056088
2466,7.04411514186623,2.01869946649388
2467,1.37866559378851,9.88241156358573
2468,10.5612651346518,3.37025577123168
2469,6.3407920204018,6.18880863675965
2470,15.7060254361716,2.75151015441752
2471,3.60418398721874,5.99780759973742
2472,12.2305858225434,4.28221211862701
2473,1.25822460604716,7.00765678572214
2474,5.67074273097114,1.80263175948853
2475,9.95425804405453,3.14901373934976
2476,16.711823292488,2.62729968598495
2477,12.3167168994289,2.22624505604317
2478,6.34327640818102,2.78064471745526
2479,12.5699779420834,9.52706358528707
2480,4.66201609743168,3.40055290574402
2481,3.88157648603565,6.41064370030928
2482,1.48417178106026,16.059500405665
2483,3.49790126407445,1.90647705213925
2484,16.6012512992783,1.1120212120595
2485,3.79369144839352,16.4345659574937
2486,16.3895103561522,14.4748498397793
2487,5.99125731061015,3.51706293391996
2488,3.79990277968259,16.0239029620533
2489,6.14674586660939,20.3186202516233
2490,9.30009227572138,3.1489613741366
2491,2.4843852073449,9.8240019923345
2492,41.5392154675541,2.06229500472645
2493,22.9012393909237,2.21448811613496
2494,7.97069987537062,8.35044395158041
2495,6.04030945320207,12.3622507146517
2496,2.87587453727906,10.4807858118921
2497,23.109703138369,1.28869121740078
2498,22.7755857009007,15.010781568836
2499,17.7452408605205,7.70376192701102
2500,41.8297828946241,4.36959894620406
2501,15.0211589681656,2.32417661362129
2502,2.7189723325077,1.77822897077485
2503,2.88346815124998,3.98937032915988
2504,3.78697568920819,13.3231435430147
2505,7.39240641932359,10.5182844030632
2506,3.82893155699415,2.13221403981519
2507,16.6620223327714,0.80651444533143
2508,9.25764244732208,5.94791807551361
2509,7.56493807380695,5.13746934816557
2510,6.69099824009922,15.402859691774
2511,18.1644054850874,7.49642708042769
2512,13.2351129616865,16.0557995509851
2513,4.06593808645165,0.625151313439611
2514,13.661418999507,9.7016028472093
2515,2.31496420813061,11.4536581831496
2516,3.74243925549582,2.37026491450498
2517,14.2424296762332,1.14816599450762
2518,6.71597025070884,2.44766961600635
2519,8.78642395349283,13.2070512059995
2520,6.43571263005775,10.1947331787675
2521,12.3777103192682,17.2585803539169
2522,5.13602526006786,3.47109414476356
2523,7.94652043261551,2.41030429060748
2524,11.3076382492285,3.12466799758046
2525,3.89139652432561,3.00112359469462
2526,9.30342882112996,2.93733244588084
2527,8.62010807377231,3.12324482269514
2528,5.12645883472497,7.30545555645615
2529,11.5841594962942,4.74065712169415
2530,11.4206128839792,1.24713804841159
2531,13.3993481065621,1.0843547121213
2532,9.72268458112825,0.803391278246611
2533,3.47097863422794,7.98108910040334
2534,1.96249232342266,6.78497755152673
2535,0.794112934360167,0.182400107872955
2536,2.84358148741265,5.88865269304745
2537,2.1066818540393,4.3393100899357
2538,10.8717978838777,3.22008745395824
2539,8.51838417812469,5.68264515188387
2540,3.7725882731758,3.37274330434695
2541,6.24467374416748,3.03427364151126
2542,3.15844510489557,6.13151402182235
2543,15.8071174069239,0.808396875739551
2544,17.986809229937,1.61305904499282
2545,3.10147595011372,3.09629322763792
2546,2.02713629893527,14.5790963237401
2547,2.06632860928872,5.83111032793037
2548,21.941071234335,1.22635602043846
2549,1.32904007123466,6.25506891720413
2550,7.35771471680811,12.949759782735
2551,20.7289679658832,14.322005225584
2552,9.1865874822724,1.19139083922717
2553,3.69409213845318,12.2838407610722
2554,4.50417919715348,4.64816215583393
2555,2.99239940188907,9.34674832011759
2556,8.09607071684159,9.73404285170557
2557,3.05018970953919,13.5612510869051
2558,15.4387853735464,6.71834615422018
2559,3.24515026890955,21.2401712747048
2560,9.49812841462427,5.42757486671638
2561,1.73024129762499,8.79503594028397
2562,5.44724070778384,1.13630714153384
2563,2.69340421521308,2.55435860652682
2564,5.46343987285839,28.8582026558883
2565,9.83010635494006,2.72316133016545
2566,6.5383126368491,12.5939133840246
2567,27.5300393129048,3.25640510175564
2568,8.35676765329884,6.76657837415628
2569,15.4943785373756,14.5699689592792
2570,10.8500327214407,5.00924032217528
2571,4.3091190958277,8.19839528059068
2572,8.36413434442722,10.7647961035428
2573,10.2965953786209,3.95364347906022
2574,2.77983182620467,1.72517383730543
2575,17.5853678300991,8.97563579411327
2576,9.9756394202261,2.71079140880263
2577,2.77298097469257,20.7577864542642
2578,16.34276771359,7.24625840125991
2579,4.36802573379209,6.32287241806117
2580,5.5844778662822,3.08762383727569
2581,7.76657478362018,10.6559898954646
2582,7.50937227216135,2.1621030367211
2583,5.22906867885049,4.33885924392503
2584,11.7645287308561,11.0990080054978
2585,4.36835056477753,7.30726603713743
2586,7.24494258799507,0.942059613505755
2587,2.7574472853242,9.32660661594915
2588,7.37638846555699,4.04439495127309
2589,33.7894304852517,13.8952718326358
2590,19.7540542871537,6.20935841416258
2591,8.60958078115694,7.0461141398179
2592,4.24547260514964,3.26539336071634
2593,6.64947401218069,1.50322112635102
2594,7.29745921910925,8.33087693762537
2595,1.68733306064447,4.07757680239793
2596,26.9351516645085,3.95184717316414
2597,3.68227304767988,4.82299255836027
2598,8.52618062645874,3.77412267860549
2599,3.43648663820753,4.07387576129915
2600,3.7007903727827,0.435688074520606
2601,7.48202110375496,3.36290339962482
2602,11.3382045144556,5.85374849088323
2603,2.02694184046711,1.61853286064545
2604,6.61065732025461,1.0953994222163
2605,5.2746317287926,3.77200166136762
2606,3.46067521567892,0.865529806900493
2607,13.2227738387486,7.35139582493302
2608,17.0632608053324,5.73908728907858
2609,15.6113233888604,4.31184078411954
2610,5.78374807148005,10.2533141573469
2611,4.42775897682924,3.77778208419121
2612,16.7314008432541,2.07748774822807
2613,4.1113146567507,1.88362171768413
2614,5.67165145605624,15.4906040889487
2615,10.4408983554404,8.51362821982727
2616,10.9241558102849,4.67411789897224
2617,3.34135019401144,3.08981132698106
2618,4.14382015062676,8.07837804682969
2619,4.89738168760531,22.3665963686
2620,6.33615625798312,4.92655424099381
2621,1.83605234405164,1.23879014979974
2622,4.10635827895229,11.5608924480283
2623,20.7375432359391,2.73724381973933
2624,10.1588800602406,1.60177259280962
2625,1.72982689276004,3.51060873673111
2626,7.22241287416945,7.53982785440142
2627,8.93167001194992,3.32771045874891
2628,5.49659557911615,40.5893697356865
2629,19.149218721579,5.06884447973595
2630,10.1719719182613,5.72530941818112
2631,9.27195557150328,1.52863441937099
2632,6.24144116509283,3.51404369105519
2633,12.4406096146546,21.376569445299
2634,7.02187318403898,6.00095809390361
2635,13.9229331897798,8.05880364539121
2636,3.37833147535616,2.10702919227803
2637,1.76455494824204,2.7784030950111
2638,11.2800214186086,2.39154668781142
2639,5.77378367504417,16.0234999459959
2640,7.54558233257802,3.46625480850594
2641,3.28705279527959,14.5841692109699
2642,14.1601895740446,2.72794475447935
2643,0.47738217917802,8.90365706239908
2644,1.18905986874385,30.9600988885727
2645,2.02043427907671,12.3520176929936
2646,2.99505578436577,1.77287749181609
2647,4.35669430603064,4.40269286243129
2648,22.4976626168582,3.83274694785396
2649,47.470136531607,4.56414674227426
2650,3.16149958472502,5.51417032729508
2651,6.73277081995867,2.05260784794451
2652,5.65177311885924,2.68267080613778
2653,3.08103959836977,3.87311466552909
2654,2.87405739934166,2.49178318158906
2655,17.2531841310246,4.74585324776896
2656,6.41673313760695,4.81218625765382
2657,11.3130960509821,9.88189619445857
2658,13.6576471465659,1.01813710087992
2659,8.47509258047382,2.39825426143905
2660,6.7210916083147,7.59999325478855
2661,6.29351692437386,15.2228764304236
2662,4.20221125248688,2.44754463549167
2663,13.7351576909716,2.89194250394978
2664,11.2714210155312,4.73369698766055
2665,3.27865435920486,21.0395063708387
2666,14.8092898480321,1.42822778059424
2667,10.6234689229319,12.8648682491348
2668,3.66545697995662,6.24302261921088
2669,1.86011546522156,26.0624250264969
2670,8.46671957815828,6.45090457423257
2671,19.2776038976469,4.38304733854698
2672,0.873408153164954,2.53360220507966
2673,6.17397847167187,0.865542104154765
2674,4.34569807845477,14.9817123445186
2675,11.8062634134778,3.76227071247556
2676,1.61813855139358,1.76651152379103
2677,43.2932448206361,17.5437285340983
2678,3.54915593732284,0.70585944379868
2679,1.97005234504065,3.81479860924513
2680,9.1308013122985,9.95635229977207
2681,2.63854243442315,1.99386335345663
2682,10.6643317727342,0.948259154508892
2683,7.76418797530035,4.20391885036815
2684,17.9849050498712,1.4709713954858
2685,5.04023093621166,5.13468863041233
2686,9.04638576881857,6.52153764593844
2687,12.7280305496917,5.89573568721318
2688,5.57081382589216,0.445138718695323
2689,2.37252815688241,6.09597175962479
2690,3.66411512065357,3.35080713284591
2691,16.9871316516074,13.4660961860173
2692,14.0002421620899,1.50824216025861
2693,8.8489086988003,2.80184122069111
2694,17.4727365678742,17.8495806348339
2695,52.9762149553815,2.58148887900362
2696,4.57086850345844,9.38041122497188
2697,1.96602358944174,2.99739417357831
2698,4.52480672020179,2.98409491326106
2699,2.32592855115797,11.5835905810955
2700,1.27426819221384,3.45024180705263
2701,8.64702859431862,3.52451325181834
2702,8.64463683901952,2.94367971662653
2703,3.26633622882071,3.9617542913449
2704,15.9472204263462,10.9180393145515
2705,3.05075617628923,1.44086995352511
2706,5.97987410253931,10.3814278358215
2707,3.3149929115663,1.1419824457652
2708,4.60025913723828,5.47826394851506
2709,4.29560211218411,10.5373948205029
2710,3.24160494097119,15.9995193869696
2711,11.0638350456675,3.02279724195445
2712,8.16558639869164,2.50333319844
2713,10.2134485009781,3.35642144678473
2714,29.6749949194978,1.57859122731534
2715,7.75226874264976,3.8596135064026
2716,3.75494715794431,10.5449175649585
2717,11.0703025417643,1.52520104878001
2718,4.693272301112,6.05079653329678
2719,4.87582528724483,8.09974608342109
2720,5.58828290063576,4.43177276440071
2721,4.24021764587079,1.68196790764199
2722,11.243941120607,1.73883191138586
2723,12.7732190310387,2.14295156598421
2724,6.74384768917046,15.3547160185195
2725,7.87058393681525,8.02237574221035
2726,5.87466440015314,6.70740011110773
2727,18.9796902266045,3.18959140642755
2728,2.93214209617585,4.24138137689933
2729,4.0612389285061,1.0574252014837
2730,1.9215595801585,5.89335656602927
2731,3.80148458122883,6.81771472430557
2732,3.22525199950433,2.89947773927759
2733,17.386487894838,2.04252165382339
2734,5.07173320058094,2.36884072521125
2735,11.4074645554836,1.98272449974138
2736,4.27685724081266,3.81046853116488
2737,1.66855449724542,9.22848820535937
2738,4.98396123403135,2.48951501695678
2739,4.87200850413765,9.26589109786735
2740,2.73974979490637,0.857836834527825
2741,30.5378282674294,4.51126306655708
2742,7.57455320495704,4.48643964394647
2743,2.47166183242643,19.5005931560182
2744,1.39499917596851,9.12246234376173
2745,15.0551075507048,2.83379486981828
2746,4.58374188638575,3.05916695919696
2747,10.8638282927123,13.0261972902634
2748,9.93342860007889,2.80181926917562
2749,6.03885332361475,10.4608263441642
2750,2.42414996037824,1.93234198251789
2751,10.5772819929516,3.11461812729916
2752,2.65204828507715,4.67862483409994
2753,20.6811732827126,3.84348881598198
2754,5.1784606547749,24.4588952901427
2755,4.15341962679564,4.04257627381273
2756,7.2735551944266,1.7908251934668
2757,6.73308237553596,2.25294075433487
2758,1.72796532751704,3.55097720814937
2759,10.5064257688564,5.49326818460199
2760,5.39248382703651,2.58985983890358
2761,4.40634803576154,4.97621500547455
2762,2.74302732652748,13.4302359809141
2763,3.0292727715725,15.3467881420992
2764,28.5324521478525,2.72566575481871
2765,2.47511885286805,2.22331577695446
2766,0.798903012109417,2.19538676798445
2767,8.6930852486998,12.8631585732514
2768,21.2217421224018,2.56722329223576
2769,3.15488501581525,0.839871355714724
2770,1.59187444389053,3.91773736894675
2771,31.9338470258878,3.70670306459171
2772,4.69302462390988,2.15180821716686
2773,2.54037679780968,9.67608387017582
2774,8.1159178233655,2.46420174827608
2775,9.95952090570368,17.0799536896507
2776,12.7128231487024,9.3832302679805
2777,4.54857306525213,2.96258184990531
2778,3.21209101194081,1.30520152054935
2779,10.1602316693831,5.46685592060703
2780,8.80778746894309,9.56192126761499
2781,5.71322066168872,4.62152283660672
2782,6.05281342134148,5.09478234728499
2783,3.67480541837308,1.60916425853874
2784,4.64504633428793,2.99357377867193
2785,7.7630524403699,1.77994948189912
2786,3.92583973857123,9.34682869737887
2787,3.13193555156982,4.99664985629208
2788,1.29643927904617,3.46805167177524
2789,5.5549207753841,6.06389672932262
2790,1.55113496864813,4.27517189299141
2791,4.63073339665422,1.66918899956377
2792,22.4087099643702,10.0933375453636
2793,7.00257247774174,0.981054478454308
2794,3.38588995433577,0.437874792438948
2795,6.00043639774613,35.0811037125622
2796,6.9739519270533,2.93477726391791
2797,2.61758466688275,1.74829141256951
2798,7.24525271469095,4.86446394153381
2799,5.4983920051809,2.65011071364713
2800,10.1612118952126,15.3309931325782
2801,0.86458037051905,17.4542732452637
2802,6.77472622559862,10.3905485674856
2803,16.3215354031088,9.48852434384493
2804,6.91114294531384,3.11307907592785
2805,51.8429001800843,3.14649343614085
2806,4.13607410421724,7.71014914338549
2807,13.307311168201,1.17164705664474
2808,6.47557430692814,0.301674211874756
2809,2.80983697719253,19.8909029267235
2810,0.782201731840191,13.2334527147409
2811,8.67123524069709,13.2865434797562
2812,3.81535482463454,4.76290667232875
2813,0.631053144125923,6.40735833876209
2814,3.89477197128127,7.18463220395034
2815,4.11624036535331,5.85440493857476
2816,8.84998808051638,5.19143672492442
2817,5.62635552633864,0.967494722912619
2818,3.51889085092377,6.65627036217296
2819,2.67128900035852,5.50104053669454
2820,5.97323391661526,2.96031082912279
2821,13.23407221155,10.5197817155845
2822,4.60194114574633,4.60136112569618
2823,5.04423926096707,15.1052985824774
2824,3.91598584119208,0.826902761768421
2825,6.84873043372946,3.86561739664227
2826,5.9531720188072,10.6511034364573
2827,24.8307474400192,2.31636596328649
2828,2.44133127314663,2.45823149561732
2829,10.8664568035519,16.7445894072334
2830,5.25157986906578,4.19115657152957
2831,9.24729097806543,1.21487556159396
2832,2.17641080834885,1.7077529615445
2833,1.22869105154031,44.9451971458671
2834,6.52263308600637,4.50115378403514
2835,1.5241680964314,4.81854040192404
2836,3.21549275004857,1.4307128617032
2837,5.54813678530415,5.67254887061643
2838,21.2557613828427,4.96730231474953
2839,8.64709119234512,3.72352875395772
2840,4.02110203354923,7.00363079741039
2841,9.98868000106947,5.25234950068485
2842,3.31829009760697,3.61445716627476
2843,0.725743792052422,2.15154180314953
2844,28.5383092086129,28.6308679841052
2845,9.84362005981467,1.39417274650467
2846,2.44872339910292,3.17063233243189
2847,10.9232701565784,11.4526868677859
2848,20.0550906025139,12.2622615910644
2849,10.3593856221293,6.16535071945641
2850,1.5227931028336,1.78983377675946
2851,12.3271503893221,14.0484330168446
2852,9.08400192425346,19.7753089113968
2853,17.3603262148433,0.907498658963631
2854,5.47079981805096,4.94077748555961
2855,2.63604062072191,1.55727741284223
2856,7.89573620468345,4.39647150355418
2857,4.05040953436504,2.73006223985322
2858,6.56269379527437,2.23164590409609
2859,8.79545922328668,28.7082163700282
2860,6.43800169464777,7.16457423178504
2861,12.7013997386371,9.53772040854119
2862,1.96517577226517,17.1081105615896
2863,16.0046703173875,2.76180396070805
2864,2.54596361629879,3.53696315051471
2865,11.1667705430828,4.73984490770862
2866,7.30646938635899,22.1782335787287
2867,23.518945148553,4.26200899942498
2868,4.93774988698531,4.1781121294881
2869,4.16848800014499,20.119455264528
2870,2.99532554483924,0.892730862644063
2871,19.5880969129732,15.9897815889139
2872,5.82006607942429,5.94542226267956
2873,8.76242307600241,1.12115269519571
2874,6.66133893655276,0.621987639057439
2875,10.0695930498332,12.3517999643027
2876,2.46765208862425,8.01099176050082
2877,10.8857644087672,17.2431004658606
2878,1.87743721291812,0.132988094343423
2879,7.4444586741114,0.9070798145434
2880,5.15546569784838,2.47658872573133
2881,4.32890571578208,2.83815192745957
2882,25.2720986735219,1.60407315086511
2883,27.2114987156937,7.9945870973114
2884,16.0101448137683,9.71686595771193
2885,5.72477964018536,4.61308626386615
2886,5.26055019068336,10.3501747010915
2887,2.14572008778664,2.99694369944216
2888,3.32127131061594,37.2585514169655
2889,16.8654009273851,6.84426711416311
2890,11.2583016857662,3.02661862278967
2891,3.01955628279286,13.6846738010889
2892,43.0217827170327,8.36061999309755
2893,3.95899518521308,3.11017319473608
2894,5.41890897465828,11.1555112668943
2895,6.42406826483621,6.59832782787377
2896,5.6392352994076,1.50721375566873
2897,3.45488059913993,9.45299521650219
2898,6.1102653640617,11.6785728092642
2899,4.10984899796966,4.37958124906136
2900,23.1361416754319,3.31523517422955
2901,45.0308079315794,4.73758979685442
2902,23.9606767616453,8.06085526958098
2903,3.2069588729024,7.97784609826807
2904,10.3701103195564,5.20258463052593
2905,9.88359729899016,7.94874882705074
2906,5.8320476685741,11.4392190364045
2907,2.51581191604509,0.448997025549809
2908,3.98192881915226,1.89967948626469
2909,12.615510086451,6.48981465928988
2910,6.85947389786856,1.76547165154157
2911,6.16784457732163,4.218929696541
2912,2.43241818109408,3.40940259465116
2913,6.40404975186766,13.7423005950518
2914,7.40121655821478,3.58237209372058
2915,5.24059056599163,1.1261587576444
2916,4.37440930092516,3.04226445136176
2917,2.80666490278144,9.64499482670641
2918,24.2288247342831,4.1569703858685
2919,36.9064617769271,2.76268155380477
2920,5.83873212044444,1.22833381243164
2921,1.57517151299752,13.5559048237954
2922,2.53501980394577,8.22760666339562
2923,32.0575902276908,1.6164583391659
2924,4.30613080642426,9.74379640413832
2925,4.12669926945318,0.585877841369356
2926,4.78202410155428,3.46580288511041
2927,5.19568921856943,5.62704605094211
2928,15.2253151759067,7.66907563411891
2929,2.22727136815923,0.601376615667736
2930,5.20741584632374,2.18002097510582
2931,2.06248230655311,2.32061562465677
2932,7.94674594452474,7.07612116606989
2933,6.65741584538323,40.3013062273087
2934,3.78164022402881,1.81638852355869
2935,3.02718427575712,8.18917193861039
2936,4.93713780921272,3.5248967522599
2937,5.39441782370347,4.46105303602541
2938,8.94952310766134,1.48896042908395
2939,2.0583272551796,3.49064216740731
2940,13.1522617628403,11.0774443089845
2941,19.3241631676271,5.30218945009212
2942,4.71185936407544,5.78033539704502
2943,3.77451969898474,24.0786691746499
2944,1.17338801923108,2.94984723952204
2945,6.26394332002398,14.3964178411283
2946,19.516608761163,6.56341401829209
2947,9.37592650958044,9.20637597347925
2948,18.7880532453287,0.371231854833223
2949,11.4626448369808,50.0434649753157
2950,4.14770921917489,3.83293145223774
2951,2.28661359939408,10.7767513847391
2952,13.4209869062215,6.38461376063644
2953,5.42106881028073,2.07815430376717
2954,2.58534660225059,15.3231109882581
2955,15.6085795626884,2.86956160245007
2956,4.92305834709917,1.89482247494764
2957,5.75551884018029,7.16010737644374
2958,2.97029830970979,4.80260168601904
2959,4.23198433121305,2.61367978094341
2960,4.60764008487616,13.3938158999209
2961,11.5248801760711,5.86865200048118
2962,24.0524797946247,16.0278494130861
2963,17.9601665750002,1.67568673651443
2964,2.26584194036214,2.75468976173378
2965,0.732412455173455,1.70287797181726
2966,3.01690757383745,1.95165382147325
2967,1.77439136033319,1.87502457086521
2968,36.950268124635,15.4592428995841
2969,10.6441337856475,3.73004647226766
2970,24.0613630125988,1.11165032634966
2971,3.45622310616984,3.46821061554264
2972,8.28721775676316,18.2969857951663
2973,12.8050066714501,15.8597006247925
2974,8.60214387095184,9.04233040745095
2975,3.23234230773254,1.53057524201414
2976,8.77406440174758,7.11308342849278
2977,7.07081796695798,3.37449167594695
2978,22.2722272220543,2.58161147955466
2979,1.45938988099742,5.90012937894765
2980,5.86418106953173,2.31047222098088
2981,6.52150483651857,5.18532726164007
2982,18.3523889005191,1.60565441362224
2983,8.22669153954494,2.13634646895778
2984,15.1919555701302,20.095160535494
2985,4.89438425336433,2.16438378718657
2986,7.06484119042978,3.79850721875499
2987,3.25966218351191,2.09537294237004
2988,5.16551219856078,17.7841739579135
2989,7.29589223275557,3.43209803858615
2990,4.95570962086827,6.86830297380253
2991,2.71730289267706,4.60894916069467
2992,9.91890864013771,0.576438689195347
2993,2.23639254428249,7.4268706455269
2994,1.8041390224974,2.15415437911482
2995,3.05699202618187,2.23487118495331
2996,21.9701312595841,6.52068776757799
2997,5.2736608841348,9.5175177875802
2998,2.03450830975062,0.63562392799451
2999,2.08522183304247,13.5794220547052
3000,3.87580265414765,27.4942644886734
3001,8.40058905711724,1.33600493799058
3002,2.79343517633617,4.94901010220212
3003,5.76560697071937,0.752408621639991
3004,17.3098595555933,6.74205356520174
3005,6.47486404948125,1.72265758184701
3006,7.91185731935297,11.6532251572463
3007,4.4157457933178,0.986960004850445
3008,7.23681776366745,12.4034641242281
3009,6.646183978079,2.528452474024
3010,7.96494429517822,16.0274863735658
3011,26.8304810388119,4.25798505838101
3012,6.53726567457665,2.19710822179534
3013,11.3072866465488,14.7226022248346
3014,3.91094316929521,0.733393614658583
3015,8.42152412592724,5.65144561298385
3016,2.51662665742671,9.80318927498729
3017,6.43864784585162,18.5495706283288
3018,9.04976400959543,5.79838709812356
3019,32.4587741045415,8.78282324716104
3020,2.41939660434007,2.6809330611636
3021,30.3694496014933,1.61103673340498
3022,5.05246315462563,7.7833576800885
3023,23.2096531921116,3.29344763349188
3024,3.413020566512,12.5592689447253
3025,7.08570818653583,6.21531874686102
3026,4.05993567817787,0.676649016954368
3027,11.1529605177273,7.30392749943043
3028,8.40433075544646,10.0463760199072
3029,11.0343780899991,1.26491398132465
3030,18.3028454197002,18.9764327930482
3031,18.1584417333444,10.3060889855339
3032,31.5924312807844,11.5657367197228
3033,2.31493184501147,5.6172770106425
3034,3.60044025800005,2.36264234844715
3035,2.82056679154728,6.24777597656194
3036,3.17474307702858,1.77123128427129
3037,2.63776871506674,2.5492282827285
3038,2.32670443624599,14.3509020134696
3039,2.27857413226897,34.7656818602258
3040,9.7690218403808,1.47518052340442
3041,10.8361484035587,6.8533903337805
3042,1.60271659295312,3.50057139202675
3043,27.6122472315513,6.16702252033109
3044,2.55123585638589,6.02426606147188
3045,5.2278950662827,4.77772360913538
3046,30.0041572285547,2.4954747293391
3047,20.7604184818114,3.79410708722596
3048,1.75342636691185,1.93668453339111
3049,6.45167856468449,1.85452334386112
3050,35.4072442420622,4.01471951753084
3051,2.31684390907255,2.22878074527086
3052,8.85051482117939,1.67893917527381
3053,7.00662119572158,9.26424248734367
3054,9.81125753067283,6.02656350017339
3055,24.9394460431913,9.0096638064808
3056,7.86697741268557,4.09324962414817
3057,3.388331447565,1.7894103110793
3058,12.8903656453119,0.617610651827839
3059,12.4463356507696,2.84943608034092
3060,1.32962939108078,12.3114301020183
3061,1.66028850727129,1.82421867857794
3062,3.38105545857806,3.98920770026679
3063,7.75218483801392,4.11877074781369
3064,6.3977114887969,2.61470212944513
3065,12.9196252676364,21.8573649290501
3066,2.32068158361924,18.1225297459873
3067,8.14548280074155,10.0484652812586
3068,1.06451185922828,1.55450170360489
3069,7.75739403443698,3.42475757129961
3070,6.93485575724071,17.8887238609029
3071,3.25335040428273,5.58304594007214
3072,6.86471140815278,4.51762234121977
3073,3.59079377732794,9.91597624154131
3074,8.70267568745655,11.979880668061
3075,2.60869975764803,1.42990358654072
3076,34.1942156505637,6.93841346542393
3077,4.08300843332681,17.4819131343221
3078,13.0123223550332,6.70536300185609
3079,3.54838407005589,10.0154865158986
3080,21.3419114398262,1.74025729606573
3081,2.77680264763461,3.1005541619268
3082,1.97649251118403,9.15235270521661
3083,2.95522013240176,2.11233965768381
3084,4.13114601691104,4.82537533486204
3085,8.36291847504458,5.97562921312093
3086,7.37713888520968,3.7802715942602
3087,7.30932026165082,4.25820830034618
3088,81.918386414928,6.42423332005257
3089,2.45439928231186,2.83056858951609
3090,5.24693507802175,4.72564457406621
3091,14.6606507511199,4.89179763703236
3092,7.68366781013938,5.89329934721217
3093,14.1495632242086,10.4455287299225
3094,2.35641109547978,28.3816125869499
3095,4.3539659460291,6.78781595036108
3096,8.55725219968457,2.25735755505494
3097,5.17992781171984,10.0995231285199
3098,10.4342921331497,7.35900358192538
3099,9.00100340901465,3.43876411212199
3100,14.9103330617306,8.58891075040083
3101,9.17878054058038,16.7053704619724
3102,6.55814706984354,7.68391096074358
3103,2.30041413003092,1.8963927886189
3104,8.13876593520389,13.2213499029172
3105,3.09031445537113,19.0199398309716
3106,6.95546371273054,3.45755709375773
3107,1.44814011503052,3.07253133177954
3108,7.49323484067119,0.664205677738881
3109,9.05955780224298,4.92806856442926
3110,8.09135057537169,8.36404781436138
3111,11.8803305990867,3.46037784095043
3112,3.55100033477937,7.97570579146787
3113,17.617083733188,6.9540050170338
3114,10.085771048006,3.11582404652493
3115,11.3649539380906,12.3399374266092
3116,3.86231306182204,2.90137948168078
3117,10.6199487066155,1.81181277652066
3118,10.7848576912813,3.95918407073278
3119,5.87048598502833,7.71634787374322
3120,3.34892173797803,2.06595163423569
3121,3.51312587254793,6.06488083625802
3122,5.64766896259467,57.874671250018
3123,9.32447454104683,0.744257858529635
3124,2.11044373094521,8.72057344746817
3125,0.814567328746218,4.86353576385079
3126,1.69515502617508,2.68835760561974
3127,4.6766791985094,1.37940964189528
3128,8.2329219426783,12.6162727775395
3129,7.04836371567336,17.0595329970553
3130,8.94419891814576,2.44951098830327
3131,38.5404178982649,4.63499362902893
3132,3.1221991298591,9.1404028343199
3133,3.38844421639698,7.90645308258951
3134,11.8206840614847,2.11944726588415
3135,7.1489136300945,1.55593184048732
3136,3.31631224699115,2.8686658811729
3137,3.84477803637219,6.93328706036846
3138,27.1230149561639,1.93540931409169
3139,8.3368295785297,3.36850010616737
3140,11.6949337857581,13.1958570777216
3141,5.21289232182095,12.8418278175253
3142,26.2197471492802,11.5649214699591
3143,8.76134063481106,3.88044985793232
3144,7.93524326967078,5.49428014757014
3145,38.2005082224865,3.94107170672997
3146,3.25286267676241,3.53798440161694
3147,6.0071427046779,5.33566032271196
3148,1.47413744833547,6.55888864957053
3149,4.41495250783449,2.01852379540689
3150,3.35205239111284,2.78403139319405
3151,5.18737448429308,1.03631848676537
3152,2.57524276982719,1.23050771347681
3153,1.49590133485805,2.93408815920197
3154,15.0819340927384,1.12454326824845
3155,2.79089894962554,16.4442957835201
3156,8.53277278910014,3.38086604264171
3157,14.2728515869677,1.83512804690946
3158,15.5208695577197,21.334885565962
3159,3.88844117681845,8.11605598414814
3160,2.74161288689025,2.61680181553218
3161,2.05060445186891,14.1541061469083
3162,5.23550147168196,8.53307833847422
3163,15.4309394814798,4.18654212017499
3164,12.7373213403926,1.34657246240816
3165,7.54440219816288,6.31603836373817
3166,19.8946215774654,3.46776401512242
3167,3.2327178239779,4.46383496676738
3168,7.39756694369828,3.1626434718345
3169,27.2396150604448,3.26071490299286
3170,23.9453209401442,8.21044917552736
3171,18.5961949742353,26.7207420430229
3172,2.91535260858872,6.01409228182804
3173,0.934960200171667,1.8815583534323
3174,9.27554535667744,26.722318344334
3175,0.87373846143931,3.05822524986473
3176,5.5861892328373,7.43735739015143
3177,1.98162291034542,3.69067100663608
3178,2.00935043600654,4.7598341787464
3179,7.17139727699626,1.6841784891715
3180,4.65645147371541,2.26353361324765
3181,1.96626335815411,8.70063499920445
3182,3.40757896373967,11.6836108674421
3183,2.59347263066457,13.3419275553382
3184,4.83669819730762,5.0862675924449
3185,5.94497617145003,6.02657984400694
3186,1.92221943726398,5.00497468218818
3187,5.04986017317229,1.95536654528356
3188,5.65765259910322,4.47697758514819
3189,11.0376684772846,4.50787974325456
3190,4.29606473405478,7.02380848519571
3191,8.2022271255703,2.45325027775258
3192,0.687107804622425,34.4963143848609
3193,5.92890847575044,5.71825694411032
3194,15.5207235567248,2.54354394081942
3195,3.73517653962484,3.86609825039642
3196,3.04147897333783,8.77139498579296
3197,7.75006865219925,3.15104286659795
3198,26.6887126302409,1.69496907653027
3199,5.24066364644187,1.90958432179303
3200,5.27059128832052,2.84077928252543
3201,6.38491281103847,6.10510082497061
3202,3.78623636200443,4.6361264850648
3203,4.87705637768347,8.3283817653629
3204,0.581120514489324,1.85404822049581
3205,3.44895308724085,2.04222311118704
3206,12.7334273344594,7.29120559244956
3207,3.4690722896359,13.6248656508307
3208,20.6391996388521,2.79755659356482
3209,12.1169101234749,3.67608543398506
3210,1.34816720370171,4.74273102528796
3211,8.91559013774576,5.87958570991127
3212,10.0531665434202,5.72418825959765
3213,7.96050967450338,3.42853276814432
3214,6.26867087280468,5.22614195120552
3215,13.664720038445,5.69887311273929
3216,1.57574941465448,9.18822585184962
3217,11.0923042720155,1.8538254910089
3218,10.5922546532684,10.0112817798526
3219,2.83773065960875,11.1820601022448
3220,3.71609695497356,2.61734459940187
3221,10.0023888429308,5.37004547574396
3222,7.72489348378236,9.66985415493499
3223,11.8811343448147,2.60672262307738
3224,6.63345108592401,10.0306341186377
3225,11.3215816068836,1.76743245594271
3226,1.55623108026877,5.13593892853369
3227,2.16599097085275,1.27374764807414
3228,11.0062182492288,1.6842633699592
3229,2.11086903241345,1.61682473723205
3230,1.52020513041537,12.9358432294614
3231,7.68610162898003,5.25911603021474
3232,1.03651252708281,5.72465321676371
3233,10.0529464690093,7.04361133817156
3234,2.11393929437726,1.99653081058719
3235,18.781765472161,3.7391759521383
3236,1.29377494466933,5.01026756960098
3237,6.18611937719233,8.80957571620577
3238,2.97076244761258,5.45766119652998
3239,8.58786426880754,1.85112011825982
3240,10.3061136505368,2.48277577548815
3241,2.73570622347517,5.56678559575897
3242,8.00611509526443,7.23723856462262
3243,3.81673729575012,5.22558291381737
3244,7.8259109798812,33.7056140566247
3245,8.5863540519115,10.4016766333727
3246,25.8580021889225,3.48427327148824
3247,3.81460264793147,18.6386730917751
3248,6.51369693250353,14.7345166647998
3249,69.8971833751163,0.80909884930822
3250,71.7962706473509,6.1770160966921
3251,9.53166502473687,8.43423680963016
3252,4.36780140232591,0.711120647098793
3253,4.46257994398072,3.37021457061293
3254,1.10422019197366,5.7938913564354
3255,1.58843657401134,5.3664435658229
3256,4.8359856025979,5.60340226084424
3257,81.8113206223038,4.28419337534306
3258,29.7428484641821,1.43873182669446
3259,7.9005301001538,5.17411814488973
3260,8.30800022256472,4.56963980143852
3261,42.4719569034748,35.2389304036978
3262,6.92395404597272,2.02489686559282
3263,7.69151870669961,0.80140116669889
3264,5.28448496023073,1.86288905006693
3265,2.66246977283173,2.32221284044884
3266,12.2570800159242,3.82639691369192
3267,2.88793201753335,2.52018556900892
3268,8.59995721594939,2.62542115832814
3269,5.85208687973504,14.2022871471688
3270,6.69307970403825,10.6286523131993
3271,7.76028214778941,13.1242452707
3272,3.44277509049381,6.07735003793862
3273,5.75883811877722,5.12204609521986
3274,7.45845092947075,2.63776705963476
3275,3.38079275535795,17.5277698311735
3276,2.1698423059236,3.95982403521752
3277,1.64232551537218,0.665466383802971
3278,21.1860049293258,1.47583926914304
3279,4.95232505120716,6.40006400897613
3280,24.2590820807991,13.5012711260511
3281,12.8179779860576,20.6251287626481
3282,13.9062921227208,1.8922458703043
3283,15.4044658163345,5.47844756602579
3284,10.6746383552199,3.27336228300726
3285,3.21213780757446,1.96752517487959
3286,7.32644140025592,6.05279399906076
3287,4.67731635554958,1.04937654750115
3288,15.7424637661828,17.1404724008368
3289,8.84983720306028,6.49701233336846
3290,7.52395623931617,10.3792847728503
3291,9.73224003472837,3.46433607451259
3292,5.97024869945801,12.2232251782117
3293,3.03474707682487,2.60302651702321
3294,4.47633409426596,6.86373279397312
3295,2.97926593512983,44.865138652294
3296,22.0345038910613,3.17545337341824
3297,1.50688136408119,1.57951249274135
3298,8.66285193502747,3.6149848168314
3299,1.30508945065514,3.15066790081714
3300,6.32954947489402,10.7401570776488
3301,22.3182151632268,16.0986667723806
3302,3.59562827085197,9.96190482113205
3303,7.19182183414811,5.50013138831601
3304,2.93910661543148,1.58264384776011
3305,1.10897266430465,7.0691073077911
3306,2.5635653751362,0.762039989438297
3307,11.3029507944811,6.21710528216288
3308,2.13660129177067,5.88310852321093
3309,3.8644055447276,17.5075261758228
3310,5.39220548921866,5.45939396802518
3311,6.00947768725791,7.098404543422
3312,1.80209442685958,7.11282788324755
3313,1.86592931534461,5.23411633607877
3314,0.937310876670589,2.78645441036445
3315,8.68690531757079,2.89700906589331
3316,4.41586287695011,10.9413101437103
3317,3.81139671345157,2.68876564442373
3318,2.68989771801323,6.56059724656966
3319,2.21211013133302,3.2507657221221
3320,2.5209793939101,5.67665508825941
3321,5.93823242376905,5.6783194867976
3322,14.3454103504191,4.14159622520027
3323,4.44694441488478,5.15145079530896
3324,3.93697517189606,7.20370077883377
3325,10.7706523191621,23.1109325413848
3326,24.5487492667249,3.05920922076929
3327,2.38178513808908,9.82369449215154
3328,8.72627560168715,10.7796804476122
3329,1.46965856528481,3.38036207141789
3330,3.15492882923545,25.6923505541899
3331,3.5369846210783,2.42533159021342
3332,8.620059419521,9.32622876223758
3333,9.1576928904049,4.81790157858206
3334,15.7868629699357,5.62545692985009
3335,6.10384272910253,8.34794576074741
3336,6.3507465851524,2.35781472234482
3337,4.94291538926455,1.77298774200441
3338,7.98038560565737,4.39935403010871
3339,6.15946763548577,12.0360408981802
3340,17.0371424140796,4.24937868924853
3341,11.9739335288702,6.99514837573139
3342,8.22643092123801,10.1924179074481
3343,4.42708310303031,3.17715354211384
3344,20.1108258313828,2.7747338628906
3345,5.78727935317386,5.2448745444291
3346,61.3841657204563,12.0412744289258
3347,4.36890691491852,2.34943369059898
3348,7.03903573549614,1.51395630594032
3349,2.52692943405072,8.91285278441518
3350,1.94340537244022,7.72972328448038
3351,7.23530848497761,46.7574578912017
3352,2.58143503841726,6.82240153983874
3353,7.98514690078699,1.76073346745014
3354,11.5685590369827,14.6713092559243
3355,6.41144359508763,8.08588781255681
3356,4.95246487503306,1.80609838832022
3357,3.45436592847344,7.10683358198344
3358,7.35186464194179,17.0486654811838
3359,5.89238862942411,3.14384799248991
3360,7.53027926969549,9.93182982458839
3361,1.70275821976602,5.88531402016317
3362,3.70549442741839,9.75340292784709
3363,11.337981183132,3.53389170071777
3364,3.84208989046711,4.1858107471427
3365,8.70773807102843,6.68049090524387
3366,5.70032442368027,2.81795184521905
3367,4.98259841291763,3.85420559915216
3368,9.04262915333774,3.91011341716682
3369,5.42854832206206,7.50351537304903
3370,2.95292825217622,31.3638905041325
3371,10.9525696122593,7.54007545941397
3372,1.75511551235441,5.71822228815553
3373,6.05244082486992,8.1014508665133
3374,2.6110195372441,2.46173768980632
3375,4.12340294058259,13.7298115262773
3376,3.53728526150338,8.92112327876408
3377,8.96366236560368,1.91958392912848
3378,9.62569875978795,2.32627624425347
3379,10.5014528750261,5.19832565561719
3380,16.9457800321363,2.01654782421031
3381,4.29757694761766,5.81412741262839
3382,27.8321258624807,0.455101120149711
3383,1.77125164462367,1.70948092272909
3384,9.07017007342039,2.94649621554854
3385,6.42047881785583,18.7894661112261
3386,9.59638111260617,6.17699124617381
3387,5.41972561690677,2.72127219227599
3388,2.62031959154543,9.30405686034979
3389,7.49792322581745,5.47949632835553
3390,11.821039591795,8.33818491306147
3391,20.0734863600285,3.14356139324018
3392,2.98258943988469,3.1717499872852
3393,12.7474357507046,1.58941697560858
3394,4.04344039842713,2.26341075761597
3395,5.09527904128306,12.1070858730354
3396,6.05799139410278,9.35205821157367
3397,14.5770239032659,10.8789825550851
3398,1.41425263684555,3.6788454849419
3399,3.48987809296741,7.24542666765601
3400,10.9353717015056,3.33200570538523
3401,9.26838913362057,5.74575914313835
3402,10.7434123300171,1.07379142679074
3403,4.82685952833466,14.6966037417263
3404,7.08924225525783,3.13683663874413
3405,6.55238906438172,4.40656992508322
3406,5.18303244539158,7.77653780587774
3407,2.33657838747682,2.64540563365011
3408,7.40293613621224,4.21367098463025
3409,28.7214165050985,1.85930590204194
3410,8.06937737099873,1.34475300788777
3411,1.53955754305819,7.25970542654831
3412,29.074144694036,25.0236487577199
3413,15.5146639805562,5.69247691526112
3414,26.6911931178532,6.84911057798908
3415,6.57981901836357,2.63113578191479
3416,4.64757138051935,4.25996706514627
3417,5.42750984876585,3.82041920064765
3418,2.01807332608761,4.57840335044168
3419,10.0547017443802,5.08929538346961
3420,2.46619756314564,6.54021995720601
3421,7.7190275469108,15.347244122655
3422,11.109458531158,4.59475421160608
3423,2.56168155945216,1.09232784588067
3424,2.70297572831444,16.7843403195811
3425,14.9591662358956,20.2780798027708
3426,4.87669887928671,2.82042952126545
3427,10.2641111078223,7.85816239503512
3428,12.0965194969895,5.87167660975842
3429,23.6594127854004,2.77921382953585
3430,13.2508045974156,17.0922158862346
3431,6.66578346015558,7.42960490019103
3432,9.70585651040429,4.90889956014516
3433,13.9498152073821,12.7723224835338
3434,40.8362375010743,5.42735293971476
3435,11.6830711518084,2.41797402266805
3436,9.11563981746244,3.09274852141276
3437,70.3627061238944,4.10061728374254
3438,2.78171416275891,2.57013548241728
3439,3.23648234602,2.90653100198152
3440,1.79149029006186,4.01851377810916
3441,0.761507642470152,10.4764440386521
3442,9.60204646772473,55.4869864600174
3443,6.88732998972242,3.81638111318238
3444,1.43330328059285,2.17793938233904
3445,4.62892359219793,3.72112228866266
3446,4.52301893276568,9.63492011867826
3447,4.45167450392305,5.40903083253933
3448,133.093702424138,4.96849446896641
3449,2.35248589478869,13.2807536146682
3450,4.22759918165736,1.55910236682249
3451,19.4100137442198,3.94867815329999
3452,4.67446710762777,4.03010919191071
3453,10.2943344012077,5.25708931907702
3454,7.76356109800319,16.692076103557
3455,2.99620961520623,9.38948048874046
3456,62.9624435482266,7.81321575629206
3457,4.57374286095701,2.78320949451407
3458,2.64451505640484,1.46710978607141
3459,4.95979432685412,31.5519904414545
3460,15.0500948159587,8.79084432316242
3461,12.8775632881521,5.8390217543748
3462,16.2636795862018,1.48157110395427
3463,8.41007824291596,4.07277511089142
3464,5.19126547333279,11.7187419910255
3465,8.2987468626415,4.43890394319898
3466,3.42181911210573,2.45308121425679
3467,4.98563665083274,25.3363872869558
3468,6.18107738261905,4.2480669563325
3469,3.1747719680944,5.69307287342019
3470,3.53350533368772,13.5755783385687
3471,30.7441764533042,9.85375861058126
3472,2.15973180716908,1.62280660972749
3473,32.4923873730748,10.3118950459701
3474,2.34044848291561,2.95416735169782
3475,5.06360438561171,8.83115721797161
3476,5.57409453336001,3.59357362149172
3477,6.0099012368628,2.7721651671493
3478,9.61943533994751,2.22102784297824
3479,3.25748652846005,9.05757245819716
3480,6.12921780676946,11.6174984681428
3481,23.737857483573,4.24726356524388
3482,5.44795523258262,1.71641863123764
3483,3.80398414276756,3.25811719512656
3484,5.77545341062065,3.10316619450546
3485,2.74030750369379,4.67890275893284
3486,3.63604070371942,2.79729751718379
3487,13.0384407290751,2.05821632823996
3488,8.33444666626101,9.43584245709421
3489,9.26071918563366,2.3529436116952
3490,5.7913656190429,4.110493627119
3491,11.1499511582028,2.86141629753809
3492,21.3890057536662,7.7944733148102
3493,2.23281263809186,1.83062221999572
3494,6.5025644690925,7.22639762141181
3495,5.97276759952118,5.78832344747297
3496,17.3750267476441,1.49715282327945
3497,17.6684551735427,13.5397157589451
3498,10.8464315091908,1.02444997949106
3499,4.11713295297236,2.77109008296599
3500,8.77845498734976,3.80674364156063
3501,17.7472060840671,1.98579668971614
3502,5.44046972065364,5.70505071044641
3503,3.5441456880783,3.33268657522909
3504,17.182712181056,18.4194127360622
3505,8.05450657968851,2.27354785747122
3506,3.09089219841804,25.2529139085678
3507,1.33317066972472,2.09234777739522
3508,2.75020689885037,11.6899475714903
3509,1.41844575614955,5.30912477576798
3510,38.7694020193483,4.42108634848689
3511,12.012696104197,8.07962609475033
3512,11.6257048583394,2.82178513795473
3513,9.64435956859995,13.1989255961594
3514,6.49299461635927,18.7513142279651
3515,9.85118860411688,3.94073803475785
3516,14.4788078612364,13.7690243168858
3517,8.97443794149997,12.5750058112476
3518,3.13704340262018,3.08074916490842
3519,12.4712245792292,4.66102775742377
3520,31.3254219180895,9.38311262553202
3521,11.8263918038642,1.18461812769619
3522,8.91839780475555,5.82776519437776
3523,16.163921456877,3.65421436845282
3524,12.9044456521547,17.5484055161892
3525,51.7790658722683,18.8758365187351
3526,8.35337935335093,3.83337904673542
3527,3.23162468920767,3.92988761611949
3528,17.912039614426,13.8651742527919
3529,2.9094887293862,1.46871633952667
3530,5.7014584578425,4.42171564399831
3531,3.68551112236527,30.5006087929128
3532,2.55247478104514,15.8749792665499
3533,3.32080038580985,2.07923605400392
3534,8.18751997156237,3.44645498061887
3535,8.50120858977446,8.44292384414324
3536,5.07811979576997,2.36563722220852
3537,1.7607398816654,9.75093220619063
3538,2.78661770813941,3.26401616790414
3539,5.39482121714955,1.2817540275756
3540,9.07270728106733,9.3144650504326
3541,8.31664856709222,4.66829154048466
3542,2.37591697401221,7.12660562279934
3543,20.6990726175765,4.12999395539248
3544,5.43706282255507,14.0985846494992
3545,11.6945036553907,8.46237790100782
3546,10.4937376859615,10.4384167763945
3547,3.2694444575204,2.77815884803811
3548,6.7681884811572,2.62845678596955
3549,5.11796877661583,6.23041931946292
3550,12.3672900634663,3.84485547905048
3551,5.3455651303482,44.1861694905128
3552,41.624911488407,9.91745862897747
3553,1.73402612464206,1.55741680300721
3554,7.65023773097119,1.20733900545832
3555,13.5934741543623,5.05171550431667
3556,3.9445285533596,20.0190275694009
3557,13.0064876538039,20.8405512876409
3558,25.0670684631798,3.81780580188274
3559,8.8908411195907,4.24595289892807
3560,6.31229879568978,2.94852864375291
3561,11.8502685923096,4.05609197267074
3562,3.77243170901248,1.98497477614455
3563,3.67033419573969,3.05643543738197
3564,31.0357414513394,14.3370184818407
3565,3.3522951507877,8.92510394140291
3566,16.5389101018101,3.61732637506555
3567,7.91087085851037,3.1999873326612
3568,5.32004863165108,4.54397266752762
3569,12.5674730986291,0.584484571112141
3570,7.51342319316758,7.30554673294009
3571,4.4620795789934,4.4327366975732
3572,5.25242202692629,6.95553005318455
3573,18.0842350403377,4.47177611417148
3574,4.73535742852838,3.52432602842481
3575,3.7908837040767,0.875548783714971
3576,17.1657747174642,7.30402735176933
3577,1.86939353616116,2.15031306679887
3578,3.5361306079093,2.38209395583608
3579,5.27925414638041,17.996293581421
3580,22.2606861615409,3.50816137875642
3581,17.2321940035192,1.18969229188712
3582,1.19584226343162,2.68799591075853
3583,17.5631444520967,5.37289960844018
3584,2.27455866028946,14.8318197497012
3585,1.7496601150032,1.18605035475658
3586,14.3362219201213,5.56213770135587
3587,11.8649882284326,7.92667460817429
3588,10.4706225087193,4.84628129143439
3589,18.0443684768398,24.9561229769808
3590,1.92533331086853,10.0144619176203
3591,4.99300542704293,4.39203565293915
3592,4.63279436982032,0.347668171883115
3593,63.9234507073367,1.71301822513449
3594,9.07829071801767,6.33080039706879
3595,11.2230116310703,11.550138780886
3596,18.1546394279961,7.88051546570057
3597,8.71760365527621,7.66531171307038
3598,11.1286271079222,2.1665350982124
3599,4.26659140883812,12.3980864029142
3600,5.5172867123168,1.4086963703341
3601,5.77924028500323,5.22381178650357
3602,2.45115830505132,2.79765209077521
3603,13.7987129831029,16.3051938344658
3604,10.7722670264845,2.93916676239087
3605,6.77460564210035,1.89860822475469
3606,2.61897127020486,1.87847535248141
3607,8.95865356987136,10.3106518341844
3608,9.4426978610761,9.70760873302598
3609,1.96634327050937,4.83973606798355
3610,6.75462356084266,79.5947493672072
3611,14.616684441527,5.50925630049629
3612,5.06285977693967,5.89220957847638
3613,5.79620244640947,9.81155543819925
3614,4.7508676109881,2.09106924449173
3615,6.10215671798089,2.73951135209033
3616,4.79866817497958,6.21461369087107
3617,0.807042594774494,8.3346432153023
3618,9.08342036796247,2.78662561513741
3619,3.82989350515211,2.9860338400084
3620,20.198492404324,9.52238980204744
3621,10.9801979720055,0.972728075290856
3622,2.65905517282906,5.2586957125604
3623,4.76348794405597,15.4954577209626
3624,2.53009716490453,1.75926338880948
3625,12.8697949311681,26.4801747134963
3626,2.6091866959418,1.46657405102937
3627,2.74582779915365,5.2323170674068
3628,2.85978914997278,2.1659547717613
3629,10.9063340452058,29.1550495555306
3630,3.30140089976076,0.617787053141924
3631,27.1346288322813,49.7389322058989
3632,5.13902022082564,5.61727461581816
3633,16.0694732358693,2.20087070929972
3634,7.33651033652749,9.4542753379682
3635,14.2688709391617,4.61710431137106
3636,7.50749307701857,12.6606481100785
3637,6.90716857033732,11.2210455120874
3638,8.7545530935907,2.67130278696271
3639,4.47830127175782,3.25011491033393
3640,4.12697156418947,6.73864405505598
3641,4.0474702326679,7.09553076312458
3642,13.0514017721789,5.2648058081489
3643,9.82375819297141,2.64016359140958
3644,5.22079257785221,24.243295352069
3645,2.58842064538512,41.9882704632742
3646,3.45478429318897,10.7031659630936
3647,6.9935898033884,4.14310789036814
3648,8.09785783783306,17.8537904386454
3649,13.2873260565476,6.1179318913286
3650,43.4731666389612,1.05847251291907
3651,5.501958190629,3.8628149322572
3652,14.7856497380254,1.45919678368633
3653,5.52966117709293,3.65554376318962
3654,5.54496164890335,9.95219957926292
3655,17.0746778267003,2.2982146754324
3656,10.5278631807382,5.59554804777165
3657,2.03551607070146,33.8483517538942
3658,12.1274910223116,16.2343599287415
3659,8.73827677212036,10.9907054666403
3660,2.99774894279908,7.34921924493742
3661,5.41578200707496,5.49855277064098
3662,5.81941963774807,3.23485126006742
3663,2.157548005733,0.694818971930958
3664,15.7770855077931,7.33997889199483
3665,22.9267134653119,3.15217361550113
3666,5.5284345216076,7.22738036413866
3667,4.78604191099058,3.86833698404457
3668,14.5211758211584,8.54376917359983
3669,5.63717971168546,2.78476804277279
3670,4.78596315419211,7.05501254114683
3671,8.80305729745047,5.68401202130835
3672,7.60212406432828,5.7330322145735
3673,5.30770815932891,7.0263140797712
3674,6.42873740339106,4.68735506880189
3675,18.7706326364003,2.41851957393962
3676,7.10932336430649,11.3192440864254
3677,4.02527776611857,2.233623882024
3678,6.62356523877165,3.16287527761541
3679,5.53897662955511,4.3988957908727
3680,7.43171617793884,10.0219096964031
3681,2.40330252410731,0.549836302107797
3682,18.7342288666172,17.1183167656426
3683,2.95359575119637,45.0801576323227
3684,35.6278463348867,4.92057296429422
3685,7.76345426015402,1.1245827594414
3686,4.15838686417264,3.3797213035308
3687,10.2298723871451,4.65695041551903
3688,14.7455667032073,2.45270232776166
3689,23.8479987769992,8.88943731742206
3690,3.06842336513956,4.14447759156725
3691,10.287973065695,6.08769780136103
3692,2.08589641366177,5.09948337193661
3693,9.81281401499793,4.6262676705801
3694,10.6099338307354,22.8792344124467
3695,16.6920987720215,2.86326502818626
3696,1.00500798447392,8.71145712839392
3697,11.6610985867655,1.87614816837469
3698,19.2741996323022,1.45698881728303
3699,6.0548317648123,6.24464704389742
3700,7.3587545189954,5.35269222324685
3701,16.2585033382992,2.07296116152933
3702,6.93247716021733,2.39924968583237
3703,16.8994193633576,4.69429169908382
3704,3.28736128845582,6.82826923777021
3705,7.99805967977309,2.57305518190302
3706,6.82049584206307,3.58127526945795
3707,6.56410772919799,1.63096624045633
3708,4.92034320744363,4.68419716430924
3709,2.54866431630833,2.90551415882686
3710,0.642285242735041,3.57820099109449
3711,10.6086503009462,2.64821799538608
3712,4.16785232184419,2.22144788923858
3713,9.1510251367249,1.41514791029014
3714,16.4303503021321,2.23971555470955
3715,7.02096868494543,1.1658532597759
3716,13.31265362799,1.39128742915258
3717,2.54139610013672,8.06689771014621
3718,5.10271789700788,2.19898007743148
3719,9.76730439137421,4.81525985460619
3720,7.02861325766536,33.2214412279444
3721,6.57103198548766,0.994439811842365
3722,9.32703593021457,2.47356475381739
3723,4.61857741561142,2.45693228098255
3724,1.53793804094223,8.14298400229538
3725,14.2359268468391,4.32519019020054
3726,4.98029741996958,6.53566674832868
3727,0.623778275727342,4.34033645587361
3728,11.8838364261354,8.19129035135786
3729,4.68193388131053,1.1222361176909
3730,6.94924738578335,2.59766139567399
3731,2.06136479742227,5.54802666293051
3732,5.43214416741391,3.69411353431776
3733,8.49197009903407,6.52041135835123
3734,1.17695026341789,9.74450106682944
3735,2.39523663149461,4.47411203250574
3736,2.25069625109643,2.55572296156714
3737,2.91245696120849,5.91071896916798
3738,4.75063064348574,3.47596973936349
3739,6.25115592343321,2.22205130484549
3740,14.6762585438292,4.47250419677912
3741,15.9804322051725,12.2152879701105
3742,1.06802094522161,15.2419322751917
3743,10.3025510825826,6.06219189885523
3744,8.80386224231368,9.24256857893361
3745,8.80330286530626,8.72773905733319
3746,5.29129446067723,3.95398462810196
3747,47.4679456073919,8.5296556057795
3748,3.46164691974294,9.06771622004422
3749,1.41559323684455,8.55504801086964
3750,1.46669777496803,5.46202944818037
3751,3.63946219195444,8.90888502304067
3752,3.59334118021578,3.60897990584755
3753,5.27587770483227,5.86089063512423
3754,7.73973401022676,6.8665719078347
3755,3.43939639825832,12.2798289668351
3756,0.795198846970266,4.33064292551784
3757,13.5718531481209,4.90824429181525
3758,10.0994801499526,14.1812695881954
3759,3.11711713492935,11.7636775897156
3760,52.5348377736121,1.85068715528254
3761,0.376712120193441,2.17569358497562
3762,6.76124017614827,1.56579049568343
3763,11.4397234148103,16.4437511496801
3764,5.25763483255532,6.91265299168783
3765,27.5382847131049,5.64329700425648
3766,14.2347112380813,16.1908728884714
3767,9.81476944662901,2.40106094515272
3768,7.31589257499329,1.91134506406922
3769,1.38208371532578,2.50516368950821
3770,3.95480092167438,1.55186739384166
3771,2.97308023220419,49.996650649393
3772,6.87847369844513,1.43236411541459
3773,5.68121453557146,5.01832977933545
3774,8.12956818607328,1.73065565976325
3775,3.84905130165382,6.7464942312063
3776,3.15345675191698,33.688849921959
3777,1.01497620449033,0.992726832460352
3778,3.5350090859927,2.00442473805255
3779,3.58730772674174,9.28109569791311
3780,10.1369671410954,3.90268199543417
3781,2.64501609206555,7.55968187604845
3782,4.90914028500739,4.21882897055409
3783,7.36591090526829,3.30710033750084
3784,3.59250844571843,6.4462542099808
3785,9.45958074254975,20.103678830995
3786,14.7417930200982,2.45607851487251
3787,11.3949081193539,26.0252496942321
3788,5.78754871068472,4.73280376215494
3789,3.88307294938091,6.50682392753592
3790,5.65954994152557,2.72712617517479
3791,11.4177454742153,5.82421774618877
3792,5.49546266734421,4.67285828407989
3793,2.9702257242277,4.16481504160857
3794,2.67763663923027,11.820946436104
3795,1.70929738193865,1.95169326653954
3796,4.63506693715544,4.03220050240176
3797,3.65387982289849,3.17095845244803
3798,11.1313761097302,1.11543871445839
3799,1.90360346277273,2.96769606516466
3800,8.30003535737647,1.05995519888684
3801,3.8278939416278,3.84682658858995
3802,2.09356413836712,3.22590991672054
3803,21.1623405816706,12.1834697138725
3804,11.6657932719579,4.76508000445234
3805,1.99893167673359,7.60436678884986
3806,8.60340662153547,6.07454444967025
3807,2.41423938643534,9.24607520116529
3808,30.887093389315,2.51439014772985
3809,2.48974624016604,5.11359361850663
3810,5.16147758012821,5.07505496334677
3811,2.01816055124326,13.5043740342264
3812,64.7955250077091,1.31349835892208
3813,18.1048140553316,5.05997091139845
3814,5.43877705907133,4.91569952174578
3815,1.88751080869513,17.7722889709893
3816,1.96471634742668,78.6916245792463
3817,7.35540459856493,7.60885312110283
3818,2.12202834558627,9.3208245035259
3819,3.97287085704121,7.73260317500384
3820,10.4411158383121,1.37665910445733
3821,3.89839489156978,8.38063851507903
3822,3.54215670072319,4.42872552625975
3823,7.66022163231145,0.786764713161035
3824,8.51908664275926,6.40035416598828
3825,9.16273209720008,12.1383599607159
3826,4.07496805066646,5.51694305498242
3827,7.11681245540215,3.84924851873583
3828,4.81759081375706,2.7902755156529
3829,9.63287018362897,0.740787620207554
3830,25.2831564034511,33.9805314380067
3831,16.7308131657658,1.44663069097438
3832,4.92952322270687,4.50869191831307
3833,4.89493110429849,3.31921087328773
3834,12.919659095306,1.02778788284919
3835,12.6754373989026,5.94911102061785
3836,5.85895216197154,2.62398973030875
3837,4.0895889669346,26.3383739404344
3838,8.03305303449775,5.20536539656442
3839,11.5042769452342,4.54758714100519
3840,4.01527024256246,6.50541304723491
3841,5.59756522481591,4.60857019184335
3842,3.32889657274968,6.06120502327952
3843,12.8637502801028,2.11173788180676
3844,11.4366829671164,13.9625621277991
3845,8.96284202440259,9.33744191301763
3846,24.4237728688642,3.87092127473154
3847,3.6039949829151,4.14978464751288
3848,13.8211987097279,3.37612822425446
3849,11.491417654497,2.04478100025638
3850,21.6579323409757,1.51259290001443
3851,1.30141472340723,0.60693736164667
3852,8.75110855320213,7.18163102536584
3853,1.33981010714975,1.98367041178831
3854,1.39372690550556,2.59249774647608
3855,3.37606123476953,4.32483001779737
3856,10.4921093976194,11.3764716319062
3857,9.51941458309545,2.69770802261072
3858,30.4345633125119,6.81822463614889
3859,10.5487668350528,0.375966488223915
3860,12.396503881784,6.23376109680645
3861,8.0083568039829,2.96237787770405
3862,2.68285875120312,2.95881433504378
3863,10.4592247548572,3.6471212535644
3864,34.3517549339033,4.28371919615624
3865,9.7183733754566,3.54288831443742
3866,7.00472729048509,3.647828564797
3867,8.47643184443899,2.65674837425572
3868,4.79105216084918,15.2618024398185
3869,7.15294714094178,13.5669882217943
3870,86.9229564303211,10.4175553318326
3871,6.24383486560679,7.60243979645635
3872,23.1345602830191,5.46218147606106
3873,7.17144413576188,2.56153336163332
3874,4.05843156948001,5.33581236133099
3875,5.82296023940297,3.340909191354
3876,9.87346419840346,4.79478121032301
3877,3.68699099198277,2.4415053540741
3878,16.9577873311469,2.04421272002544
3879,1.6031541011638,21.1627395331275
3880,20.2663527359854,10.9051406782333
3881,4.56058527834137,15.4098758877588
3882,12.7249209943963,2.1407940030926
3883,6.1904325750274,1.80888820148678
3884,4.02396264134959,1.08406034519541
3885,32.4429016284884,10.5260181723355
3886,21.668546904386,10.6554902764677
3887,26.9165859376235,3.76445929917467
3888,22.7811987056905,10.1811036064968
3889,4.51038279643718,11.8170354775852
3890,8.12809999064944,3.80200555357615
3891,5.62836684519773,24.7348252719698
3892,4.68519659494764,16.2265526718633
3893,11.7727074815688,2.03954737669777
3894,7.35314757618955,12.5131982602592
3895,14.472037833817,5.22639225500099
3896,10.6644262620175,2.82662141926347
3897,1.75997183828294,2.05750265101577
3898,4.86220244589489,1.02567772079171
3899,3.24515745682152,14.0552380927804
3900,2.2558660244738,5.7862530220028
3901,2.1313678903995,10.2196906930505
3902,3.84578559617436,0.787030341102593
3903,16.9755197670878,2.68243399315926
3904,4.15121021719541,3.48873065299513
3905,15.3501981046282,0.834980670654476
3906,0.568551262478083,2.07374071527064
3907,6.9059119284267,3.96400663368809
3908,5.27670529525767,1.52707549929807
3909,10.0251129458311,2.25673269020376
3910,6.61164744332315,1.39409222823466
3911,13.0321576723515,5.50759110216001
3912,34.711040514224,2.6945033777122
3913,8.04555247672261,5.95252287880763
3914,33.7516705965301,1.73503235693778
3915,1.37701877391462,2.73747899653075
3916,7.10318033813643,11.9083478987139
3917,30.410880242147,35.6854385727616
3918,1.22450571236133,45.185276596352
3919,20.2812136306034,2.01872988264125
3920,5.46230391211135,1.48440831460658
3921,8.80656194136117,1.53895124029565
3922,4.82156569223118,25.9929344985093
3923,5.410539337063,0.606996892618436
3924,21.36092671049,4.4158849386836
3925,3.12574114440911,2.03066014427761
3926,5.15905392735679,18.2005327138737
3927,13.0608918550764,1.18500353255421
3928,36.755472157982,3.87583664847174
3929,8.49732283677202,9.5104792224501
3930,3.5444351938958,8.23819084133608
3931,2.87461351369069,2.12439951990009
3932,18.8554801917249,2.42545348180556
3933,4.03884491494837,1.18730823870923
3934,5.30915187770325,1.39108138979861
3935,5.89318254079416,28.2715993890799
3936,7.97129051392558,5.767745803599
3937,1.36214065241552,5.82505218153371
3938,5.55081491140134,1.68621411226373
3939,18.1113284543003,4.09905895894701
3940,4.35466891699763,6.45289076859559
3941,14.0161964534315,18.4650154014273
3942,10.0000437646079,1.58242598520526
3943,6.6817226850418,6.86165567481394
3944,2.35457469634652,7.89381117064791
3945,1.76579091722305,1.55858709742542
3946,3.8578642365647,19.0739647463214
3947,7.10785305463183,6.72928607554225
3948,3.75127532038183,3.10023927602685
3949,2.02550945159762,0.654240310114857
3950,3.35593266422523,5.35421839068651
3951,4.86412287671462,14.105486249828
3952,2.36883866414756,1.70247933279942
3953,1.71326506935242,4.90040016924915
3954,4.9778591850609,0.396250513385303
3955,12.1378025494691,9.27043681059545
3956,5.01608965694984,3.60767880019141
3957,2.93548805124889,3.74366230849623
3958,15.154099225688,3.82478247880258
3959,1.20992875733755,2.36324875632263
3960,21.3904861852022,6.85448346593358
3961,5.24747461539523,7.02037067813083
3962,4.9937686399079,9.84772147842393
3963,3.4268795415123,6.68676024248218
3964,2.89860261686789,1.87588064652761
3965,2.37606443331442,4.02804867345276
3966,3.13631075881563,22.3941659338134
3967,2.02180985917786,16.9086655444441
3968,7.50481594218401,7.96134198018731
3969,5.85823306110271,1.6640536147402
3970,15.3585630527101,1.37680382115436
3971,2.69859139889029,3.97669783624093
3972,20.7264834635276,2.21197329241681
3973,13.7878876042214,14.0530637660249
3974,4.31024291832601,8.20174614568493
3975,6.76387527723004,3.37999102614226
3976,0.620260184460169,3.79031491663265
3977,25.9593175463541,3.66767312074217
3978,10.6256647715819,6.36495874652663
3979,2.29104964664829,0.454393339018133
3980,3.8144295812827,7.8807487456229
3981,22.4348246214179,3.65142113315151
3982,4.88796085305346,4.35263519264219
3983,8.84400981825197,2.86009299925271
3984,13.3219590961207,5.60325572102386
3985,2.56272106096896,7.39613647009187
3986,22.1157521570227,0.535713008840264
3987,9.00127426857652,3.78083428697216
3988,8.38763414907611,2.06250209025238
3989,15.9012075794623,35.2184450848759
3990,3.6665805362666,3.15773806126159
3991,17.8994137622344,31.7896029750851
3992,5.17651020844543,3.5306987660143
3993,18.969529033819,0.649408598656636
3994,10.3644114041083,3.08514015615866
3995,0.776448962384122,19.8027838178112
3996,1.56691528881139,9.63335214700587
3997,3.09894668517251,12.3234465406455
3998,1.3735760550149,1.74800181316336
3999,4.21083104587604,2.63914885857715
4000,13.6592546672143,5.30505347842195
4001,1.40501805575375,1.13240904103111
4002,4.03937425837247,7.51515252312632
4003,3.18137527463543,1.5778225792036
4004,17.0985016161823,13.9777668560472
4005,12.6067403444049,8.99519091992484
4006,12.6081936781294,4.05224125342093
4007,6.32869915211082,2.7679336284358
4008,4.28514771612105,3.14509851493508
4009,5.8359523117222,5.64037319727605
4010,7.6642338600591,2.75180784026335
4011,4.45184515732226,1.18981344468346
4012,7.50603421682199,3.69280886556636
4013,10.2775422250842,3.2822892688144
4014,4.05082260468421,5.85025027239911
4015,2.36081473656024,2.40157080547744
4016,2.07031151181859,7.37801921674895
4017,7.73475336694134,2.78191327717501
4018,4.37544751895437,3.05757489918507
4019,3.81169288671165,4.86511143581326
4020,7.86767749839327,1.96532183327516
4021,4.02595565343905,18.2572309301069
4022,1.54731925725239,3.25371889166767
4023,3.98398423639906,3.31853783704726
4024,27.8795854037504,2.30325881033023
4025,7.07918051858802,5.99379484868149
4026,3.55079993959901,16.5344435666606
4027,13.6586633642161,9.65732892257635
4028,14.6449896354025,4.08914105280884
4029,6.43070330938808,7.71899004422089
4030,6.95861801681017,10.3717526373935
4031,11.0222366251613,10.0447208417371
4032,1.67794795644799,1.33307543777982
4033,14.1371041172807,1.08681511600753
4034,6.11513278530661,1.7298635399966
4035,3.9367967506875,2.95948906885306
4036,10.9712034494018,0.74582372564505
4037,27.641166281588,3.8094518409014
4038,13.57548862036,8.20879373257631
4039,7.4570437796565,2.20250918957571
4040,5.26151239496234,10.7330984710222
4041,18.1063002411235,6.3583209926009
4042,3.48122793542151,1.46583922469564
4043,1.54734210151116,3.34859960601026
4044,5.75963308800673,8.78757473167201
4045,2.09026679641206,0.497150293347404
4046,5.01901966874017,3.57579071111166
4047,5.06795533613962,30.7897895159182
4048,17.1418266585973,11.6849921640403
4049,5.74019604250084,3.26861347318781
4050,37.5291826080961,5.10470693935434
4051,5.95291032474334,5.40312111558544
4052,5.66339351101431,2.5899843371168
4053,2.65604864147351,19.8120923866164
4054,12.8400492588405,3.56978108619792
4055,7.49833258896864,1.38033401372655
4056,5.7013393969551,1.00126303114802
4057,13.7167791420772,4.31849429727123
4058,9.75211621204699,6.96693054875916
4059,14.4582283407472,3.53712331733907
4060,21.0784981926885,11.0920973639897
4061,1.74024696193351,5.14980269993465
4062,3.40378355606412,8.54381890304266
4063,2.34430706229846,4.98120085107317
4064,6.36830019378619,4.17036789638271
4065,2.204212373484,18.0025103346012
4066,1.9655554929812,32.1016268571731
4067,13.4115148638612,1.95258015934119
4068,4.54497799443901,2.69916765060229
4069,14.1229789658566,6.00326163361232
4070,28.6189247069207,5.09976385716403
4071,13.3661379017181,3.69694483055491
4072,4.65841346570291,1.70432273093668
4073,7.47360421552085,7.25721000175082
4074,117.341420894158,8.36278703271148
4075,1.79467348354491,4.75047271625761
4076,1.63921906587136,7.86168387314075
4077,6.17355557444487,9.02362705605393
4078,13.9669973641561,3.66665518007706
4079,18.4112988315268,16.7027037130201
4080,5.61349468141643,6.345675505286
4081,13.7477202817862,4.83130775947154
4082,17.712980417715,14.6237567467776
4083,4.4433896848275,5.45987740146984
4084,4.68046989777251,13.0386900561836
4085,3.31313477339817,2.32610857757646
4086,4.06436128678552,2.49876621348358
4087,2.71688819736498,3.52704171276225
4088,13.9546149133697,12.6730246072392
4089,7.27977368458775,3.05978119985616
4090,2.90503723664439,5.7229002882144
4091,6.33120909298477,10.8087366264841
4092,6.07232198050464,6.66346879296266
4093,3.97782735030668,5.10877717875349
4094,7.47698620998535,5.06911943844443
4095,13.8451526996473,16.1626595438046
4096,9.271852385908,1.66588402533898
4097,7.17383627202106,7.88210621654725
4098,3.22365054806646,2.13286149754393
4099,6.24717663801121,23.7424835439949
4100,3.47576987569571,9.60027609032563
4101,12.1237807321552,2.16870987810216
4102,3.77808309173691,3.0278484791385
4103,3.39550953777131,1.95248040286458
4104,10.8688800328679,13.2636227812794
4105,3.37760627518277,14.6753610630998
4106,8.91013024824903,8.18257888445597
4107,8.91633122883779,10.5809720793127
4108,5.83751116768181,2.5054051957081
4109,10.8641088569143,2.81459597987227
4110,7.05718460188298,2.82851258880245
4111,10.2191435773943,18.568047036235
4112,20.066754219643,8.15413069387398
4113,5.34675087485627,1.87433807460835
4114,7.58865460111047,11.5355203156519
4115,11.6054668376677,2.5804139654485
4116,3.41351432995393,4.64797374864778
4117,12.3433946421575,13.1214613948294
4118,5.84953155119137,3.9873943914517
4119,1.89528800205699,3.42172069347282
4120,9.44575950198825,3.23000627025792
4121,12.8708344152619,14.6695805013917
4122,4.87678846770749,6.07610018046953
4123,2.06451363264113,8.37788264656967
4124,3.1756479616241,6.60690473887339
4125,15.9968020150452,9.03912372955071
4126,6.15349509436618,4.79599267467615
4127,3.13786819505605,9.08073790868894
4128,1.62968044900868,2.48216207689512
4129,4.43095749763219,11.0238373507871
4130,4.03766403844361,4.73658526821132
4131,12.3690198278106,0.807879484742818
4132,4.27671686577252,2.30940917759197
4133,3.15890454406762,5.30144899035493
4134,13.2853511186715,5.64151367297979
4135,1.41161679918222,5.09310932491211
4136,3.12943621172699,7.27707896066574
4137,1.8014190807693,6.93025723224973
4138,16.7202863379645,16.8811311565512
4139,3.16511702762289,2.25145136966651
4140,4.35676418200884,13.62110914466
4141,5.19393791593966,5.367069905128
4142,23.1029424212444,6.77788438683163
4143,9.2933650317879,8.22231066689172
4144,4.34436611321971,2.43597061919268
4145,3.1638071992765,2.77422176313196
4146,22.5985416786876,13.5393163090367
4147,5.71288693319052,12.1683902237732
4148,12.5001395503918,1.92050412222198
4149,2.81510353228722,4.08023370338054
4150,12.5853827287835,6.01394149854179
4151,5.08660077982537,5.61747555864532
4152,2.5254087738713,17.6434455117467
4153,5.1212759765887,3.76477532885862
4154,13.651642858668,1.05233075086773
4155,8.4521400977866,17.0822442235771
4156,1.14584669559105,3.5516853740855
4157,6.48165218624073,1.99443619995548
4158,1.11966355210016,20.7415472528918
4159,5.50630701978431,2.45740050373484
4160,3.37430922841771,4.11462220197652
4161,48.0629252446645,77.2706445279849
4162,15.3049356925424,5.2226260345221
4163,5.2953604097121,3.63672677377584
4164,8.34970427062977,5.01403229776643
4165,2.42929462845559,1.32561423685061
4166,2.91379189618639,5.31946902445977
4167,17.5595491404322,3.59311789605129
4168,22.1046172297732,19.2856424869596
4169,4.83053533103725,19.0485156191132
4170,5.81317068093547,2.2481471345258
4171,1.8473901475945,1.78473372468343
4172,9.13637205030688,2.14790999693512
4173,2.57585159825928,3.31132946256619
4174,3.53634435173318,9.13156061763144
4175,19.668105790511,3.09971740436366
4176,2.0282694842768,27.4282347761083
4177,4.32158338888145,5.27988171770116
4178,12.4941659610637,5.30324489997228
4179,12.8136979961153,5.15995250533494
4180,21.7350344376483,1.27144058357519
4181,4.72479145279449,6.55816662441836
4182,7.80109126283126,3.97692170692858
4183,9.08687193554272,4.95873953689439
4184,1.14643294305658,5.56732634731454
4185,9.26133890660256,4.15483697475399
4186,17.3553312115997,13.2007391064054
4187,8.59225836023279,4.20976929565584
4188,39.6743101968259,21.6623037142252
4189,9.62146200013597,1.41949523287616
4190,6.5909490207773,18.3580973742343
4191,19.0382535708671,16.0939038583224
4192,21.108839162975,3.41722070588042
4193,31.4794311199687,12.3471845929661
4194,31.0886128145683,6.44269350166785
4195,9.64416280609793,7.38261345140523
4196,2.99755370061864,4.3084559352934
4197,14.8585148054222,3.63957497949378
4198,4.39728068111642,11.5391606320308
4199,1.77625588434306,79.483885250025
4200,1.02719599084889,11.400936609267
4201,13.438486176508,2.99977599811485
4202,2.02821626593294,4.40201355719049
4203,4.27529968926901,7.42142408326019
4204,9.57067952038395,9.8953124864534
4205,15.8751622064603,5.28656339213419
4206,12.2695731809029,6.14756639086813
4207,2.38548627334399,1.57958257758902
4208,3.21909928607427,7.78950605648564
4209,26.1784997740967,5.58286075195551
4210,5.2066930855785,1.70795906971694
4211,9.25129767796568,6.6668978725091
4212,10.4881056758161,5.21649413911933
4213,10.5927059803835,3.92024086582864
4214,13.0321758029749,2.69811899042764
4215,11.4826457408055,1.79171556309738
4216,1.53731834181091,5.35692256164691
4217,1.61007622336595,3.5231422786703
4218,23.0397599843905,3.85942850082056
4219,3.97257454661788,12.8392464082733
4220,3.32415445795564,6.40922063975432
4221,6.38976666666193,9.92779183132873
4222,5.05676523518276,7.82824794941972
4223,5.58479490859027,6.3669792218712
4224,8.02970727442066,6.84785683855226
4225,8.69772252217986,7.82257403214202
4226,2.68054675849054,15.0126588365233
4227,23.5198547298348,2.87526532472123
4228,6.84246369714067,2.14275568929253
4229,7.13566207245274,41.5171947560254
4230,30.5363144992242,8.06468517690352
4231,1.94886940825006,99.2602245160895
4232,2.91917551246285,3.23742106532037
4233,2.02690172717567,1.52303172293
4234,8.31454044070006,17.9256668018571
4235,7.91345392562849,4.79936551033224
4236,41.2063037552458,19.7035538526455
4237,18.6960921748825,2.62294374856352
4238,16.3444499992566,9.20876171393006
4239,5.80859421443022,8.26740691580224
4240,5.03593231105884,2.17926765912284
4241,0.585547554197879,26.0777906312417
4242,5.72936144187846,15.7251304042353
4243,4.30204772468541,3.84806439309789
4244,2.74484636401829,3.11581625895351
4245,10.9307312425878,8.34258001845339
4246,5.28092818952187,4.2427758298115
4247,1.10733469770133,4.50478444928629
4248,3.8966114973233,19.031504211521
4249,13.5134868413137,2.07292547287385
4250,7.04626086456986,16.0738355693174
4251,24.2813922506892,2.91532812970618
4252,7.53137067404562,2.5595406148463
4253,5.11398324404975,4.18838757881386
4254,13.6312461500472,8.30079517779126
4255,12.8183127907168,14.8538411171549
4256,6.22860782759003,18.7200744371124
4257,6.72034254362337,7.4065792659861
4258,2.27390085744787,9.78806760764039
4259,6.39832101732564,1.75814152493197
4260,7.24556975962154,6.59815543420373
4261,15.9215437733945,0.836358122499741
4262,2.87455490188558,7.66597709039425
4263,6.0204097661038,4.01007290577729
4264,6.12632477837232,4.31895184540403
4265,10.8336295615302,6.66483475399032
4266,8.87439299166089,1.68345655269185
4267,21.8543881783983,4.50883142664977
4268,3.62459150472827,11.8820475909146
4269,7.5444765259434,8.99420116405764
4270,2.87300768098942,4.96324794489022
4271,9.84828349461854,10.7122376524608
4272,7.27110094324319,1.49527166123009
4273,5.94135965424902,14.4939994345489
4274,8.19652856742714,6.0921524742744
4275,13.9806766059877,72.8841587700829
4276,3.39931124797144,27.3155986680594
4277,10.2485421773372,3.4139948853099
4278,2.33001815802714,1.87693032930236
4279,9.78030346378916,18.9385711645
4280,1.79168950198583,4.21075806175676
4281,6.28927846446423,4.5809262623763
4282,1.53907005712202,3.35939074636724
4283,14.2191152857436,6.45559065961353
4284,2.55323301739929,8.46132611971633
4285,6.29300354531419,7.69295388038135
4286,17.6384228513149,6.34375890602839
4287,3.29738906383381,2.47447677404612
4288,3.0790359667845,2.89677752683277
4289,2.07251130350032,1.99584951352799
4290,8.4911247357203,1.30977827252553
4291,7.78260630155699,4.24289692891092
4292,2.78520631067624,11.9789206631704
4293,12.931730824468,5.74987348847775
4294,3.84839187998889,11.2726001912279
4295,4.48774270219528,3.45759922584334
4296,2.54102423052325,24.5310955762224
4297,3.97210560422071,3.87353198426507
4298,7.28442882801797,5.2178104634468
4299,6.5550232110219,8.76413028619806
4300,4.49137453256478,6.62449181137339
4301,21.5014254253435,9.3889194186955
4302,10.5233429571403,6.28099613354627
4303,4.30841126528636,1.92376798253139
4304,2.13406504485636,10.1311259630537
4305,1.60490770569199,5.80561620713046
4306,8.05337339499414,4.48181037029326
4307,6.46603284265399,1.32601949591482
4308,12.8664501926966,4.14444545859994
4309,5.52989010001958,2.71862033934426
4310,22.1965037130773,4.53598047702129
4311,4.5619686733559,3.32862256251479
4312,5.56839517331043,3.9850586654477
4313,2.89216116728853,2.27258200344814
4314,6.60065931873453,27.7050578114386
4315,2.20900292635471,3.75535776810314
4316,1.34909932652633,10.4711638512402
4317,8.45136804288761,2.32513424681064
4318,7.10250175049627,3.49996236542279
4319,12.7375997543726,23.264883526404
4320,10.8697626647106,4.21135672400736
4321,16.9387297509517,6.35617258016372
4322,3.67728383762692,3.9427156112039
4323,1.81422020934364,4.19505318395948
4324,17.9011119795596,10.396643483589
4325,2.46363276534905,7.69557246507712
4326,3.4593795352856,6.84927947309139
4327,4.54038358409791,4.42428743659634
4328,5.90218426278903,3.89959512654378
4329,9.84913852218278,19.4427604527602
4330,5.39208396074388,1.68535798678589
4331,9.10513056067309,7.10729555431275
4332,11.0953051656909,7.27027167874432
4333,5.61336168284861,3.85664277826402
4334,4.91768716459438,5.59053822758733
4335,2.28581536926335,2.42957585267119
4336,5.21792511721276,6.03201009959986
4337,5.26761383170584,16.0994831232876
4338,8.69986474638242,4.4241682197666
4339,3.44160996467884,3.37687639962703
4340,6.25822356157025,4.85951708708708
4341,5.47700040012658,7.77716715312173
4342,2.65976693894562,1.08720978112827
4343,9.75438717612181,43.5502897301728
4344,11.8178665924863,9.1398370948141
4345,41.6192985519563,44.14717194658
4346,1.58974175743505,11.8497746557711
4347,3.14158137991372,3.59627687161983
4348,12.340058826272,4.01940108041092
4349,12.808394026379,44.4194428607976
4350,16.356854403411,1.79138894579522
4351,2.36220521329788,11.5451346678418
4352,8.89545623218982,6.17041536422009
4353,5.38548435206549,1.20720830069771
4354,4.39424234029181,1.31558363418285
4355,11.1931741695219,11.1702495951036
4356,3.78943933820886,2.45439320298127
4357,4.69061364377765,2.69417701876056
4358,1.04142856154238,6.91660288976647
4359,18.060127087105,1.31384798505193
4360,1.74980761598621,2.17958510355355
4361,2.75065562089036,4.30561367864989
4362,5.56915694286508,7.55013243955582
4363,46.2890368723897,6.69800725057494
4364,2.49123544892071,1.78642379323312
4365,9.56322790871523,16.7018365552439
4366,4.41997919555236,10.9061436560062
4367,23.6442128881795,7.78439533340317
4368,6.9479254385072,4.33823748670483
4369,17.9383541594236,14.6705975591379
4370,10.0752401096572,1.35836966858853
4371,7.25666226455971,0.667601832636411
4372,1.74691089721743,2.39813022647054
4373,1.44210075844336,8.08667904536991
4374,3.21488428218594,18.3091142028009
4375,5.14672687541941,6.67555493509614
4376,17.7123214998216,3.22549161692995
4377,10.6399046001034,2.48179180678747
4378,22.456606050595,6.29302076758933
4379,10.5977811410946,3.08379559504081
4380,3.51179283803415,1.03346270100396
4381,11.5896058899536,5.88688218450326
4382,3.40164463391363,3.75963035760083
4383,9.36553314483609,2.30099639533254
4384,10.3685894497265,18.5566570980295
4385,8.10163130095347,0.980447326558686
4386,13.6489723731065,4.85148986557704
4387,4.8743989002313,3.48759224852058
4388,21.6286551146694,10.2733768755937
4389,3.46762808370852,6.19133176752146
4390,5.56877648865493,4.4969666553016
4391,6.08921580815303,8.90679793124449
4392,2.48100909801929,7.86309329883942
4393,6.84794645139981,4.58543822307506
4394,20.2297172512564,1.42367568591614
4395,12.397762662152,3.84697032723454
4396,25.1233824262183,1.10288161220591
4397,2.70694314595868,7.14750973828271
4398,9.38169533300291,2.53414374292548
4399,7.00140272595127,19.6970386383825
4400,1.36341118328296,2.18574795629069
4401,2.28890536529721,32.0185669248001
4402,3.98456247509208,2.98956996388834
4403,5.16171436861942,10.2612679415762
4404,3.03671540585623,5.1833555880222
4405,1.35386033797452,1.88167457787248
4406,7.11354180237258,2.2288038145941
4407,13.3428402755666,5.86532654046919
4408,7.80318229202392,5.16001612224546
4409,1.52464179562819,4.85825443856135
4410,2.02430021246311,7.66323119114782
4411,3.27875157389799,0.787311813951136
4412,8.07079537833512,9.29140686895672
4413,7.76978457713532,4.48463345209978
4414,6.67889672075646,11.4098557051629
4415,2.03209332374051,1.09476448551897
4416,11.7431672645905,1.13653856119795
4417,12.05197809614,5.75134279110516
4418,1.86868953732728,4.09489320384175
4419,3.05281466091826,6.14514104197204
4420,7.44963922391155,22.4745430227916
4421,6.11478687383311,9.94605713981511
4422,3.43212770011984,9.10727182073872
4423,5.35579644055149,6.15230053088136
4424,3.27650565279722,4.70108925684315
4425,5.76307989924001,0.714861689533736
4426,2.3365594346701,12.7569798600743
4427,2.03390048321875,21.2087472448584
4428,10.1575724685413,6.90986164352396
4429,3.06014651810997,8.51891034339869
4430,5.68262806510851,3.11504614506771
4431,1.39097966693327,0.833296455216447
4432,15.0952767223276,2.07422361789641
4433,6.89692463189857,5.13545170004403
4434,5.18122146295586,1.56771433936037
4435,4.63514473930476,5.57201601828428
4436,4.97140376432432,3.28811188568401
4437,6.85935563447009,2.88818892124814
4438,2.15800649112831,4.80530943911679
4439,4.50058866957557,3.9357351609462
4440,3.59111696982106,2.42016640159845
4441,11.2752850886174,22.039672644807
4442,2.8458173063586,10.7162424603579
4443,6.65644559101139,3.87054226758831
4444,10.8916519696053,7.20578106436378
4445,1.50586981290222,14.9532333149389
4446,3.35341077363885,2.94237221757568
4447,0.804549624082105,6.25924794381333
4448,18.8924843455109,4.92986240840021
4449,35.3188356727669,2.88407587171643
4450,9.3859210215039,3.71335667150648
4451,4.74048350728285,2.71981908871338
4452,3.57006833071399,0.549279560497271
4453,8.01653356565489,24.2062289356663
4454,2.6843654567264,2.38902547024585
4455,6.75119284253234,14.428349051727
4456,6.44528085923053,2.84150284373634
4457,3.40562401498457,4.69614291789938
4458,3.22803669950311,1.70979645377413
4459,1.37745908556861,5.03728670209108
4460,10.9625646496301,13.3641669402416
4461,7.03883783198845,6.0057557750485
4462,39.1545649844667,2.68401816920049
4463,8.91433233948184,2.38251772442768
4464,5.75102434319898,7.02369626836615
4465,2.14397496776106,8.05544248065187
4466,9.87064342412678,18.7674880448656
4467,5.15136730808549,1.8154710668816
4468,4.66074081758781,2.35350671263854
4469,5.67304075651315,9.77044995721632
4470,10.3101116020372,3.36808516675951
4471,2.74726032032387,4.25853585214276
4472,7.33279415235825,2.50962007497246
4473,15.3277880399577,2.87720017249449
4474,1.69093568198935,3.74104249819283
4475,2.98258045040027,14.6668651465298
4476,5.07868785926801,1.60070435647528
4477,17.0495608395549,22.3919649895465
4478,2.22410608599124,5.03225626691729
4479,9.50369252810682,2.04339987400262
4480,13.0802321828436,5.54212352592439
4481,5.70890337418558,4.14503777402194
4482,20.5533022197196,3.52840305804679
4483,4.30268956008224,1.61315233571602
4484,2.04733754283867,1.93969227332207
4485,1.02612255863788,3.68465904655475
4486,12.3722421779639,13.6370522848615
4487,6.09515498717448,2.0589808196492
4488,5.14490588471482,9.02256433556545
4489,14.9941469908669,5.44989713283807
4490,9.91508656545185,2.87467257453051
4491,5.53333414610062,3.39210173961287
4492,4.87269446769056,7.99921735447924
4493,2.26902518278951,6.52394182457228
4494,15.6978874532822,2.12412519886826
4495,14.4177329366626,9.89347286779052
4496,3.96265207590254,16.8107793102874
4497,11.4694388775626,11.8674288865248
4498,14.0839121700627,6.47938463481308
4499,15.1702242880411,5.40817776635996
4500,10.8333398916128,5.66197718893328
4501,2.75027354098312,10.1907653777803
4502,4.20734061134823,7.45064920860725
4503,5.35047717837354,3.26004922418789
4504,1.95848366319258,1.87677090656469
4505,1.10038905403754,7.83063824506185
4506,25.1653440806295,7.1513468033436
4507,18.6470129374606,6.33863693232295
4508,7.10960475220858,5.89137590844242
4509,1.95073101106148,7.03405128361013
4510,22.2430970324069,1.42100463443851
4511,13.6921925888343,4.74814661789864
4512,13.4048574542974,5.43544550776598
4513,1.73713072713395,2.43346148365128
4514,4.74317077123751,5.58952097437719
4515,3.3746623477546,1.36613926765884
4516,2.19366139869968,3.74587563497125
4517,14.5784216172245,7.27363072320168
4518,62.6027128656887,4.02505140700062
4519,6.6096605261641,7.95867530988046
4520,6.37962256659146,0.557338971139497
4521,2.7483499349097,4.61425057708521
4522,20.0625247994918,6.90599392712246
4523,12.9725467534997,3.11939210692403
4524,20.7811521842344,1.55826832041586
4525,3.47666824074542,3.21210269383176
4526,26.3703632327586,1.59065262608547
4527,8.24660300717598,2.88651965143501
4528,11.4340695881417,9.62004980562039
4529,2.67916410333987,2.56272592215207
4530,1.17373764270713,5.08968457882326
4531,5.89622274102942,34.7577103930267
4532,17.8996479325306,1.81618341884623
4533,8.56850144475859,4.75803907716164
4534,4.81054618060978,9.86992770568159
4535,5.21354258949989,5.99362354879626
4536,9.6299856365398,5.28252055588468
4537,5.25388990831758,3.11031101212057
4538,23.8152339100444,2.56201996376235
4539,3.77481855407435,7.61505316318438
4540,2.38979383434655,7.61275326815218
4541,12.2615334973039,4.1612975802275
4542,5.40659234919552,9.8491126620666
4543,10.614160795751,53.2716487432614
4544,2.73271176308064,0.683197368471619
4545,3.4555099238078,0.666822191722709
4546,7.06840445650047,5.43597925719022
4547,14.9448573415814,3.37778286004653
4548,0.902409115831526,1.89244719482295
4549,9.47953248641966,8.38677070852381
4550,1.72456008036803,3.22482099399524
4551,3.75856700619067,2.08217506473438
4552,4.73713193166643,9.95715695126382
4553,3.63954678226244,7.83486326767239
4554,12.3474883620965,6.36146864743785
4555,13.8728815759334,9.17957846246818
4556,1.61329422205338,1.47293072050051
4557,12.6894900060605,1.97814781945311
4558,11.8858308517198,7.84623649641194
4559,8.99651994159499,3.62588297619184
4560,2.9296230607636,14.8705417906581
4561,88.2389253153,4.19629047372233
4562,2.58127577951493,4.52830427436716
4563,8.6593863431242,6.35607558003079
4564,29.7811413203498,7.26507342859929
4565,10.7149467770368,3.51627370946867
4566,4.80290102969539,14.8900941230962
4567,12.855071896359,2.45248176948443
4568,2.84906167203777,2.15075089115194
4569,4.51433175886787,3.26848650849438
4570,24.4694642008166,12.2054312033955
4571,1.16379000869819,3.07780087357706
4572,7.08332410575255,5.14170559248891
4573,4.66580380043271,5.31636806968244
4574,4.81239650946819,5.63356479228865
4575,4.59982470569403,3.80531003956721
4576,8.42907729656062,1.24069794505426
4577,3.37402044333765,5.32093504314704
4578,6.13847632249432,1.01717205651876
4579,2.03452874887094,10.3019512403217
4580,18.2851921095508,7.07966312812751
4581,4.5579323354011,1.55031804449702
4582,7.77133304930116,3.64507033413186
4583,12.9607729242178,6.54294977476742
4584,3.09084748161259,1.89138046819315
4585,1.13900979876587,11.13596856448
4586,3.21646277048859,4.74933495921601
4587,16.5838425133896,4.03565826467137
4588,12.4473529224553,3.49679052574556
4589,5.240268505814,3.84629101821988
4590,13.7197447918247,13.4471244681901
4591,1.25131300650386,5.21480998639037
4592,6.17424786499499,3.8390528961483
4593,2.6939054989351,7.24347077038942
4594,14.7267864795424,7.79693922737782
4595,6.45268618220671,10.7564224037839
4596,10.421876916446,2.22820966958352
4597,3.22533810272157,2.85383525673696
4598,15.2497626840786,5.92515271942225
4599,3.77764202404931,6.19001968009612
4600,10.1039740322071,5.12775617682049
4601,6.13248951828648,4.21638504706811
4602,9.45591889536598,4.05972483941995
4603,7.16747620996573,1.67188101099471
4604,8.54347141085323,3.12049672751536
4605,0.672017461664595,3.67293241781383
4606,10.8507218060046,5.33696304817348
4607,1.71506980686318,3.98463028824064
4608,6.0007131591865,9.90659619183546
4609,5.91903563876745,4.89078366259443
4610,21.5219896075806,2.73697094350291
4611,1.71511198928826,3.57582105595283
4612,10.2686283053227,18.3132834092675
4613,39.4620249741774,2.73926862248026
4614,0.449697355818257,2.7182377401436
4615,2.32116810995359,3.45568032223518
4616,18.9671224778552,3.84218842616399
4617,6.93892409065026,5.76801845590353
4618,21.5979314614973,7.09502945701526
4619,10.8026515859815,9.84095463671279
4620,1.32986996819057,12.1846370413093
4621,2.81367778741468,2.67765094074464
4622,20.2903702684287,21.0472899894877
4623,8.81980241647719,7.81075974997349
4624,5.37297898924543,1.14612275404669
4625,1.51677345735368,12.8126793847858
4626,16.763694254516,0.641801973809589
4627,2.37131264465351,7.48350416140947
4628,10.6862349828343,4.03050989232423
4629,4.2202616067317,0.973082521871465
4630,1.99057711443065,7.20391196805858
4631,2.99681076717969,3.47261866293038
4632,7.0978502711732,4.81199110294988
4633,3.67095960156095,2.2325745856708
4634,19.5458689005806,2.1482377531111
4635,3.86449640938095,3.06103651318353
4636,7.53487355281655,2.2386192606175
4637,19.6026908310672,15.9938285628462
4638,17.318081280186,4.47983032375198
4639,16.0114949875039,3.39386728599677
4640,1.57708366735289,4.35296070786899
4641,8.03501808065653,4.4804292648461
4642,3.89049144989979,15.0750370960773
4643,71.157058103126,9.4780249133014
4644,105.348592394161,5.17615682124894
4645,1.08508994135775,14.5454003037274
4646,5.14318301018744,3.4477431938661
4647,3.43293871378573,1.22746985022067
4648,11.1232129787337,6.23316769706378
4649,10.0274177997222,3.11615697561561
4650,1.96905905149556,3.20097863218493
4651,8.41927510924131,10.7958985300481
4652,7.51821273159972,21.792087507274
4653,3.75764297258306,4.843524534958
4654,8.60024625634063,1.13414660976715
4655,21.3411817136354,5.37917163308957
4656,13.986613176921,3.22474162575118
4657,19.3063172168565,11.9713277015857
4658,3.46617552510344,8.23519232288816
4659,14.5362173725971,6.70373319615329
4660,10.8401202552309,8.10772651340461
4661,9.40307956676127,5.30967584339149
4662,26.5179478915538,4.6246549424514
4663,2.10794749868422,11.7411076095424
4664,2.56973542924543,13.1843174168428
4665,11.1137238703184,3.23003813567562
4666,2.48977948487481,6.58261167056761
4667,6.61245817782468,1.54447529210241
4668,54.239776564204,3.06436583884294
4669,8.1647639450394,15.2793770352827
4670,6.47530324937166,7.54164173182806
4671,7.39038199138281,4.25231490328775
4672,18.9125312145431,22.3667088559954
4673,4.62803259085647,7.23166440303145
4674,4.16258452316457,12.510961942076
4675,15.213626615749,7.70003231033385
4676,4.6752677427299,5.0795708914202
4677,19.1711122477039,7.18160801405834
4678,7.18883053719294,5.1238733621017
4679,8.53420105886017,14.9423375058835
4680,1.64426899721437,17.2376410600174
4681,2.88870438917777,3.04792317083717
4682,4.20744539360515,4.55681056611613
4683,30.000408168607,1.54357858033353
4684,13.4074407983626,6.72273825878333
4685,3.54583323916746,7.50555649063456
4686,14.0712576994211,0.999414526967076
4687,15.06508591026,2.36262677067641
4688,8.34861630129532,43.7806124373606
4689,1.77559635431129,19.3368472327409
4690,16.3659034058553,11.9616918455191
4691,8.38468740416042,4.23429481295972
4692,3.98006113985467,9.28748865278011
4693,2.65077230712022,0.559304083289657
4694,3.32970226947957,1.65306705673405
4695,23.7550385182438,1.78770090568544
4696,13.3835267758304,2.10099151682322
4697,1.91647130708517,5.10402220485047
4698,25.6655427913527,8.58595609292845
4699,6.92337768012328,2.42051487081789
4700,10.0983804560692,14.164306655374
4701,32.612550900776,0.777995850156811
4702,1.08631310192898,1.66175003975775
4703,4.82583441071146,2.75629748621843
4704,6.12124946779552,6.96168744029989
4705,9.97144594132821,2.33592766583158
4706,5.42616445764773,2.52783727784313
4707,4.81370195274276,1.79681456760621
4708,17.9727598157536,6.69870747920352
4709,55.5181991554126,8.27579495740162
4710,8.26153785707075,17.1109347053141
4711,7.09927818980631,1.38433280213963
4712,15.0252710026523,5.53696905394608
4713,3.10955355560772,1.79831982750757
4714,6.97567256458002,17.6273089395593
4715,10.4974427008139,6.61146552107726
4716,49.3120138382287,5.07088334654174
4717,9.47461464909072,32.5896495115624
4718,5.72180132707524,4.23738686433306
4719,4.33786797498963,2.14253916526536
4720,2.2863017682035,17.8563874100543
4721,1.2511626685456,13.6570179600215
4722,5.64274062913271,2.75163719875708
4723,2.75767142244114,3.46674635251114
4724,9.37396686287966,2.8499167989176
4725,1.98405354603309,5.3320445198307
4726,4.71672587600616,1.5147919850415
4727,25.724348363708,11.3943606688129
4728,20.2130601663134,8.71373876361285
4729,10.6435961851139,1.66595896759808
4730,3.41618957182799,2.1344400451337
4731,4.1688308358849,6.42235468160119
4732,3.49059808752572,7.20863640946539
4733,2.39488528478879,4.18230600282509
4734,5.96696054254812,8.25894450559716
4735,2.14629947606402,1.0902484784233
4736,8.2720034963516,7.88639326041479
4737,4.10505933688813,2.41158447800207
4738,13.3349124946065,8.08574419858465
4739,33.0213936925866,13.4981567259447
4740,13.8046122435496,10.4104969093325
4741,5.61724379525539,4.79368570145066
4742,4.46494868016077,16.8879564536269
4743,34.976366991484,8.37178253434105
4744,10.8126709369593,4.18713483406523
4745,4.2803865963532,7.69509892232082
4746,5.03744305062635,3.74903402814793
4747,2.41547733600748,4.70845412959875
4748,6.63289177615674,0.993418059674675
4749,2.81399161721706,6.80245484007597
4750,7.36255116805923,1.27250893984258
4751,9.50632622718406,10.9505794540337
4752,4.616545117925,3.84321345200007
4753,11.3443051720864,1.45211171797753
4754,2.69678294198546,13.0736976626661
4755,8.75350191766584,3.61728537829518
4756,4.001269085327,10.8378290305135
4757,4.85587775803146,4.14723633800879
4758,9.14400282831498,1.25038694049274
4759,6.89923080016289,2.61893520819089
4760,12.9166175703069,0.959683708877674
4761,15.0687053829936,3.75147235355906
4762,3.17094148612209,1.52478413666604
4763,24.7814524531387,6.25147403762
4764,3.87846422449817,1.87503087595095
4765,3.54702870277227,5.68904480453216
4766,1.54250845275602,0.971461024228732
4767,1.8389391950094,8.00784659570628
4768,26.8975682105361,6.01087054539833
4769,6.09552631806122,15.5552115053815
4770,3.51786294624891,3.292200655387
4771,12.2242614577994,6.96439290061857
4772,14.997911090635,8.81633438053737
4773,6.98082807772946,2.27940868113747
4774,2.16772912267626,0.932112772314466
4775,4.20802381442463,7.85369643867055
4776,10.8146080899807,3.1717300660162
4777,7.11522935073015,14.8335628208625
4778,7.78016697497136,7.5315035310388
4779,15.4597922754733,5.14271432387203
4780,2.89424100477878,7.19202967805293
4781,4.19829540075879,4.45497393564476
4782,12.9110695957082,4.88829450845734
4783,7.0617749678214,4.3825388782408
4784,6.56831595168562,4.39711048847255
4785,2.6046139155586,2.4000019685401
4786,12.4953888861869,1.82813102679547
4787,6.72067730687213,4.8493490383145
4788,7.57430916259862,28.2057285458779
4789,3.93180177131499,1.53155851233277
4790,25.8692208037729,6.81590177450908
4791,5.99938452616067,4.94555742264511
4792,13.1604933082259,3.42210074485748
4793,16.3673032839577,2.314563303393
4794,3.60166846017163,5.86717450654479
4795,11.5933027956256,3.10009921281119
4796,2.99023553450578,2.85819181091047
4797,14.2741297186483,5.78720489127513
4798,3.84721681316752,11.2661673724137
4799,17.9191206669754,2.77257290592899
4800,8.8540161857851,21.8861893532044
4801,3.46055098105379,0.415665635316129
4802,8.61534345445506,12.7994029570988
4803,4.06107240271942,2.48133140806021
4804,8.96275179506056,6.99671306675332
4805,10.174526006461,23.4795952203589
4806,1.37535341511806,4.35964181023873
4807,8.56637047880857,6.93141969207391
4808,14.1719476357115,0.968526379149196
4809,12.6136081271968,4.05956085478432
4810,4.64981861614358,4.80108130908805
4811,2.27328187542411,1.1249805530572
4812,2.93993691316562,3.95613676181623
4813,7.85693112930177,2.1283235970377
4814,8.29735777364842,6.73312169913326
4815,2.5397906802472,2.46592871998022
4816,4.38381290958294,3.774993958646
4817,5.03555150824073,3.4659048299199
4818,9.85934018060825,6.0506235844114
4819,8.25928431837056,6.91141669394822
4820,4.98327939853455,15.7320032771671
4821,13.3006025275368,9.94631265729615
4822,7.69355011680436,4.8294291357209
4823,14.2252221001786,0.56655284709004
4824,3.71238347053111,8.68155993886755
4825,5.7474421505198,9.13797870805404
4826,4.52678509082985,1.84805082079702
4827,2.43832288345236,10.5853082824362
4828,12.9578838341187,9.56812642318168
4829,5.41995310459735,4.76755301573922
4830,1.83116099805256,2.56349382539669
4831,24.389318752395,4.68970464111879
4832,2.03145048042089,0.849850943097158
4833,7.55670514185431,3.35830492567428
4834,3.64857589575344,1.74697756397904
4835,4.56526018017305,3.93963538816887
4836,9.60242722717915,21.7684789771145
4837,1.91325171822428,6.21373299141169
4838,3.84746297674918,0.256369148121202
4839,3.50339741908506,7.97924494587353
4840,14.5997951054445,3.985530414379
4841,67.2070822633136,3.21564421240518
4842,4.34195118573376,5.7204472858019
4843,1.55117244053282,3.66929966842794
4844,0.73610935914111,10.0159602130228
4845,6.76074795978814,3.20634019234836
4846,3.35031368788376,8.46048374899647
4847,10.5403647253924,4.99374409418633
4848,12.5795579978934,1.63078103884762
4849,4.38489119729322,3.53384543036965
4850,6.54040858314497,3.27983238560208
4851,22.8025218488747,5.86887631478321
4852,4.08198999317657,2.66729987786762
4853,10.2629675278729,7.26015914742678
4854,10.1443617931679,10.7064738608245
4855,41.0205415916521,53.8784601715358
4856,2.97828188360073,3.60545144577731
4857,15.260966937571,29.7905763828575
4858,4.74219905398813,5.03457462190423
4859,3.59500320133939,14.7652192888375
4860,2.46297542428656,3.29931519257947
4861,10.012702517763,0.895031016987172
4862,3.69256774388316,2.36098635576539
4863,11.0401869366846,4.07719766889815
4864,3.99017021490865,14.6448842209898
4865,3.26727936524849,2.0116393029248
4866,9.50685639998601,7.82491166796402
4867,10.6285474078125,8.79749918282765
4868,4.88666282779574,7.06354491471928
4869,3.34298293258827,4.74959270352336
4870,18.5364816961116,4.87774963025949
4871,6.74710993816307,4.75552978324518
4872,17.5289068709885,64.9322210335668
4873,6.78383657619027,4.2175655749006
4874,12.1782116031811,1.73119140738499
4875,7.18640915003353,2.28880319880104
4876,79.4251021889446,4.19873992130965
4877,24.4329580806042,13.8209100111057
4878,6.25136117300656,3.03487673572547
4879,33.8124392089052,3.28684073084473
4880,45.6787436503196,5.81098651826651
4881,6.90652159215919,10.5275745506444
4882,4.46880698456632,5.86038659568411
4883,18.3938971671179,2.18811876459695
4884,9.39845120195454,1.70597763481455
4885,6.63143235045782,32.8160399747155
4886,36.1566451485705,8.12916843326782
4887,8.75343765098023,12.2886369412984
4888,8.4026487113687,2.10346316940503
4889,8.96568419238991,13.1594762731132
4890,1.21675817807257,2.48587159019223
4891,14.5398689416374,2.67136619350038
4892,3.7908713348015,0.295706807627626
4893,8.14500802383222,12.6303082137913
4894,1.87416891907373,4.70509767086508
4895,1.81984843380912,2.93159891123291
4896,18.2576532721699,6.79356536866233
4897,3.10535365823215,6.39387318203179
4898,7.64572004979733,26.8352523254036
4899,4.57700095819967,6.81164480454557
4900,4.24859438329864,4.13913860011909
4901,3.64889454518762,10.6408485559027
4902,5.81447821744919,6.01331156626367
4903,8.18374660316865,7.81566771825901
4904,23.1959393052705,3.08304574396106
4905,1.32431693430104,0.442429672781409
4906,28.7605656829242,3.87865653877401
4907,0.877986993735193,3.96431613465984
4908,2.38181600868198,5.156421812638
4909,11.1082417661346,16.0098469440395
4910,4.07925785067334,1.79551526889577
4911,4.60484654074626,17.5252212147078
4912,10.394433102636,4.96141382228317
4913,6.87101190953455,1.55386320394834
4914,3.96929940614577,4.40656346431918
4915,6.22310231969719,4.6874579127152
4916,15.3009122937372,1.06236744444829
4917,4.84688729631985,5.38731218518133
4918,2.45673378160475,5.63032494882424
4919,9.36871549099105,5.90919376750532
4920,4.74537991416322,3.61370990820149
4921,3.34000190514013,3.05467919154545
4922,47.7892778807138,7.92752823578548
4923,8.50018994933793,2.71317083622777
4924,6.74260667424518,1.79550135660865
4925,5.85285962579521,7.00797886094529
4926,14.8293230646238,6.02523419221168
4927,3.46453152237718,9.82743858686604
4928,19.1498686001575,2.97805791771611
4929,14.0260979637378,11.9997103556022
4930,2.80596968316852,4.11964967502367
4931,2.17030189496205,2.84068727262071
4932,10.113324133984,1.33564759794484
4933,6.06978952139672,9.15250457153333
4934,4.78396087573384,3.32633625465932
4935,6.38358049085299,3.26623892185166
4936,5.77397404033285,2.72419898791964
4937,1.6312906415576,1.89868098708058
4938,1.48260346944751,1.99209285354983
4939,16.1956473099569,5.39592721952598
4940,3.44792665622489,32.8481700716765
4941,2.50459516227334,5.08763088051585
4942,3.95870721926368,7.57383786916679
4943,5.65784550906678,3.35793052366041
4944,5.43618518529114,2.91818230937168
4945,9.11272626824011,5.31478094394535
4946,3.18216411595714,44.4431187609298
4947,2.3646284711116,2.72819870446546
4948,2.44788717395009,2.03407341760865
4949,7.81314719885844,2.26840303137271
4950,7.2708056525591,6.7889270669783
4951,17.8943986759208,0.792561184062479
4952,26.6066603892588,3.09798934341086
4953,7.71189269712969,5.37362624714874
4954,7.49314739597198,2.74940360792429
4955,2.77024546893644,5.65805788287602
4956,3.96693135720382,1.04640161796943
4957,10.4219520220938,29.4704494851393
4958,12.6121478069724,2.73109588777448
4959,3.95342973408165,3.94726471018981
4960,18.631642379176,2.30542274843103
4961,3.20572698395587,7.04701461522873
4962,17.694731692587,11.9162746335905
4963,2.973693279409,6.26313798245077
4964,3.99161739278925,0.989645416896041
4965,7.7095358419792,5.83021769612494
4966,15.6607110664548,2.89850039978078
4967,14.6297491284278,13.1238941688017
4968,5.57933061570837,9.85357300690928
4969,7.93305941521458,11.2948220077756
4970,1.84683480877379,2.14811319767516
4971,0.910882747045402,8.4654138779609
4972,14.2695744784835,4.26248053363076
4973,9.65782599328561,3.19319000131735
4974,13.3037675800391,4.03660632401531
4975,14.6380326779293,28.1129605557683
4976,10.4478124064304,13.2158713184354
4977,7.20248458763598,4.05794065399415
4978,15.9517444324879,8.7720852916953
4979,8.57485710080667,11.6975306612345
4980,13.4045308795636,11.4270027499649
4981,3.26932138758629,3.15965469137307
4982,8.90355369984289,3.72976621070569
4983,6.00602984242838,3.71367643345688
4984,14.3301010464464,6.03290205915792
4985,1.15494213801988,4.80781816750627
4986,5.6677357961241,4.59976637277674
4987,3.93954527662659,10.1339589624126
4988,17.0890726810021,1.84666555124532
4989,21.7912264076541,5.66314983969702
4990,6.20946749176295,2.79275098848622
4991,8.59344911783642,4.96594799900321
4992,1.59506664098903,4.01428703547555
4993,25.5935922892634,4.41437182961889
4994,3.20814066385832,5.75445856982462
4995,14.1464568847795,0.862431761318295
4996,7.10047678517723,4.27395737841073
4997,2.35212163284913,5.40668384404502
4998,7.09319907602336,4.46980630541474
4999,4.68447019063331,17.2683131393157
5000,8.24727772768883,8.90243350612203
